[2026-03-16T09:45:11.680+0000] {manager.py:469} INFO - Processing files using up to 2 processes at a time 
[2026-03-16T09:45:11.683+0000] {manager.py:470} INFO - Process each file at most once every 30 seconds
[2026-03-16T09:45:11.684+0000] {manager.py:471} INFO - Checking for new files in /opt/airflow/dags every 300 seconds
[2026-03-16T09:45:11.688+0000] {manager.py:738} INFO - Searching for files in /opt/airflow/dags
[2026-03-16T09:45:11.713+0000] {manager.py:741} INFO - There are 0 files in /opt/airflow/dags
[2026-03-16T09:50:12.137+0000] {manager.py:738} INFO - Searching for files in /opt/airflow/dags
[2026-03-16T09:50:12.279+0000] {manager.py:741} INFO - There are 0 files in /opt/airflow/dags
[2026-03-16T09:55:12.730+0000] {manager.py:738} INFO - Searching for files in /opt/airflow/dags
[2026-03-16T09:55:12.805+0000] {manager.py:741} INFO - There are 0 files in /opt/airflow/dags
[2026-03-16T10:00:13.098+0000] {manager.py:738} INFO - Searching for files in /opt/airflow/dags
[2026-03-16T10:00:13.145+0000] {manager.py:741} INFO - There are 0 files in /opt/airflow/dags
[2026-03-16T10:05:13.249+0000] {manager.py:738} INFO - Searching for files in /opt/airflow/dags
[2026-03-16T10:05:13.263+0000] {manager.py:741} INFO - There are 0 files in /opt/airflow/dags
[2026-03-16T10:10:13.346+0000] {manager.py:738} INFO - Searching for files in /opt/airflow/dags
[2026-03-16T10:10:13.376+0000] {manager.py:741} INFO - There are 0 files in /opt/airflow/dags
[2026-03-16T10:15:13.584+0000] {manager.py:738} INFO - Searching for files in /opt/airflow/dags
[2026-03-16T10:15:13.623+0000] {manager.py:741} INFO - There are 0 files in /opt/airflow/dags
[2026-03-16T10:20:13.723+0000] {manager.py:738} INFO - Searching for files in /opt/airflow/dags
[2026-03-16T10:20:13.739+0000] {manager.py:741} INFO - There are 0 files in /opt/airflow/dags
[2026-03-16T10:25:13.818+0000] {manager.py:738} INFO - Searching for files in /opt/airflow/dags
[2026-03-16T10:25:13.947+0000] {manager.py:741} INFO - There are 0 files in /opt/airflow/dags
[2026-03-16T10:44:51.775+0000] {manager.py:469} INFO - Processing files using up to 2 processes at a time 
[2026-03-16T10:44:51.780+0000] {manager.py:470} INFO - Process each file at most once every 30 seconds
[2026-03-16T10:44:51.783+0000] {manager.py:471} INFO - Checking for new files in /opt/airflow/dags every 300 seconds
[2026-03-16T10:44:51.785+0000] {manager.py:738} INFO - Searching for files in /opt/airflow/dags
[2026-03-16T10:44:51.822+0000] {manager.py:741} INFO - There are 0 files in /opt/airflow/dags
[2026-03-16T10:49:52.161+0000] {manager.py:738} INFO - Searching for files in /opt/airflow/dags
[2026-03-16T10:49:52.300+0000] {manager.py:741} INFO - There are 0 files in /opt/airflow/dags
[2026-03-16T10:54:52.608+0000] {manager.py:738} INFO - Searching for files in /opt/airflow/dags
[2026-03-16T10:54:52.626+0000] {manager.py:741} INFO - There are 0 files in /opt/airflow/dags
[2026-03-16T10:59:52.836+0000] {manager.py:738} INFO - Searching for files in /opt/airflow/dags
[2026-03-16T10:59:52.861+0000] {manager.py:741} INFO - There are 0 files in /opt/airflow/dags
[2026-03-16T11:04:52.966+0000] {manager.py:738} INFO - Searching for files in /opt/airflow/dags
[2026-03-16T11:04:52.983+0000] {manager.py:741} INFO - There are 0 files in /opt/airflow/dags
[2026-03-16T11:09:52.968+0000] {manager.py:738} INFO - Searching for files in /opt/airflow/dags
[2026-03-16T11:09:52.984+0000] {manager.py:741} INFO - There are 0 files in /opt/airflow/dags
[2026-03-16T11:14:53.074+0000] {manager.py:738} INFO - Searching for files in /opt/airflow/dags
[2026-03-16T11:14:53.090+0000] {manager.py:741} INFO - There are 0 files in /opt/airflow/dags
[2026-03-16T11:19:53.228+0000] {manager.py:738} INFO - Searching for files in /opt/airflow/dags
[2026-03-16T11:19:53.252+0000] {manager.py:741} INFO - There are 0 files in /opt/airflow/dags
[2026-03-16T11:24:53.298+0000] {manager.py:738} INFO - Searching for files in /opt/airflow/dags
[2026-03-16T11:24:53.316+0000] {manager.py:741} INFO - There are 0 files in /opt/airflow/dags
[2026-03-16T11:29:53.410+0000] {manager.py:738} INFO - Searching for files in /opt/airflow/dags
[2026-03-16T11:29:53.426+0000] {manager.py:741} INFO - There are 0 files in /opt/airflow/dags
[2026-03-16T11:34:54.354+0000] {manager.py:738} INFO - Searching for files in /opt/airflow/dags
[2026-03-16T11:34:54.388+0000] {manager.py:741} INFO - There are 0 files in /opt/airflow/dags
[2026-03-16T11:39:54.513+0000] {manager.py:738} INFO - Searching for files in /opt/airflow/dags
[2026-03-16T11:39:54.533+0000] {manager.py:741} INFO - There are 0 files in /opt/airflow/dags
[2026-03-16T11:44:55.265+0000] {manager.py:738} INFO - Searching for files in /opt/airflow/dags
[2026-03-16T11:44:55.438+0000] {manager.py:741} INFO - There are 0 files in /opt/airflow/dags
[2026-03-16T11:49:55.372+0000] {manager.py:738} INFO - Searching for files in /opt/airflow/dags
[2026-03-16T11:49:55.389+0000] {manager.py:741} INFO - There are 0 files in /opt/airflow/dags
[2026-03-16T11:54:56.279+0000] {manager.py:738} INFO - Searching for files in /opt/airflow/dags
[2026-03-16T11:54:56.349+0000] {manager.py:741} INFO - There are 0 files in /opt/airflow/dags
[2026-03-16T11:59:56.353+0000] {manager.py:738} INFO - Searching for files in /opt/airflow/dags
[2026-03-16T11:59:56.402+0000] {manager.py:741} INFO - There are 0 files in /opt/airflow/dags
[2026-03-16T12:04:57.248+0000] {manager.py:738} INFO - Searching for files in /opt/airflow/dags
[2026-03-16T12:04:57.266+0000] {manager.py:741} INFO - There are 0 files in /opt/airflow/dags
[2026-03-16T12:09:57.490+0000] {manager.py:738} INFO - Searching for files in /opt/airflow/dags
[2026-03-16T12:09:57.508+0000] {manager.py:741} INFO - There are 0 files in /opt/airflow/dags
[2026-03-16T12:14:58.278+0000] {manager.py:738} INFO - Searching for files in /opt/airflow/dags
[2026-03-16T12:14:58.308+0000] {manager.py:741} INFO - There are 0 files in /opt/airflow/dags
[2026-03-16T12:19:58.442+0000] {manager.py:738} INFO - Searching for files in /opt/airflow/dags
[2026-03-16T12:19:58.460+0000] {manager.py:741} INFO - There are 0 files in /opt/airflow/dags
[2026-03-16T12:24:59.407+0000] {manager.py:738} INFO - Searching for files in /opt/airflow/dags
[2026-03-16T12:24:59.432+0000] {manager.py:741} INFO - There are 0 files in /opt/airflow/dags
[2026-03-16T12:29:59.620+0000] {manager.py:738} INFO - Searching for files in /opt/airflow/dags
[2026-03-16T12:29:59.644+0000] {manager.py:741} INFO - There are 0 files in /opt/airflow/dags
[2026-03-16T12:34:59.820+0000] {manager.py:738} INFO - Searching for files in /opt/airflow/dags
[2026-03-16T12:34:59.836+0000] {manager.py:741} INFO - There are 0 files in /opt/airflow/dags
[2026-03-16T12:40:00.043+0000] {manager.py:738} INFO - Searching for files in /opt/airflow/dags
[2026-03-16T12:40:00.054+0000] {manager.py:741} INFO - There are 0 files in /opt/airflow/dags
[2026-03-16T12:45:00.231+0000] {manager.py:738} INFO - Searching for files in /opt/airflow/dags
[2026-03-16T12:45:00.251+0000] {manager.py:741} INFO - There are 0 files in /opt/airflow/dags
[2026-03-16T12:50:00.396+0000] {manager.py:738} INFO - Searching for files in /opt/airflow/dags
[2026-03-16T12:50:00.418+0000] {manager.py:741} INFO - There are 0 files in /opt/airflow/dags
[2026-03-16T12:55:00.407+0000] {manager.py:738} INFO - Searching for files in /opt/airflow/dags
[2026-03-16T12:55:00.425+0000] {manager.py:741} INFO - There are 0 files in /opt/airflow/dags
[2026-03-17T10:09:07.635+0000] {manager.py:469} INFO - Processing files using up to 2 processes at a time 
[2026-03-17T10:09:07.637+0000] {manager.py:470} INFO - Process each file at most once every 30 seconds
[2026-03-17T10:09:07.638+0000] {manager.py:471} INFO - Checking for new files in /opt/airflow/dags every 300 seconds
[2026-03-17T10:09:07.639+0000] {manager.py:738} INFO - Searching for files in /opt/airflow/dags
[2026-03-17T10:09:07.684+0000] {manager.py:741} INFO - There are 1 files in /opt/airflow/dags
[2026-03-17T10:09:08.099+0000] {manager.py:879} INFO - 
================================================================================
DAG File Processing Stats

File Path                            PID  Runtime      # DAGs    # Errors  Last Runtime    Last Run
---------------------------------  -----  ---------  --------  ----------  --------------  ----------
/opt/airflow/dags/ETL_pipeline.py    167  0.18s             0           0
================================================================================
[2026-03-17T10:09:38.525+0000] {manager.py:879} INFO - 
================================================================================
DAG File Processing Stats

File Path                            PID  Runtime      # DAGs    # Errors  Last Runtime    Last Run
---------------------------------  -----  ---------  --------  ----------  --------------  -------------------
/opt/airflow/dags/ETL_pipeline.py    172  0.03s             1           0  0.46s           2026-03-17T10:09:08
================================================================================
[2026-03-17T10:10:09.207+0000] {manager.py:879} INFO - 
================================================================================
DAG File Processing Stats

File Path                          PID    Runtime      # DAGs    # Errors  Last Runtime    Last Run
---------------------------------  -----  ---------  --------  ----------  --------------  -------------------
/opt/airflow/dags/ETL_pipeline.py                           1           0  4.51s           2026-03-17T10:09:42
================================================================================
[2026-03-17T10:10:39.538+0000] {manager.py:879} INFO - 
================================================================================
DAG File Processing Stats

File Path                          PID    Runtime      # DAGs    # Errors  Last Runtime    Last Run
---------------------------------  -----  ---------  --------  ----------  --------------  -------------------
/opt/airflow/dags/ETL_pipeline.py                           1           0  0.35s           2026-03-17T10:10:13
================================================================================
[2026-03-17T10:11:10.153+0000] {manager.py:879} INFO - 
================================================================================
DAG File Processing Stats

File Path                          PID    Runtime      # DAGs    # Errors  Last Runtime    Last Run
---------------------------------  -----  ---------  --------  ----------  --------------  -------------------
/opt/airflow/dags/ETL_pipeline.py                           1           0  0.35s           2026-03-17T10:10:44
================================================================================
[2026-03-17T10:11:40.273+0000] {manager.py:879} INFO - 
================================================================================
DAG File Processing Stats

File Path                          PID    Runtime      # DAGs    # Errors  Last Runtime    Last Run
---------------------------------  -----  ---------  --------  ----------  --------------  -------------------
/opt/airflow/dags/ETL_pipeline.py                           1           0  0.35s           2026-03-17T10:11:14
================================================================================
[2026-03-17T10:12:10.631+0000] {manager.py:879} INFO - 
================================================================================
DAG File Processing Stats

File Path                          PID    Runtime      # DAGs    # Errors  Last Runtime    Last Run
---------------------------------  -----  ---------  --------  ----------  --------------  -------------------
/opt/airflow/dags/ETL_pipeline.py                           1           0  1.16s           2026-03-17T10:11:46
================================================================================
[2026-03-17T10:12:41.108+0000] {manager.py:879} INFO - 
================================================================================
DAG File Processing Stats

File Path                          PID    Runtime      # DAGs    # Errors  Last Runtime    Last Run
---------------------------------  -----  ---------  --------  ----------  --------------  -------------------
/opt/airflow/dags/ETL_pipeline.py                           1           0  1.74s           2026-03-17T10:12:18
================================================================================
[2026-03-17T10:13:11.637+0000] {manager.py:879} INFO - 
================================================================================
DAG File Processing Stats

File Path                          PID    Runtime      # DAGs    # Errors  Last Runtime    Last Run
---------------------------------  -----  ---------  --------  ----------  --------------  -------------------
/opt/airflow/dags/ETL_pipeline.py                           1           0  1.95s           2026-03-17T10:12:50
================================================================================
[2026-03-17T10:13:41.953+0000] {manager.py:879} INFO - 
================================================================================
DAG File Processing Stats

File Path                          PID    Runtime      # DAGs    # Errors  Last Runtime    Last Run
---------------------------------  -----  ---------  --------  ----------  --------------  -------------------
/opt/airflow/dags/ETL_pipeline.py                           1           0  1.82s           2026-03-17T10:13:22
================================================================================
[2026-03-17T10:14:08.244+0000] {manager.py:738} INFO - Searching for files in /opt/airflow/dags
[2026-03-17T10:14:08.312+0000] {manager.py:741} INFO - There are 1 files in /opt/airflow/dags
[2026-03-17T10:14:12.415+0000] {manager.py:879} INFO - 
================================================================================
DAG File Processing Stats

File Path                          PID    Runtime      # DAGs    # Errors  Last Runtime    Last Run
---------------------------------  -----  ---------  --------  ----------  --------------  -------------------
/opt/airflow/dags/ETL_pipeline.py                           1           0  0.27s           2026-03-17T10:13:53
================================================================================
[2026-03-17T10:14:42.802+0000] {manager.py:879} INFO - 
================================================================================
DAG File Processing Stats

File Path                          PID    Runtime      # DAGs    # Errors  Last Runtime    Last Run
---------------------------------  -----  ---------  --------  ----------  --------------  -------------------
/opt/airflow/dags/ETL_pipeline.py                           1           0  0.22s           2026-03-17T10:14:23
================================================================================
[2026-03-17T10:15:13.192+0000] {manager.py:879} INFO - 
================================================================================
DAG File Processing Stats

File Path                          PID    Runtime      # DAGs    # Errors  Last Runtime    Last Run
---------------------------------  -----  ---------  --------  ----------  --------------  -------------------
/opt/airflow/dags/ETL_pipeline.py                           1           0  0.19s           2026-03-17T10:14:54
================================================================================
[2026-03-17T10:15:43.582+0000] {manager.py:879} INFO - 
================================================================================
DAG File Processing Stats

File Path                          PID    Runtime      # DAGs    # Errors  Last Runtime    Last Run
---------------------------------  -----  ---------  --------  ----------  --------------  -------------------
/opt/airflow/dags/ETL_pipeline.py                           1           0  0.24s           2026-03-17T10:15:24
================================================================================
[2026-03-17T10:16:13.872+0000] {manager.py:879} INFO - 
================================================================================
DAG File Processing Stats

File Path                          PID    Runtime      # DAGs    # Errors  Last Runtime    Last Run
---------------------------------  -----  ---------  --------  ----------  --------------  -------------------
/opt/airflow/dags/ETL_pipeline.py                           1           0  0.19s           2026-03-17T10:15:54
================================================================================
[2026-03-17T10:16:44.311+0000] {manager.py:879} INFO - 
================================================================================
DAG File Processing Stats

File Path                          PID    Runtime      # DAGs    # Errors  Last Runtime    Last Run
---------------------------------  -----  ---------  --------  ----------  --------------  -------------------
/opt/airflow/dags/ETL_pipeline.py                           1           0  0.19s           2026-03-17T10:16:25
================================================================================
[2026-03-17T10:17:14.601+0000] {manager.py:879} INFO - 
================================================================================
DAG File Processing Stats

File Path                          PID    Runtime      # DAGs    # Errors  Last Runtime    Last Run
---------------------------------  -----  ---------  --------  ----------  --------------  -------------------
/opt/airflow/dags/ETL_pipeline.py                           1           0  0.21s           2026-03-17T10:16:55
================================================================================
[2026-03-17T10:17:45.075+0000] {manager.py:879} INFO - 
================================================================================
DAG File Processing Stats

File Path                          PID    Runtime      # DAGs    # Errors  Last Runtime    Last Run
---------------------------------  -----  ---------  --------  ----------  --------------  -------------------
/opt/airflow/dags/ETL_pipeline.py                           1           0  0.21s           2026-03-17T10:17:25
================================================================================
[2026-03-17T10:18:15.356+0000] {manager.py:879} INFO - 
================================================================================
DAG File Processing Stats

File Path                          PID    Runtime      # DAGs    # Errors  Last Runtime    Last Run
---------------------------------  -----  ---------  --------  ----------  --------------  -------------------
/opt/airflow/dags/ETL_pipeline.py                           1           0  0.19s           2026-03-17T10:17:56
================================================================================
[2026-03-17T10:18:45.752+0000] {manager.py:879} INFO - 
================================================================================
DAG File Processing Stats

File Path                          PID    Runtime      # DAGs    # Errors  Last Runtime    Last Run
---------------------------------  -----  ---------  --------  ----------  --------------  -------------------
/opt/airflow/dags/ETL_pipeline.py                           1           0  0.20s           2026-03-17T10:18:26
================================================================================
[2026-03-17T10:19:08.339+0000] {manager.py:738} INFO - Searching for files in /opt/airflow/dags
[2026-03-17T10:19:08.377+0000] {manager.py:741} INFO - There are 1 files in /opt/airflow/dags
[2026-03-17T10:19:16.081+0000] {manager.py:879} INFO - 
================================================================================
DAG File Processing Stats

File Path                          PID    Runtime      # DAGs    # Errors  Last Runtime    Last Run
---------------------------------  -----  ---------  --------  ----------  --------------  -------------------
/opt/airflow/dags/ETL_pipeline.py                           1           0  0.35s           2026-03-17T10:18:57
================================================================================
[2026-03-17T10:19:46.714+0000] {manager.py:879} INFO - 
================================================================================
DAG File Processing Stats

File Path                          PID    Runtime      # DAGs    # Errors  Last Runtime    Last Run
---------------------------------  -----  ---------  --------  ----------  --------------  -------------------
/opt/airflow/dags/ETL_pipeline.py                           1           0  0.21s           2026-03-17T10:19:27
================================================================================
[2026-03-17T10:20:16.995+0000] {manager.py:879} INFO - 
================================================================================
DAG File Processing Stats

File Path                          PID    Runtime      # DAGs    # Errors  Last Runtime    Last Run
---------------------------------  -----  ---------  --------  ----------  --------------  -------------------
/opt/airflow/dags/ETL_pipeline.py                           1           0  0.20s           2026-03-17T10:19:58
================================================================================
[2026-03-17T10:20:47.466+0000] {manager.py:879} INFO - 
================================================================================
DAG File Processing Stats

File Path                          PID    Runtime      # DAGs    # Errors  Last Runtime    Last Run
---------------------------------  -----  ---------  --------  ----------  --------------  -------------------
/opt/airflow/dags/ETL_pipeline.py                           1           0  0.21s           2026-03-17T10:20:28
================================================================================
[2026-03-17T10:21:17.754+0000] {manager.py:879} INFO - 
================================================================================
DAG File Processing Stats

File Path                          PID    Runtime      # DAGs    # Errors  Last Runtime    Last Run
---------------------------------  -----  ---------  --------  ----------  --------------  -------------------
/opt/airflow/dags/ETL_pipeline.py                           1           0  0.30s           2026-03-17T10:20:58
================================================================================
[2026-03-17T10:21:48.306+0000] {manager.py:879} INFO - 
================================================================================
DAG File Processing Stats

File Path                          PID    Runtime      # DAGs    # Errors  Last Runtime    Last Run
---------------------------------  -----  ---------  --------  ----------  --------------  -------------------
/opt/airflow/dags/ETL_pipeline.py                           1           0  0.25s           2026-03-17T10:21:29
================================================================================
[2026-03-17T10:22:18.786+0000] {manager.py:879} INFO - 
================================================================================
DAG File Processing Stats

File Path                          PID    Runtime      # DAGs    # Errors  Last Runtime    Last Run
---------------------------------  -----  ---------  --------  ----------  --------------  -------------------
/opt/airflow/dags/ETL_pipeline.py                           1           0  0.23s           2026-03-17T10:21:59
================================================================================
[2026-03-17T10:22:49.075+0000] {manager.py:879} INFO - 
================================================================================
DAG File Processing Stats

File Path                          PID    Runtime      # DAGs    # Errors  Last Runtime    Last Run
---------------------------------  -----  ---------  --------  ----------  --------------  -------------------
/opt/airflow/dags/ETL_pipeline.py                           1           0  0.24s           2026-03-17T10:22:30
================================================================================
[2026-03-17T10:23:19.414+0000] {manager.py:879} INFO - 
================================================================================
DAG File Processing Stats

File Path                          PID    Runtime      # DAGs    # Errors  Last Runtime    Last Run
---------------------------------  -----  ---------  --------  ----------  --------------  -------------------
/opt/airflow/dags/ETL_pipeline.py                           1           0  0.21s           2026-03-17T10:23:00
================================================================================
[2026-03-17T10:23:49.822+0000] {manager.py:879} INFO - 
================================================================================
DAG File Processing Stats

File Path                          PID    Runtime      # DAGs    # Errors  Last Runtime    Last Run
---------------------------------  -----  ---------  --------  ----------  --------------  -------------------
/opt/airflow/dags/ETL_pipeline.py                           1           0  0.22s           2026-03-17T10:23:30
================================================================================
[2026-03-17T10:24:08.487+0000] {manager.py:738} INFO - Searching for files in /opt/airflow/dags
[2026-03-17T10:24:08.536+0000] {manager.py:741} INFO - There are 1 files in /opt/airflow/dags
[2026-03-17T10:24:20.143+0000] {manager.py:879} INFO - 
================================================================================
DAG File Processing Stats

File Path                          PID    Runtime      # DAGs    # Errors  Last Runtime    Last Run
---------------------------------  -----  ---------  --------  ----------  --------------  -------------------
/opt/airflow/dags/ETL_pipeline.py                           1           0  0.48s           2026-03-17T10:24:01
================================================================================
[2026-03-17T10:24:50.194+0000] {manager.py:879} INFO - 
================================================================================
DAG File Processing Stats

File Path                          PID    Runtime      # DAGs    # Errors  Last Runtime    Last Run
---------------------------------  -----  ---------  --------  ----------  --------------  -------------------
/opt/airflow/dags/ETL_pipeline.py                           1           0  0.23s           2026-03-17T10:24:32
================================================================================
[2026-03-17T10:25:20.436+0000] {manager.py:879} INFO - 
================================================================================
DAG File Processing Stats

File Path                          PID    Runtime      # DAGs    # Errors  Last Runtime    Last Run
---------------------------------  -----  ---------  --------  ----------  --------------  -------------------
/opt/airflow/dags/ETL_pipeline.py                           1           0  0.24s           2026-03-17T10:25:02
================================================================================
[2026-03-17T10:25:50.725+0000] {manager.py:879} INFO - 
================================================================================
DAG File Processing Stats

File Path                          PID    Runtime      # DAGs    # Errors  Last Runtime    Last Run
---------------------------------  -----  ---------  --------  ----------  --------------  -------------------
/opt/airflow/dags/ETL_pipeline.py                           1           0  0.26s           2026-03-17T10:25:32
================================================================================
[2026-03-17T10:26:20.872+0000] {manager.py:879} INFO - 
================================================================================
DAG File Processing Stats

File Path                          PID    Runtime      # DAGs    # Errors  Last Runtime    Last Run
---------------------------------  -----  ---------  --------  ----------  --------------  -------------------
/opt/airflow/dags/ETL_pipeline.py                           1           0  0.76s           2026-03-17T10:26:03
================================================================================
[2026-03-17T10:26:51.238+0000] {manager.py:879} INFO - 
================================================================================
DAG File Processing Stats

File Path                          PID    Runtime      # DAGs    # Errors  Last Runtime    Last Run
---------------------------------  -----  ---------  --------  ----------  --------------  -------------------
/opt/airflow/dags/ETL_pipeline.py                           1           0  0.89s           2026-03-17T10:26:34
================================================================================
[2026-03-17T10:27:21.455+0000] {manager.py:879} INFO - 
================================================================================
DAG File Processing Stats

File Path                          PID    Runtime      # DAGs    # Errors  Last Runtime    Last Run
---------------------------------  -----  ---------  --------  ----------  --------------  -------------------
/opt/airflow/dags/ETL_pipeline.py                           1           0  0.35s           2026-03-17T10:27:05
================================================================================
[2026-03-17T10:27:51.719+0000] {manager.py:879} INFO - 
================================================================================
DAG File Processing Stats

File Path                          PID    Runtime      # DAGs    # Errors  Last Runtime    Last Run
---------------------------------  -----  ---------  --------  ----------  --------------  -------------------
/opt/airflow/dags/ETL_pipeline.py                           1           0  0.31s           2026-03-17T10:27:35
================================================================================
[2026-03-17T10:28:22.306+0000] {manager.py:879} INFO - 
================================================================================
DAG File Processing Stats

File Path                          PID    Runtime      # DAGs    # Errors  Last Runtime    Last Run
---------------------------------  -----  ---------  --------  ----------  --------------  -------------------
/opt/airflow/dags/ETL_pipeline.py                           1           0  0.39s           2026-03-17T10:28:06
================================================================================
[2026-03-17T10:28:52.950+0000] {manager.py:879} INFO - 
================================================================================
DAG File Processing Stats

File Path                          PID    Runtime      # DAGs    # Errors  Last Runtime    Last Run
---------------------------------  -----  ---------  --------  ----------  --------------  -------------------
/opt/airflow/dags/ETL_pipeline.py                           1           0  0.20s           2026-03-17T10:28:36
================================================================================
[2026-03-17T10:29:08.912+0000] {manager.py:738} INFO - Searching for files in /opt/airflow/dags
[2026-03-17T10:29:08.978+0000] {manager.py:741} INFO - There are 1 files in /opt/airflow/dags
[2026-03-17T10:29:23.135+0000] {manager.py:879} INFO - 
================================================================================
DAG File Processing Stats

File Path                          PID    Runtime      # DAGs    # Errors  Last Runtime    Last Run
---------------------------------  -----  ---------  --------  ----------  --------------  -------------------
/opt/airflow/dags/ETL_pipeline.py                           1           0  0.73s           2026-03-17T10:29:03
================================================================================
[2026-03-17T10:29:53.625+0000] {manager.py:879} INFO - 
================================================================================
DAG File Processing Stats

File Path                          PID    Runtime      # DAGs    # Errors  Last Runtime    Last Run
---------------------------------  -----  ---------  --------  ----------  --------------  -------------------
/opt/airflow/dags/ETL_pipeline.py                           1           0  0.29s           2026-03-17T10:29:34
================================================================================
[2026-03-17T10:30:23.947+0000] {manager.py:879} INFO - 
================================================================================
DAG File Processing Stats

File Path                          PID    Runtime      # DAGs    # Errors  Last Runtime    Last Run
---------------------------------  -----  ---------  --------  ----------  --------------  -------------------
/opt/airflow/dags/ETL_pipeline.py                           1           0  0.24s           2026-03-17T10:30:04
================================================================================
[2026-03-17T10:30:54.404+0000] {manager.py:879} INFO - 
================================================================================
DAG File Processing Stats

File Path                          PID    Runtime      # DAGs    # Errors  Last Runtime    Last Run
---------------------------------  -----  ---------  --------  ----------  --------------  -------------------
/opt/airflow/dags/ETL_pipeline.py                           1           0  0.37s           2026-03-17T10:30:35
================================================================================
[2026-03-17T10:31:24.812+0000] {manager.py:879} INFO - 
================================================================================
DAG File Processing Stats

File Path                          PID    Runtime      # DAGs    # Errors  Last Runtime    Last Run
---------------------------------  -----  ---------  --------  ----------  --------------  -------------------
/opt/airflow/dags/ETL_pipeline.py                           1           0  0.19s           2026-03-17T10:31:05
================================================================================
[2026-03-17T10:31:55.095+0000] {manager.py:879} INFO - 
================================================================================
DAG File Processing Stats

File Path                          PID    Runtime      # DAGs    # Errors  Last Runtime    Last Run
---------------------------------  -----  ---------  --------  ----------  --------------  -------------------
/opt/airflow/dags/ETL_pipeline.py                           1           0  0.20s           2026-03-17T10:31:36
================================================================================
[2026-03-17T10:32:25.346+0000] {manager.py:879} INFO - 
================================================================================
DAG File Processing Stats

File Path                          PID    Runtime      # DAGs    # Errors  Last Runtime    Last Run
---------------------------------  -----  ---------  --------  ----------  --------------  -------------------
/opt/airflow/dags/ETL_pipeline.py                           1           0  0.44s           2026-03-17T10:32:19
================================================================================
[2026-03-17T10:32:55.848+0000] {manager.py:879} INFO - 
================================================================================
DAG File Processing Stats

File Path                          PID    Runtime      # DAGs    # Errors  Last Runtime    Last Run
---------------------------------  -----  ---------  --------  ----------  --------------  -------------------
/opt/airflow/dags/ETL_pipeline.py                           1           0  0.46s           2026-03-17T10:32:50
================================================================================
[2026-03-17T10:33:26.150+0000] {manager.py:879} INFO - 
================================================================================
DAG File Processing Stats

File Path                          PID    Runtime      # DAGs    # Errors  Last Runtime    Last Run
---------------------------------  -----  ---------  --------  ----------  --------------  -------------------
/opt/airflow/dags/ETL_pipeline.py                           1           0  1.42s           2026-03-17T10:33:22
================================================================================
[2026-03-17T10:33:56.426+0000] {manager.py:879} INFO - 
================================================================================
DAG File Processing Stats

File Path                          PID    Runtime      # DAGs    # Errors  Last Runtime    Last Run
---------------------------------  -----  ---------  --------  ----------  --------------  -------------------
/opt/airflow/dags/ETL_pipeline.py                           1           0  0.22s           2026-03-17T10:33:52
================================================================================
[2026-03-17T10:34:09.534+0000] {manager.py:738} INFO - Searching for files in /opt/airflow/dags
[2026-03-17T10:34:09.572+0000] {manager.py:741} INFO - There are 1 files in /opt/airflow/dags
[2026-03-17T10:34:26.875+0000] {manager.py:879} INFO - 
================================================================================
DAG File Processing Stats

File Path                          PID    Runtime      # DAGs    # Errors  Last Runtime    Last Run
---------------------------------  -----  ---------  --------  ----------  --------------  -------------------
/opt/airflow/dags/ETL_pipeline.py                           1           0  0.22s           2026-03-17T10:34:22
================================================================================
[2026-03-17T10:34:57.197+0000] {manager.py:879} INFO - 
================================================================================
DAG File Processing Stats

File Path                          PID    Runtime      # DAGs    # Errors  Last Runtime    Last Run
---------------------------------  -----  ---------  --------  ----------  --------------  -------------------
/opt/airflow/dags/ETL_pipeline.py                           1           0  0.20s           2026-03-17T10:34:53
================================================================================
[2026-03-17T10:35:27.592+0000] {manager.py:879} INFO - 
================================================================================
DAG File Processing Stats

File Path                          PID    Runtime      # DAGs    # Errors  Last Runtime    Last Run
---------------------------------  -----  ---------  --------  ----------  --------------  -------------------
/opt/airflow/dags/ETL_pipeline.py                           1           0  0.39s           2026-03-17T10:35:23
================================================================================
[2026-03-17T10:35:58.138+0000] {manager.py:879} INFO - 
================================================================================
DAG File Processing Stats

File Path                          PID    Runtime      # DAGs    # Errors  Last Runtime    Last Run
---------------------------------  -----  ---------  --------  ----------  --------------  -------------------
/opt/airflow/dags/ETL_pipeline.py                           1           0  0.20s           2026-03-17T10:35:54
================================================================================
[2026-03-17T10:36:28.578+0000] {manager.py:879} INFO - 
================================================================================
DAG File Processing Stats

File Path                          PID    Runtime      # DAGs    # Errors  Last Runtime    Last Run
---------------------------------  -----  ---------  --------  ----------  --------------  -------------------
/opt/airflow/dags/ETL_pipeline.py                           1           0  0.21s           2026-03-17T10:36:24
================================================================================
[2026-03-17T10:36:31.413+0000] {manager.py:451} INFO - Exiting gracefully upon receiving signal 15
[2026-03-17T10:43:41.731+0000] {manager.py:469} INFO - Processing files using up to 2 processes at a time 
[2026-03-17T10:43:41.748+0000] {manager.py:470} INFO - Process each file at most once every 30 seconds
[2026-03-17T10:43:41.766+0000] {manager.py:471} INFO - Checking for new files in /opt/airflow/dags every 300 seconds
[2026-03-17T10:43:41.769+0000] {manager.py:738} INFO - Searching for files in /opt/airflow/dags
[2026-03-17T10:43:41.860+0000] {manager.py:741} INFO - There are 1 files in /opt/airflow/dags
[2026-03-17T10:43:42.325+0000] {manager.py:879} INFO - 
================================================================================
DAG File Processing Stats

File Path                            PID  Runtime      # DAGs    # Errors  Last Runtime    Last Run
---------------------------------  -----  ---------  --------  ----------  --------------  ----------
/opt/airflow/dags/ETL_pipeline.py    165  0.24s             0           0
================================================================================
[2026-03-17T10:44:12.603+0000] {manager.py:879} INFO - 
================================================================================
DAG File Processing Stats

File Path                          PID    Runtime      # DAGs    # Errors  Last Runtime    Last Run
---------------------------------  -----  ---------  --------  ----------  --------------  -------------------
/opt/airflow/dags/ETL_pipeline.py                           1           0  0.67s           2026-03-17T10:43:42
================================================================================
[2026-03-17T10:44:42.893+0000] {manager.py:879} INFO - 
================================================================================
DAG File Processing Stats

File Path                          PID    Runtime      # DAGs    # Errors  Last Runtime    Last Run
---------------------------------  -----  ---------  --------  ----------  --------------  -------------------
/opt/airflow/dags/ETL_pipeline.py                           1           0  0.50s           2026-03-17T10:44:13
================================================================================
[2026-03-17T10:45:13.099+0000] {manager.py:879} INFO - 
================================================================================
DAG File Processing Stats

File Path                          PID    Runtime      # DAGs    # Errors  Last Runtime    Last Run
---------------------------------  -----  ---------  --------  ----------  --------------  -------------------
/opt/airflow/dags/ETL_pipeline.py                           1           0  0.49s           2026-03-17T10:45:06
================================================================================
[2026-03-17T10:45:43.468+0000] {manager.py:879} INFO - 
================================================================================
DAG File Processing Stats

File Path                          PID    Runtime      # DAGs    # Errors  Last Runtime    Last Run
---------------------------------  -----  ---------  --------  ----------  --------------  -------------------
/opt/airflow/dags/ETL_pipeline.py                           1           0  0.99s           2026-03-17T10:45:37
================================================================================
[2026-03-17T10:46:14.006+0000] {manager.py:879} INFO - 
================================================================================
DAG File Processing Stats

File Path                          PID    Runtime      # DAGs    # Errors  Last Runtime    Last Run
---------------------------------  -----  ---------  --------  ----------  --------------  -------------------
/opt/airflow/dags/ETL_pipeline.py                           1           0  1.54s           2026-03-17T10:46:10
================================================================================
[2026-03-17T10:46:44.046+0000] {manager.py:879} INFO - 
================================================================================
DAG File Processing Stats

File Path                          PID    Runtime      # DAGs    # Errors  Last Runtime    Last Run
---------------------------------  -----  ---------  --------  ----------  --------------  -------------------
/opt/airflow/dags/ETL_pipeline.py                           1           0  1.38s           2026-03-17T10:46:37
================================================================================
[2026-03-17T10:47:14.332+0000] {manager.py:879} INFO - 
================================================================================
DAG File Processing Stats

File Path                          PID    Runtime      # DAGs    # Errors  Last Runtime    Last Run
---------------------------------  -----  ---------  --------  ----------  --------------  -------------------
/opt/airflow/dags/ETL_pipeline.py                           1           0  0.66s           2026-03-17T10:47:08
================================================================================
[2026-03-17T10:47:44.343+0000] {manager.py:879} INFO - 
================================================================================
DAG File Processing Stats

File Path                          PID    Runtime      # DAGs    # Errors  Last Runtime    Last Run
---------------------------------  -----  ---------  --------  ----------  --------------  -------------------
/opt/airflow/dags/ETL_pipeline.py                           1           0  0.20s           2026-03-17T10:47:39
================================================================================
[2026-03-17T10:48:14.581+0000] {manager.py:879} INFO - 
================================================================================
DAG File Processing Stats

File Path                          PID    Runtime      # DAGs    # Errors  Last Runtime    Last Run
---------------------------------  -----  ---------  --------  ----------  --------------  -------------------
/opt/airflow/dags/ETL_pipeline.py                           1           0  0.33s           2026-03-17T10:48:09
================================================================================
[2026-03-17T10:48:42.038+0000] {manager.py:738} INFO - Searching for files in /opt/airflow/dags
[2026-03-17T10:48:42.100+0000] {manager.py:741} INFO - There are 1 files in /opt/airflow/dags
[2026-03-17T10:48:45.174+0000] {manager.py:879} INFO - 
================================================================================
DAG File Processing Stats

File Path                          PID    Runtime      # DAGs    # Errors  Last Runtime    Last Run
---------------------------------  -----  ---------  --------  ----------  --------------  -------------------
/opt/airflow/dags/ETL_pipeline.py                           1           0  0.45s           2026-03-17T10:48:40
================================================================================
[2026-03-17T10:49:15.722+0000] {manager.py:879} INFO - 
================================================================================
DAG File Processing Stats

File Path                          PID    Runtime      # DAGs    # Errors  Last Runtime    Last Run
---------------------------------  -----  ---------  --------  ----------  --------------  -------------------
/opt/airflow/dags/ETL_pipeline.py                           1           0  0.34s           2026-03-17T10:49:10
================================================================================
[2026-03-17T10:49:46.186+0000] {manager.py:879} INFO - 
================================================================================
DAG File Processing Stats

File Path                          PID    Runtime      # DAGs    # Errors  Last Runtime    Last Run
---------------------------------  -----  ---------  --------  ----------  --------------  -------------------
/opt/airflow/dags/ETL_pipeline.py                           1           0  0.44s           2026-03-17T10:49:41
================================================================================
[2026-03-17T10:50:16.752+0000] {manager.py:879} INFO - 
================================================================================
DAG File Processing Stats

File Path                          PID    Runtime      # DAGs    # Errors  Last Runtime    Last Run
---------------------------------  -----  ---------  --------  ----------  --------------  -------------------
/opt/airflow/dags/ETL_pipeline.py                           1           0  0.30s           2026-03-17T10:50:11
================================================================================
[2026-03-17T10:50:47.310+0000] {manager.py:879} INFO - 
================================================================================
DAG File Processing Stats

File Path                          PID    Runtime      # DAGs    # Errors  Last Runtime    Last Run
---------------------------------  -----  ---------  --------  ----------  --------------  -------------------
/opt/airflow/dags/ETL_pipeline.py                           1           0  0.30s           2026-03-17T10:50:42
================================================================================
[2026-03-17T10:51:17.715+0000] {manager.py:879} INFO - 
================================================================================
DAG File Processing Stats

File Path                          PID    Runtime      # DAGs    # Errors  Last Runtime    Last Run
---------------------------------  -----  ---------  --------  ----------  --------------  -------------------
/opt/airflow/dags/ETL_pipeline.py                           1           0  0.37s           2026-03-17T10:51:12
================================================================================
[2026-03-17T10:51:48.261+0000] {manager.py:879} INFO - 
================================================================================
DAG File Processing Stats

File Path                          PID    Runtime      # DAGs    # Errors  Last Runtime    Last Run
---------------------------------  -----  ---------  --------  ----------  --------------  -------------------
/opt/airflow/dags/ETL_pipeline.py                           1           0  0.41s           2026-03-17T10:51:43
================================================================================
[2026-03-17T10:52:18.840+0000] {manager.py:879} INFO - 
================================================================================
DAG File Processing Stats

File Path                          PID    Runtime      # DAGs    # Errors  Last Runtime    Last Run
---------------------------------  -----  ---------  --------  ----------  --------------  -------------------
/opt/airflow/dags/ETL_pipeline.py                           1           0  0.45s           2026-03-17T10:52:13
================================================================================
[2026-03-17T10:52:49.329+0000] {manager.py:879} INFO - 
================================================================================
DAG File Processing Stats

File Path                          PID    Runtime      # DAGs    # Errors  Last Runtime    Last Run
---------------------------------  -----  ---------  --------  ----------  --------------  -------------------
/opt/airflow/dags/ETL_pipeline.py                           1           0  0.59s           2026-03-17T10:52:43
================================================================================
[2026-03-17T10:53:19.467+0000] {manager.py:879} INFO - 
================================================================================
DAG File Processing Stats

File Path                          PID    Runtime      # DAGs    # Errors  Last Runtime    Last Run
---------------------------------  -----  ---------  --------  ----------  --------------  -------------------
/opt/airflow/dags/ETL_pipeline.py                           1           0  0.30s           2026-03-17T10:52:56
================================================================================
[2026-03-17T10:53:42.466+0000] {manager.py:738} INFO - Searching for files in /opt/airflow/dags
[2026-03-17T10:53:42.522+0000] {manager.py:741} INFO - There are 1 files in /opt/airflow/dags
[2026-03-17T10:53:49.701+0000] {manager.py:879} INFO - 
================================================================================
DAG File Processing Stats

File Path                          PID    Runtime      # DAGs    # Errors  Last Runtime    Last Run
---------------------------------  -----  ---------  --------  ----------  --------------  -------------------
/opt/airflow/dags/ETL_pipeline.py                           1           0  0.55s           2026-03-17T10:53:22
================================================================================
[2026-03-17T10:54:20.064+0000] {manager.py:879} INFO - 
================================================================================
DAG File Processing Stats

File Path                          PID    Runtime      # DAGs    # Errors  Last Runtime    Last Run
---------------------------------  -----  ---------  --------  ----------  --------------  -------------------
/opt/airflow/dags/ETL_pipeline.py                           1           0  0.87s           2026-03-17T10:53:53
================================================================================
[2026-03-17T10:54:50.326+0000] {manager.py:879} INFO - 
================================================================================
DAG File Processing Stats

File Path                          PID    Runtime      # DAGs    # Errors  Last Runtime    Last Run
---------------------------------  -----  ---------  --------  ----------  --------------  -------------------
/opt/airflow/dags/ETL_pipeline.py                           1           0  1.81s           2026-03-17T10:54:25
================================================================================
[2026-03-17T10:55:20.649+0000] {manager.py:879} INFO - 
================================================================================
DAG File Processing Stats

File Path                          PID    Runtime      # DAGs    # Errors  Last Runtime    Last Run
---------------------------------  -----  ---------  --------  ----------  --------------  -------------------
/opt/airflow/dags/ETL_pipeline.py                           1           0  0.57s           2026-03-17T10:54:56
================================================================================
[2026-03-17T10:55:51.062+0000] {manager.py:879} INFO - 
================================================================================
DAG File Processing Stats

File Path                          PID    Runtime      # DAGs    # Errors  Last Runtime    Last Run
---------------------------------  -----  ---------  --------  ----------  --------------  -------------------
/opt/airflow/dags/ETL_pipeline.py                           1           0  0.30s           2026-03-17T10:55:27
================================================================================
[2026-03-17T10:56:21.433+0000] {manager.py:879} INFO - 
================================================================================
DAG File Processing Stats

File Path                          PID    Runtime      # DAGs    # Errors  Last Runtime    Last Run
---------------------------------  -----  ---------  --------  ----------  --------------  -------------------
/opt/airflow/dags/ETL_pipeline.py                           1           0  0.28s           2026-03-17T10:55:57
================================================================================
[2026-03-17T10:56:51.861+0000] {manager.py:879} INFO - 
================================================================================
DAG File Processing Stats

File Path                          PID    Runtime      # DAGs    # Errors  Last Runtime    Last Run
---------------------------------  -----  ---------  --------  ----------  --------------  -------------------
/opt/airflow/dags/ETL_pipeline.py                           1           0  0.29s           2026-03-17T10:56:27
================================================================================
[2026-03-17T10:57:22.394+0000] {manager.py:879} INFO - 
================================================================================
DAG File Processing Stats

File Path                          PID    Runtime      # DAGs    # Errors  Last Runtime    Last Run
---------------------------------  -----  ---------  --------  ----------  --------------  -------------------
/opt/airflow/dags/ETL_pipeline.py                           1           0  0.51s           2026-03-17T10:56:58
================================================================================
[2026-03-17T10:57:52.757+0000] {manager.py:879} INFO - 
================================================================================
DAG File Processing Stats

File Path                          PID    Runtime      # DAGs    # Errors  Last Runtime    Last Run
---------------------------------  -----  ---------  --------  ----------  --------------  -------------------
/opt/airflow/dags/ETL_pipeline.py                           1           0  0.98s           2026-03-17T10:57:29
================================================================================
[2026-03-17T10:58:23.374+0000] {manager.py:879} INFO - 
================================================================================
DAG File Processing Stats

File Path                          PID    Runtime      # DAGs    # Errors  Last Runtime    Last Run
---------------------------------  -----  ---------  --------  ----------  --------------  -------------------
/opt/airflow/dags/ETL_pipeline.py                           1           0  0.29s           2026-03-17T10:58:00
================================================================================
[2026-03-17T10:58:42.702+0000] {manager.py:738} INFO - Searching for files in /opt/airflow/dags
[2026-03-17T10:58:42.785+0000] {manager.py:741} INFO - There are 1 files in /opt/airflow/dags
[2026-03-17T10:58:53.941+0000] {manager.py:879} INFO - 
================================================================================
DAG File Processing Stats

File Path                          PID    Runtime      # DAGs    # Errors  Last Runtime    Last Run
---------------------------------  -----  ---------  --------  ----------  --------------  -------------------
/opt/airflow/dags/ETL_pipeline.py                           1           0  0.35s           2026-03-17T10:58:30
================================================================================
[2026-03-17T10:59:24.398+0000] {manager.py:879} INFO - 
================================================================================
DAG File Processing Stats

File Path                          PID    Runtime      # DAGs    # Errors  Last Runtime    Last Run
---------------------------------  -----  ---------  --------  ----------  --------------  -------------------
/opt/airflow/dags/ETL_pipeline.py                           1           0  0.39s           2026-03-17T10:59:01
================================================================================
[2026-03-17T10:59:55.005+0000] {manager.py:879} INFO - 
================================================================================
DAG File Processing Stats

File Path                          PID    Runtime      # DAGs    # Errors  Last Runtime    Last Run
---------------------------------  -----  ---------  --------  ----------  --------------  -------------------
/opt/airflow/dags/ETL_pipeline.py                           1           0  0.39s           2026-03-17T10:59:32
================================================================================
[2026-03-17T11:00:25.664+0000] {manager.py:879} INFO - 
================================================================================
DAG File Processing Stats

File Path                          PID    Runtime      # DAGs    # Errors  Last Runtime    Last Run
---------------------------------  -----  ---------  --------  ----------  --------------  -------------------
/opt/airflow/dags/ETL_pipeline.py                           1           0  0.34s           2026-03-17T11:00:02
================================================================================
[2026-03-17T11:00:56.314+0000] {manager.py:879} INFO - 
================================================================================
DAG File Processing Stats

File Path                          PID    Runtime      # DAGs    # Errors  Last Runtime    Last Run
---------------------------------  -----  ---------  --------  ----------  --------------  -------------------
/opt/airflow/dags/ETL_pipeline.py                           1           0  0.29s           2026-03-17T11:00:33
================================================================================
[2026-03-17T11:01:26.855+0000] {manager.py:879} INFO - 
================================================================================
DAG File Processing Stats

File Path                          PID    Runtime      # DAGs    # Errors  Last Runtime    Last Run
---------------------------------  -----  ---------  --------  ----------  --------------  -------------------
/opt/airflow/dags/ETL_pipeline.py                           1           0  0.37s           2026-03-17T11:01:03
================================================================================
[2026-03-17T11:01:57.341+0000] {manager.py:879} INFO - 
================================================================================
DAG File Processing Stats

File Path                          PID    Runtime      # DAGs    # Errors  Last Runtime    Last Run
---------------------------------  -----  ---------  --------  ----------  --------------  -------------------
/opt/airflow/dags/ETL_pipeline.py                           1           0  0.37s           2026-03-17T11:01:34
================================================================================
[2026-03-17T11:02:27.912+0000] {manager.py:879} INFO - 
================================================================================
DAG File Processing Stats

File Path                          PID    Runtime      # DAGs    # Errors  Last Runtime    Last Run
---------------------------------  -----  ---------  --------  ----------  --------------  -------------------
/opt/airflow/dags/ETL_pipeline.py                           1           0  0.39s           2026-03-17T11:02:04
================================================================================
[2026-03-17T11:02:58.031+0000] {manager.py:879} INFO - 
================================================================================
DAG File Processing Stats

File Path                          PID    Runtime      # DAGs    # Errors  Last Runtime    Last Run
---------------------------------  -----  ---------  --------  ----------  --------------  -------------------
/opt/airflow/dags/ETL_pipeline.py                           1           0  0.31s           2026-03-17T11:02:37
================================================================================
[2026-03-17T11:03:28.245+0000] {manager.py:879} INFO - 
================================================================================
DAG File Processing Stats

File Path                          PID    Runtime      # DAGs    # Errors  Last Runtime    Last Run
---------------------------------  -----  ---------  --------  ----------  --------------  -------------------
/opt/airflow/dags/ETL_pipeline.py                           1           0  0.78s           2026-03-17T11:03:07
================================================================================
[2026-03-17T11:03:43.166+0000] {manager.py:738} INFO - Searching for files in /opt/airflow/dags
[2026-03-17T11:03:43.253+0000] {manager.py:741} INFO - There are 1 files in /opt/airflow/dags
[2026-03-17T11:03:58.712+0000] {manager.py:879} INFO - 
================================================================================
DAG File Processing Stats

File Path                          PID    Runtime      # DAGs    # Errors  Last Runtime    Last Run
---------------------------------  -----  ---------  --------  ----------  --------------  -------------------
/opt/airflow/dags/ETL_pipeline.py                           1           0  1.57s           2026-03-17T11:03:40
================================================================================
[2026-03-17T11:04:29.416+0000] {manager.py:879} INFO - 
================================================================================
DAG File Processing Stats

File Path                          PID    Runtime      # DAGs    # Errors  Last Runtime    Last Run
---------------------------------  -----  ---------  --------  ----------  --------------  -------------------
/opt/airflow/dags/ETL_pipeline.py                           1           0  2.28s           2026-03-17T11:04:13
================================================================================
[2026-03-17T11:04:59.631+0000] {manager.py:879} INFO - 
================================================================================
DAG File Processing Stats

File Path                          PID    Runtime      # DAGs    # Errors  Last Runtime    Last Run
---------------------------------  -----  ---------  --------  ----------  --------------  -------------------
/opt/airflow/dags/ETL_pipeline.py                           1           0  0.77s           2026-03-17T11:04:44
================================================================================
[2026-03-17T11:05:30.268+0000] {manager.py:879} INFO - 
================================================================================
DAG File Processing Stats

File Path                          PID    Runtime      # DAGs    # Errors  Last Runtime    Last Run
---------------------------------  -----  ---------  --------  ----------  --------------  -------------------
/opt/airflow/dags/ETL_pipeline.py                           1           0  0.95s           2026-03-17T11:05:15
================================================================================
[2026-03-17T11:06:00.345+0000] {manager.py:879} INFO - 
================================================================================
DAG File Processing Stats

File Path                          PID    Runtime      # DAGs    # Errors  Last Runtime    Last Run
---------------------------------  -----  ---------  --------  ----------  --------------  -------------------
/opt/airflow/dags/ETL_pipeline.py                           1           0  1.21s           2026-03-17T11:05:47
================================================================================
[2026-03-17T11:06:30.381+0000] {manager.py:879} INFO - 
================================================================================
DAG File Processing Stats

File Path                          PID    Runtime      # DAGs    # Errors  Last Runtime    Last Run
---------------------------------  -----  ---------  --------  ----------  --------------  -------------------
/opt/airflow/dags/ETL_pipeline.py                           1           0  0.61s           2026-03-17T11:06:18
================================================================================
[2026-03-17T11:07:00.639+0000] {manager.py:879} INFO - 
================================================================================
DAG File Processing Stats

File Path                          PID    Runtime      # DAGs    # Errors  Last Runtime    Last Run
---------------------------------  -----  ---------  --------  ----------  --------------  -------------------
/opt/airflow/dags/ETL_pipeline.py                           1           0  0.84s           2026-03-17T11:06:49
================================================================================
[2026-03-17T11:07:31.233+0000] {manager.py:879} INFO - 
================================================================================
DAG File Processing Stats

File Path                          PID    Runtime      # DAGs    # Errors  Last Runtime    Last Run
---------------------------------  -----  ---------  --------  ----------  --------------  -------------------
/opt/airflow/dags/ETL_pipeline.py                           1           0  1.05s           2026-03-17T11:07:20
================================================================================
[2026-03-17T11:08:01.584+0000] {manager.py:879} INFO - 
================================================================================
DAG File Processing Stats

File Path                          PID    Runtime      # DAGs    # Errors  Last Runtime    Last Run
---------------------------------  -----  ---------  --------  ----------  --------------  -------------------
/opt/airflow/dags/ETL_pipeline.py                           1           0  0.51s           2026-03-17T11:07:51
================================================================================
[2026-03-17T11:08:31.894+0000] {manager.py:879} INFO - 
================================================================================
DAG File Processing Stats

File Path                          PID    Runtime      # DAGs    # Errors  Last Runtime    Last Run
---------------------------------  -----  ---------  --------  ----------  --------------  -------------------
/opt/airflow/dags/ETL_pipeline.py                           1           0  0.60s           2026-03-17T11:08:22
================================================================================
[2026-03-17T11:08:43.997+0000] {manager.py:738} INFO - Searching for files in /opt/airflow/dags
[2026-03-17T11:08:44.041+0000] {manager.py:741} INFO - There are 1 files in /opt/airflow/dags
[2026-03-17T11:09:02.259+0000] {manager.py:879} INFO - 
================================================================================
DAG File Processing Stats

File Path                          PID    Runtime      # DAGs    # Errors  Last Runtime    Last Run
---------------------------------  -----  ---------  --------  ----------  --------------  -------------------
/opt/airflow/dags/ETL_pipeline.py                           1           0  0.32s           2026-03-17T11:08:53
================================================================================
[2026-03-17T11:09:32.862+0000] {manager.py:879} INFO - 
================================================================================
DAG File Processing Stats

File Path                          PID    Runtime      # DAGs    # Errors  Last Runtime    Last Run
---------------------------------  -----  ---------  --------  ----------  --------------  -------------------
/opt/airflow/dags/ETL_pipeline.py                           1           0  0.37s           2026-03-17T11:09:24
================================================================================
[2026-03-17T11:10:02.908+0000] {manager.py:879} INFO - 
================================================================================
DAG File Processing Stats

File Path                          PID    Runtime      # DAGs    # Errors  Last Runtime    Last Run
---------------------------------  -----  ---------  --------  ----------  --------------  -------------------
/opt/airflow/dags/ETL_pipeline.py                           1           0  0.38s           2026-03-17T11:09:54
================================================================================
[2026-03-17T11:10:32.930+0000] {manager.py:879} INFO - 
================================================================================
DAG File Processing Stats

File Path                          PID    Runtime      # DAGs    # Errors  Last Runtime    Last Run
---------------------------------  -----  ---------  --------  ----------  --------------  -------------------
/opt/airflow/dags/ETL_pipeline.py                           1           0  0.30s           2026-03-17T11:10:25
================================================================================
[2026-03-17T11:11:03.525+0000] {manager.py:879} INFO - 
================================================================================
DAG File Processing Stats

File Path                          PID    Runtime      # DAGs    # Errors  Last Runtime    Last Run
---------------------------------  -----  ---------  --------  ----------  --------------  -------------------
/opt/airflow/dags/ETL_pipeline.py                           1           0  0.55s           2026-03-17T11:10:55
================================================================================
[2026-03-17T11:11:34.128+0000] {manager.py:879} INFO - 
================================================================================
DAG File Processing Stats

File Path                          PID    Runtime      # DAGs    # Errors  Last Runtime    Last Run
---------------------------------  -----  ---------  --------  ----------  --------------  -------------------
/opt/airflow/dags/ETL_pipeline.py                           1           0  0.22s           2026-03-17T11:11:26
================================================================================
[2026-03-17T11:12:04.591+0000] {manager.py:879} INFO - 
================================================================================
DAG File Processing Stats

File Path                          PID    Runtime      # DAGs    # Errors  Last Runtime    Last Run
---------------------------------  -----  ---------  --------  ----------  --------------  -------------------
/opt/airflow/dags/ETL_pipeline.py                           1           0  0.22s           2026-03-17T11:11:56
================================================================================
[2026-03-17T11:12:34.876+0000] {manager.py:879} INFO - 
================================================================================
DAG File Processing Stats

File Path                          PID    Runtime      # DAGs    # Errors  Last Runtime    Last Run
---------------------------------  -----  ---------  --------  ----------  --------------  -------------------
/opt/airflow/dags/ETL_pipeline.py                           1           0  0.23s           2026-03-17T11:12:27
================================================================================
[2026-03-17T11:13:05.354+0000] {manager.py:879} INFO - 
================================================================================
DAG File Processing Stats

File Path                          PID    Runtime      # DAGs    # Errors  Last Runtime    Last Run
---------------------------------  -----  ---------  --------  ----------  --------------  -------------------
/opt/airflow/dags/ETL_pipeline.py                           1           0  0.20s           2026-03-17T11:12:57
================================================================================
[2026-03-17T11:13:35.650+0000] {manager.py:879} INFO - 
================================================================================
DAG File Processing Stats

File Path                          PID    Runtime      # DAGs    # Errors  Last Runtime    Last Run
---------------------------------  -----  ---------  --------  ----------  --------------  -------------------
/opt/airflow/dags/ETL_pipeline.py                           1           0  0.20s           2026-03-17T11:13:27
================================================================================
[2026-03-17T11:13:44.731+0000] {manager.py:738} INFO - Searching for files in /opt/airflow/dags
[2026-03-17T11:13:44.765+0000] {manager.py:741} INFO - There are 1 files in /opt/airflow/dags
[2026-03-17T11:14:06.081+0000] {manager.py:879} INFO - 
================================================================================
DAG File Processing Stats

File Path                          PID    Runtime      # DAGs    # Errors  Last Runtime    Last Run
---------------------------------  -----  ---------  --------  ----------  --------------  -------------------
/opt/airflow/dags/ETL_pipeline.py                           1           0  0.23s           2026-03-17T11:13:58
================================================================================
[2026-03-17T11:14:36.510+0000] {manager.py:879} INFO - 
================================================================================
DAG File Processing Stats

File Path                          PID    Runtime      # DAGs    # Errors  Last Runtime    Last Run
---------------------------------  -----  ---------  --------  ----------  --------------  -------------------
/opt/airflow/dags/ETL_pipeline.py                           1           0  0.24s           2026-03-17T11:14:28
================================================================================
[2026-03-17T11:15:06.842+0000] {manager.py:879} INFO - 
================================================================================
DAG File Processing Stats

File Path                          PID    Runtime      # DAGs    # Errors  Last Runtime    Last Run
---------------------------------  -----  ---------  --------  ----------  --------------  -------------------
/opt/airflow/dags/ETL_pipeline.py                           1           0  0.20s           2026-03-17T11:14:58
================================================================================
[2026-03-17T11:15:37.236+0000] {manager.py:879} INFO - 
================================================================================
DAG File Processing Stats

File Path                          PID    Runtime      # DAGs    # Errors  Last Runtime    Last Run
---------------------------------  -----  ---------  --------  ----------  --------------  -------------------
/opt/airflow/dags/ETL_pipeline.py                           1           0  0.21s           2026-03-17T11:15:29
================================================================================
[2026-03-17T11:16:07.550+0000] {manager.py:879} INFO - 
================================================================================
DAG File Processing Stats

File Path                          PID    Runtime      # DAGs    # Errors  Last Runtime    Last Run
---------------------------------  -----  ---------  --------  ----------  --------------  -------------------
/opt/airflow/dags/ETL_pipeline.py                           1           0  0.20s           2026-03-17T11:15:59
================================================================================
[2026-03-17T11:16:37.956+0000] {manager.py:879} INFO - 
================================================================================
DAG File Processing Stats

File Path                          PID    Runtime      # DAGs    # Errors  Last Runtime    Last Run
---------------------------------  -----  ---------  --------  ----------  --------------  -------------------
/opt/airflow/dags/ETL_pipeline.py                           1           0  0.20s           2026-03-17T11:16:29
================================================================================
[2026-03-17T11:17:08.257+0000] {manager.py:879} INFO - 
================================================================================
DAG File Processing Stats

File Path                          PID    Runtime      # DAGs    # Errors  Last Runtime    Last Run
---------------------------------  -----  ---------  --------  ----------  --------------  -------------------
/opt/airflow/dags/ETL_pipeline.py                           1           0  0.31s           2026-03-17T11:17:00
================================================================================
[2026-03-17T11:17:38.818+0000] {manager.py:879} INFO - 
================================================================================
DAG File Processing Stats

File Path                          PID    Runtime      # DAGs    # Errors  Last Runtime    Last Run
---------------------------------  -----  ---------  --------  ----------  --------------  -------------------
/opt/airflow/dags/ETL_pipeline.py                           1           0  0.26s           2026-03-17T11:17:31
================================================================================
[2026-03-17T11:18:09.362+0000] {manager.py:879} INFO - 
================================================================================
DAG File Processing Stats

File Path                          PID    Runtime      # DAGs    # Errors  Last Runtime    Last Run
---------------------------------  -----  ---------  --------  ----------  --------------  -------------------
/opt/airflow/dags/ETL_pipeline.py                           1           0  0.21s           2026-03-17T11:18:01
================================================================================
[2026-03-17T11:18:39.861+0000] {manager.py:879} INFO - 
================================================================================
DAG File Processing Stats

File Path                          PID    Runtime      # DAGs    # Errors  Last Runtime    Last Run
---------------------------------  -----  ---------  --------  ----------  --------------  -------------------
/opt/airflow/dags/ETL_pipeline.py                           1           0  0.21s           2026-03-17T11:18:31
================================================================================
[2026-03-17T11:18:44.922+0000] {manager.py:738} INFO - Searching for files in /opt/airflow/dags
[2026-03-17T11:18:44.963+0000] {manager.py:741} INFO - There are 1 files in /opt/airflow/dags
[2026-03-17T11:19:10.225+0000] {manager.py:879} INFO - 
================================================================================
DAG File Processing Stats

File Path                          PID    Runtime      # DAGs    # Errors  Last Runtime    Last Run
---------------------------------  -----  ---------  --------  ----------  --------------  -------------------
/opt/airflow/dags/ETL_pipeline.py                           1           0  0.23s           2026-03-17T11:19:02
================================================================================
[2026-03-17T11:19:40.727+0000] {manager.py:879} INFO - 
================================================================================
DAG File Processing Stats

File Path                          PID    Runtime      # DAGs    # Errors  Last Runtime    Last Run
---------------------------------  -----  ---------  --------  ----------  --------------  -------------------
/opt/airflow/dags/ETL_pipeline.py                           1           0  0.29s           2026-03-17T11:19:32
================================================================================
[2026-03-17T11:20:11.029+0000] {manager.py:879} INFO - 
================================================================================
DAG File Processing Stats

File Path                          PID    Runtime      # DAGs    # Errors  Last Runtime    Last Run
---------------------------------  -----  ---------  --------  ----------  --------------  -------------------
/opt/airflow/dags/ETL_pipeline.py                           1           0  0.22s           2026-03-17T11:20:03
================================================================================
[2026-03-17T11:20:41.451+0000] {manager.py:879} INFO - 
================================================================================
DAG File Processing Stats

File Path                          PID    Runtime      # DAGs    # Errors  Last Runtime    Last Run
---------------------------------  -----  ---------  --------  ----------  --------------  -------------------
/opt/airflow/dags/ETL_pipeline.py                           1           0  0.22s           2026-03-17T11:20:33
================================================================================
[2026-03-17T11:21:11.744+0000] {manager.py:879} INFO - 
================================================================================
DAG File Processing Stats

File Path                          PID    Runtime      # DAGs    # Errors  Last Runtime    Last Run
---------------------------------  -----  ---------  --------  ----------  --------------  -------------------
/opt/airflow/dags/ETL_pipeline.py                           1           0  0.23s           2026-03-17T11:21:03
================================================================================
[2026-03-17T11:21:42.170+0000] {manager.py:879} INFO - 
================================================================================
DAG File Processing Stats

File Path                          PID    Runtime      # DAGs    # Errors  Last Runtime    Last Run
---------------------------------  -----  ---------  --------  ----------  --------------  -------------------
/opt/airflow/dags/ETL_pipeline.py                           1           0  0.21s           2026-03-17T11:21:34
================================================================================
[2026-03-17T11:22:12.442+0000] {manager.py:879} INFO - 
================================================================================
DAG File Processing Stats

File Path                          PID    Runtime      # DAGs    # Errors  Last Runtime    Last Run
---------------------------------  -----  ---------  --------  ----------  --------------  -------------------
/opt/airflow/dags/ETL_pipeline.py                           1           0  0.21s           2026-03-17T11:22:04
================================================================================
[2026-03-17T11:22:42.890+0000] {manager.py:879} INFO - 
================================================================================
DAG File Processing Stats

File Path                          PID    Runtime      # DAGs    # Errors  Last Runtime    Last Run
---------------------------------  -----  ---------  --------  ----------  --------------  -------------------
/opt/airflow/dags/ETL_pipeline.py                           1           0  0.20s           2026-03-17T11:22:34
================================================================================
[2026-03-17T11:23:13.164+0000] {manager.py:879} INFO - 
================================================================================
DAG File Processing Stats

File Path                          PID    Runtime      # DAGs    # Errors  Last Runtime    Last Run
---------------------------------  -----  ---------  --------  ----------  --------------  -------------------
/opt/airflow/dags/ETL_pipeline.py                           1           0  0.21s           2026-03-17T11:23:05
================================================================================
[2026-03-17T11:23:43.563+0000] {manager.py:879} INFO - 
================================================================================
DAG File Processing Stats

File Path                          PID    Runtime      # DAGs    # Errors  Last Runtime    Last Run
---------------------------------  -----  ---------  --------  ----------  --------------  -------------------
/opt/airflow/dags/ETL_pipeline.py                           1           0  0.26s           2026-03-17T11:23:35
================================================================================
[2026-03-17T11:23:45.577+0000] {manager.py:738} INFO - Searching for files in /opt/airflow/dags
[2026-03-17T11:23:45.619+0000] {manager.py:741} INFO - There are 1 files in /opt/airflow/dags
[2026-03-17T11:24:13.916+0000] {manager.py:879} INFO - 
================================================================================
DAG File Processing Stats

File Path                          PID    Runtime      # DAGs    # Errors  Last Runtime    Last Run
---------------------------------  -----  ---------  --------  ----------  --------------  -------------------
/opt/airflow/dags/ETL_pipeline.py                           1           0  0.37s           2026-03-17T11:24:06
================================================================================
[2026-03-17T11:24:44.512+0000] {manager.py:879} INFO - 
================================================================================
DAG File Processing Stats

File Path                          PID    Runtime      # DAGs    # Errors  Last Runtime    Last Run
---------------------------------  -----  ---------  --------  ----------  --------------  -------------------
/opt/airflow/dags/ETL_pipeline.py                           1           0  0.27s           2026-03-17T11:24:36
================================================================================
[2026-03-17T11:25:15.039+0000] {manager.py:879} INFO - 
================================================================================
DAG File Processing Stats

File Path                          PID    Runtime      # DAGs    # Errors  Last Runtime    Last Run
---------------------------------  -----  ---------  --------  ----------  --------------  -------------------
/opt/airflow/dags/ETL_pipeline.py                           1           0  0.21s           2026-03-17T11:25:07
================================================================================
[2026-03-17T11:25:45.512+0000] {manager.py:879} INFO - 
================================================================================
DAG File Processing Stats

File Path                          PID    Runtime      # DAGs    # Errors  Last Runtime    Last Run
---------------------------------  -----  ---------  --------  ----------  --------------  -------------------
/opt/airflow/dags/ETL_pipeline.py                           1           0  0.21s           2026-03-17T11:25:37
================================================================================
[2026-03-17T11:26:15.859+0000] {manager.py:879} INFO - 
================================================================================
DAG File Processing Stats

File Path                          PID    Runtime      # DAGs    # Errors  Last Runtime    Last Run
---------------------------------  -----  ---------  --------  ----------  --------------  -------------------
/opt/airflow/dags/ETL_pipeline.py                           1           0  0.20s           2026-03-17T11:26:07
================================================================================
[2026-03-17T11:26:46.282+0000] {manager.py:879} INFO - 
================================================================================
DAG File Processing Stats

File Path                          PID    Runtime      # DAGs    # Errors  Last Runtime    Last Run
---------------------------------  -----  ---------  --------  ----------  --------------  -------------------
/opt/airflow/dags/ETL_pipeline.py                           1           0  0.23s           2026-03-17T11:26:38
================================================================================
[2026-03-17T11:27:16.591+0000] {manager.py:879} INFO - 
================================================================================
DAG File Processing Stats

File Path                          PID    Runtime      # DAGs    # Errors  Last Runtime    Last Run
---------------------------------  -----  ---------  --------  ----------  --------------  -------------------
/opt/airflow/dags/ETL_pipeline.py                           1           0  0.46s           2026-03-17T11:27:08
================================================================================
[2026-03-17T11:27:47.279+0000] {manager.py:879} INFO - 
================================================================================
DAG File Processing Stats

File Path                          PID    Runtime      # DAGs    # Errors  Last Runtime    Last Run
---------------------------------  -----  ---------  --------  ----------  --------------  -------------------
/opt/airflow/dags/ETL_pipeline.py                           1           0  0.23s           2026-03-17T11:27:39
================================================================================
[2026-03-17T11:28:17.741+0000] {manager.py:879} INFO - 
================================================================================
DAG File Processing Stats

File Path                          PID    Runtime      # DAGs    # Errors  Last Runtime    Last Run
---------------------------------  -----  ---------  --------  ----------  --------------  -------------------
/opt/airflow/dags/ETL_pipeline.py                           1           0  0.22s           2026-03-17T11:28:09
================================================================================
[2026-03-17T11:28:46.011+0000] {manager.py:738} INFO - Searching for files in /opt/airflow/dags
[2026-03-17T11:28:46.053+0000] {manager.py:741} INFO - There are 1 files in /opt/airflow/dags
[2026-03-17T11:28:48.090+0000] {manager.py:879} INFO - 
================================================================================
DAG File Processing Stats

File Path                          PID    Runtime      # DAGs    # Errors  Last Runtime    Last Run
---------------------------------  -----  ---------  --------  ----------  --------------  -------------------
/opt/airflow/dags/ETL_pipeline.py                           1           0  0.23s           2026-03-17T11:28:40
================================================================================
[2026-03-17T11:29:18.520+0000] {manager.py:879} INFO - 
================================================================================
DAG File Processing Stats

File Path                          PID    Runtime      # DAGs    # Errors  Last Runtime    Last Run
---------------------------------  -----  ---------  --------  ----------  --------------  -------------------
/opt/airflow/dags/ETL_pipeline.py                           1           0  0.30s           2026-03-17T11:29:10
================================================================================
[2026-03-17T11:29:48.890+0000] {manager.py:879} INFO - 
================================================================================
DAG File Processing Stats

File Path                          PID    Runtime      # DAGs    # Errors  Last Runtime    Last Run
---------------------------------  -----  ---------  --------  ----------  --------------  -------------------
/opt/airflow/dags/ETL_pipeline.py                           1           0  0.35s           2026-03-17T11:29:41
================================================================================
[2026-03-17T11:30:19.374+0000] {manager.py:879} INFO - 
================================================================================
DAG File Processing Stats

File Path                          PID    Runtime      # DAGs    # Errors  Last Runtime    Last Run
---------------------------------  -----  ---------  --------  ----------  --------------  -------------------
/opt/airflow/dags/ETL_pipeline.py                           1           0  0.23s           2026-03-17T11:30:11
================================================================================
[2026-03-17T11:30:49.829+0000] {manager.py:879} INFO - 
================================================================================
DAG File Processing Stats

File Path                          PID    Runtime      # DAGs    # Errors  Last Runtime    Last Run
---------------------------------  -----  ---------  --------  ----------  --------------  -------------------
/opt/airflow/dags/ETL_pipeline.py                           1           0  0.34s           2026-03-17T11:30:41
================================================================================
[2026-03-17T11:31:20.238+0000] {manager.py:879} INFO - 
================================================================================
DAG File Processing Stats

File Path                          PID    Runtime      # DAGs    # Errors  Last Runtime    Last Run
---------------------------------  -----  ---------  --------  ----------  --------------  -------------------
/opt/airflow/dags/ETL_pipeline.py                           1           0  0.20s           2026-03-17T11:31:12
================================================================================
[2026-03-17T11:31:50.524+0000] {manager.py:879} INFO - 
================================================================================
DAG File Processing Stats

File Path                          PID    Runtime      # DAGs    # Errors  Last Runtime    Last Run
---------------------------------  -----  ---------  --------  ----------  --------------  -------------------
/opt/airflow/dags/ETL_pipeline.py                           1           0  0.22s           2026-03-17T11:31:42
================================================================================
[2026-03-17T11:32:20.966+0000] {manager.py:879} INFO - 
================================================================================
DAG File Processing Stats

File Path                          PID    Runtime      # DAGs    # Errors  Last Runtime    Last Run
---------------------------------  -----  ---------  --------  ----------  --------------  -------------------
/opt/airflow/dags/ETL_pipeline.py                           1           0  0.20s           2026-03-17T11:32:12
================================================================================
[2026-03-17T11:32:51.254+0000] {manager.py:879} INFO - 
================================================================================
DAG File Processing Stats

File Path                          PID    Runtime      # DAGs    # Errors  Last Runtime    Last Run
---------------------------------  -----  ---------  --------  ----------  --------------  -------------------
/opt/airflow/dags/ETL_pipeline.py                           1           0  0.20s           2026-03-17T11:32:43
================================================================================
[2026-03-17T11:33:21.671+0000] {manager.py:879} INFO - 
================================================================================
DAG File Processing Stats

File Path                          PID    Runtime      # DAGs    # Errors  Last Runtime    Last Run
---------------------------------  -----  ---------  --------  ----------  --------------  -------------------
/opt/airflow/dags/ETL_pipeline.py                           1           0  0.20s           2026-03-17T11:33:13
================================================================================
[2026-03-17T11:33:46.116+0000] {manager.py:738} INFO - Searching for files in /opt/airflow/dags
[2026-03-17T11:33:46.158+0000] {manager.py:741} INFO - There are 1 files in /opt/airflow/dags
[2026-03-17T11:33:51.975+0000] {manager.py:879} INFO - 
================================================================================
DAG File Processing Stats

File Path                          PID    Runtime      # DAGs    # Errors  Last Runtime    Last Run
---------------------------------  -----  ---------  --------  ----------  --------------  -------------------
/opt/airflow/dags/ETL_pipeline.py                           1           0  0.22s           2026-03-17T11:33:44
================================================================================
[2026-03-17T11:34:02.130+0000] {manager.py:451} INFO - Exiting gracefully upon receiving signal 15
[2026-03-17T15:05:59.880+0000] {manager.py:469} INFO - Processing files using up to 2 processes at a time 
[2026-03-17T15:05:59.882+0000] {manager.py:470} INFO - Process each file at most once every 30 seconds
[2026-03-17T15:05:59.884+0000] {manager.py:471} INFO - Checking for new files in /opt/airflow/dags every 300 seconds
[2026-03-17T15:05:59.886+0000] {manager.py:738} INFO - Searching for files in /opt/airflow/dags
[2026-03-17T15:05:59.939+0000] {manager.py:741} INFO - There are 1 files in /opt/airflow/dags
[2026-03-17T15:06:00.399+0000] {manager.py:879} INFO - 
================================================================================
DAG File Processing Stats

File Path                            PID  Runtime      # DAGs    # Errors  Last Runtime    Last Run
---------------------------------  -----  ---------  --------  ----------  --------------  ----------
/opt/airflow/dags/ETL_pipeline.py    168  0.21s             0           0
================================================================================
[2026-03-17T15:06:30.685+0000] {manager.py:879} INFO - 
================================================================================
DAG File Processing Stats

File Path                          PID    Runtime      # DAGs    # Errors  Last Runtime    Last Run
---------------------------------  -----  ---------  --------  ----------  --------------  -------------------
/opt/airflow/dags/ETL_pipeline.py                           1           0  0.64s           2026-03-17T15:06:00
================================================================================
[2026-03-17T15:07:01.023+0000] {manager.py:879} INFO - 
================================================================================
DAG File Processing Stats

File Path                          PID    Runtime      # DAGs    # Errors  Last Runtime    Last Run
---------------------------------  -----  ---------  --------  ----------  --------------  -------------------
/opt/airflow/dags/ETL_pipeline.py                           1           0  0.78s           2026-03-17T15:06:31
================================================================================
[2026-03-17T15:07:31.485+0000] {manager.py:879} INFO - 
================================================================================
DAG File Processing Stats

File Path                          PID    Runtime      # DAGs    # Errors  Last Runtime    Last Run
---------------------------------  -----  ---------  --------  ----------  --------------  -------------------
/opt/airflow/dags/ETL_pipeline.py                           1           0  0.27s           2026-03-17T15:07:02
================================================================================
[2026-03-17T15:08:01.908+0000] {manager.py:879} INFO - 
================================================================================
DAG File Processing Stats

File Path                          PID    Runtime      # DAGs    # Errors  Last Runtime    Last Run
---------------------------------  -----  ---------  --------  ----------  --------------  -------------------
/opt/airflow/dags/ETL_pipeline.py                           1           0  0.34s           2026-03-17T15:07:32
================================================================================
[2026-03-17T15:08:32.230+0000] {manager.py:879} INFO - 
================================================================================
DAG File Processing Stats

File Path                          PID    Runtime      # DAGs    # Errors  Last Runtime    Last Run
---------------------------------  -----  ---------  --------  ----------  --------------  -------------------
/opt/airflow/dags/ETL_pipeline.py                           1           0  0.27s           2026-03-17T15:08:03
================================================================================
[2026-03-17T15:09:02.802+0000] {manager.py:879} INFO - 
================================================================================
DAG File Processing Stats

File Path                          PID    Runtime      # DAGs    # Errors  Last Runtime    Last Run
---------------------------------  -----  ---------  --------  ----------  --------------  -------------------
/opt/airflow/dags/ETL_pipeline.py                           1           0  0.37s           2026-03-17T15:08:33
================================================================================
[2026-03-17T15:09:33.177+0000] {manager.py:879} INFO - 
================================================================================
DAG File Processing Stats

File Path                          PID    Runtime      # DAGs    # Errors  Last Runtime    Last Run
---------------------------------  -----  ---------  --------  ----------  --------------  -------------------
/opt/airflow/dags/ETL_pipeline.py                           1           0  0.20s           2026-03-17T15:09:04
================================================================================
[2026-03-17T15:10:03.641+0000] {manager.py:879} INFO - 
================================================================================
DAG File Processing Stats

File Path                          PID    Runtime      # DAGs    # Errors  Last Runtime    Last Run
---------------------------------  -----  ---------  --------  ----------  --------------  -------------------
/opt/airflow/dags/ETL_pipeline.py                           1           0  0.19s           2026-03-17T15:09:34
================================================================================
[2026-03-17T15:10:34.008+0000] {manager.py:879} INFO - 
================================================================================
DAG File Processing Stats

File Path                          PID    Runtime      # DAGs    # Errors  Last Runtime    Last Run
---------------------------------  -----  ---------  --------  ----------  --------------  -------------------
/opt/airflow/dags/ETL_pipeline.py                           1           0  0.21s           2026-03-17T15:10:04
================================================================================
[2026-03-17T15:11:00.359+0000] {manager.py:738} INFO - Searching for files in /opt/airflow/dags
[2026-03-17T15:11:00.416+0000] {manager.py:741} INFO - There are 1 files in /opt/airflow/dags
[2026-03-17T15:11:04.486+0000] {manager.py:879} INFO - 
================================================================================
DAG File Processing Stats

File Path                          PID    Runtime      # DAGs    # Errors  Last Runtime    Last Run
---------------------------------  -----  ---------  --------  ----------  --------------  -------------------
/opt/airflow/dags/ETL_pipeline.py                           1           0  0.50s           2026-03-17T15:10:35
================================================================================
[2026-03-17T15:11:34.518+0000] {manager.py:879} INFO - 
================================================================================
DAG File Processing Stats

File Path                          PID    Runtime      # DAGs    # Errors  Last Runtime    Last Run
---------------------------------  -----  ---------  --------  ----------  --------------  -------------------
/opt/airflow/dags/ETL_pipeline.py                           1           0  0.37s           2026-03-17T15:11:06
================================================================================
[2026-03-17T15:12:04.863+0000] {manager.py:879} INFO - 
================================================================================
DAG File Processing Stats

File Path                          PID    Runtime      # DAGs    # Errors  Last Runtime    Last Run
---------------------------------  -----  ---------  --------  ----------  --------------  -------------------
/opt/airflow/dags/ETL_pipeline.py                           1           0  0.20s           2026-03-17T15:11:36
================================================================================
[2026-03-17T15:12:35.329+0000] {manager.py:879} INFO - 
================================================================================
DAG File Processing Stats

File Path                          PID    Runtime      # DAGs    # Errors  Last Runtime    Last Run
---------------------------------  -----  ---------  --------  ----------  --------------  -------------------
/opt/airflow/dags/ETL_pipeline.py                           1           0  0.32s           2026-03-17T15:12:07
================================================================================
[2026-03-17T15:13:05.821+0000] {manager.py:879} INFO - 
================================================================================
DAG File Processing Stats

File Path                          PID    Runtime      # DAGs    # Errors  Last Runtime    Last Run
---------------------------------  -----  ---------  --------  ----------  --------------  -------------------
/opt/airflow/dags/ETL_pipeline.py                           1           0  0.26s           2026-03-17T15:12:37
================================================================================
[2026-03-17T15:13:36.129+0000] {manager.py:879} INFO - 
================================================================================
DAG File Processing Stats

File Path                          PID    Runtime      # DAGs    # Errors  Last Runtime    Last Run
---------------------------------  -----  ---------  --------  ----------  --------------  -------------------
/opt/airflow/dags/ETL_pipeline.py                           1           0  0.24s           2026-03-17T15:13:08
================================================================================
[2026-03-17T15:14:06.696+0000] {manager.py:879} INFO - 
================================================================================
DAG File Processing Stats

File Path                          PID    Runtime      # DAGs    # Errors  Last Runtime    Last Run
---------------------------------  -----  ---------  --------  ----------  --------------  -------------------
/opt/airflow/dags/ETL_pipeline.py                           1           0  0.20s           2026-03-17T15:13:38
================================================================================
[2026-03-17T15:14:37.050+0000] {manager.py:879} INFO - 
================================================================================
DAG File Processing Stats

File Path                          PID    Runtime      # DAGs    # Errors  Last Runtime    Last Run
---------------------------------  -----  ---------  --------  ----------  --------------  -------------------
/opt/airflow/dags/ETL_pipeline.py                           1           0  0.21s           2026-03-17T15:14:08
================================================================================
[2026-03-17T15:15:07.530+0000] {manager.py:879} INFO - 
================================================================================
DAG File Processing Stats

File Path                          PID    Runtime      # DAGs    # Errors  Last Runtime    Last Run
---------------------------------  -----  ---------  --------  ----------  --------------  -------------------
/opt/airflow/dags/ETL_pipeline.py                           1           0  0.25s           2026-03-17T15:14:39
================================================================================
[2026-03-17T15:15:37.890+0000] {manager.py:879} INFO - 
================================================================================
DAG File Processing Stats

File Path                          PID    Runtime      # DAGs    # Errors  Last Runtime    Last Run
---------------------------------  -----  ---------  --------  ----------  --------------  -------------------
/opt/airflow/dags/ETL_pipeline.py                           1           0  0.19s           2026-03-17T15:15:09
================================================================================
[2026-03-17T15:16:01.226+0000] {manager.py:738} INFO - Searching for files in /opt/airflow/dags
[2026-03-17T15:16:01.302+0000] {manager.py:741} INFO - There are 1 files in /opt/airflow/dags
[2026-03-17T15:16:08.405+0000] {manager.py:879} INFO - 
================================================================================
DAG File Processing Stats

File Path                          PID    Runtime      # DAGs    # Errors  Last Runtime    Last Run
---------------------------------  -----  ---------  --------  ----------  --------------  -------------------
/opt/airflow/dags/ETL_pipeline.py                           1           0  0.22s           2026-03-17T15:15:40
================================================================================
[2026-03-17T15:16:38.810+0000] {manager.py:879} INFO - 
================================================================================
DAG File Processing Stats

File Path                          PID    Runtime      # DAGs    # Errors  Last Runtime    Last Run
---------------------------------  -----  ---------  --------  ----------  --------------  -------------------
/opt/airflow/dags/ETL_pipeline.py                           1           0  0.22s           2026-03-17T15:16:10
================================================================================
[2026-03-17T15:17:09.233+0000] {manager.py:879} INFO - 
================================================================================
DAG File Processing Stats

File Path                          PID    Runtime      # DAGs    # Errors  Last Runtime    Last Run
---------------------------------  -----  ---------  --------  ----------  --------------  -------------------
/opt/airflow/dags/ETL_pipeline.py                           1           0  0.30s           2026-03-17T15:16:41
================================================================================
[2026-03-17T15:17:39.731+0000] {manager.py:879} INFO - 
================================================================================
DAG File Processing Stats

File Path                          PID    Runtime      # DAGs    # Errors  Last Runtime    Last Run
---------------------------------  -----  ---------  --------  ----------  --------------  -------------------
/opt/airflow/dags/ETL_pipeline.py                           1           0  0.19s           2026-03-17T15:17:11
================================================================================
[2026-03-17T15:18:10.112+0000] {manager.py:879} INFO - 
================================================================================
DAG File Processing Stats

File Path                          PID    Runtime      # DAGs    # Errors  Last Runtime    Last Run
---------------------------------  -----  ---------  --------  ----------  --------------  -------------------
/opt/airflow/dags/ETL_pipeline.py                           1           0  0.20s           2026-03-17T15:17:41
================================================================================
[2026-03-17T15:18:40.609+0000] {manager.py:879} INFO - 
================================================================================
DAG File Processing Stats

File Path                          PID    Runtime      # DAGs    # Errors  Last Runtime    Last Run
---------------------------------  -----  ---------  --------  ----------  --------------  -------------------
/opt/airflow/dags/ETL_pipeline.py                           1           0  0.20s           2026-03-17T15:18:12
================================================================================
[2026-03-17T15:19:10.978+0000] {manager.py:879} INFO - 
================================================================================
DAG File Processing Stats

File Path                          PID    Runtime      # DAGs    # Errors  Last Runtime    Last Run
---------------------------------  -----  ---------  --------  ----------  --------------  -------------------
/opt/airflow/dags/ETL_pipeline.py                           1           0  0.19s           2026-03-17T15:18:42
================================================================================
[2026-03-17T15:19:41.460+0000] {manager.py:879} INFO - 
================================================================================
DAG File Processing Stats

File Path                          PID    Runtime      # DAGs    # Errors  Last Runtime    Last Run
---------------------------------  -----  ---------  --------  ----------  --------------  -------------------
/opt/airflow/dags/ETL_pipeline.py                           1           0  0.22s           2026-03-17T15:19:13
================================================================================
[2026-03-17T15:20:11.866+0000] {manager.py:879} INFO - 
================================================================================
DAG File Processing Stats

File Path                          PID    Runtime      # DAGs    # Errors  Last Runtime    Last Run
---------------------------------  -----  ---------  --------  ----------  --------------  -------------------
/opt/airflow/dags/ETL_pipeline.py                           1           0  0.19s           2026-03-17T15:19:43
================================================================================
[2026-03-17T15:20:42.274+0000] {manager.py:879} INFO - 
================================================================================
DAG File Processing Stats

File Path                          PID    Runtime      # DAGs    # Errors  Last Runtime    Last Run
---------------------------------  -----  ---------  --------  ----------  --------------  -------------------
/opt/airflow/dags/ETL_pipeline.py                           1           0  0.19s           2026-03-17T15:20:14
================================================================================
[2026-03-17T15:21:01.622+0000] {manager.py:738} INFO - Searching for files in /opt/airflow/dags
[2026-03-17T15:21:01.676+0000] {manager.py:741} INFO - There are 1 files in /opt/airflow/dags
[2026-03-17T15:21:12.812+0000] {manager.py:879} INFO - 
================================================================================
DAG File Processing Stats

File Path                          PID    Runtime      # DAGs    # Errors  Last Runtime    Last Run
---------------------------------  -----  ---------  --------  ----------  --------------  -------------------
/opt/airflow/dags/ETL_pipeline.py                           1           0  0.23s           2026-03-17T15:20:44
================================================================================
[2026-03-17T15:21:43.191+0000] {manager.py:879} INFO - 
================================================================================
DAG File Processing Stats

File Path                          PID    Runtime      # DAGs    # Errors  Last Runtime    Last Run
---------------------------------  -----  ---------  --------  ----------  --------------  -------------------
/opt/airflow/dags/ETL_pipeline.py                           1           0  0.20s           2026-03-17T15:21:15
================================================================================
[2026-03-17T15:22:13.714+0000] {manager.py:879} INFO - 
================================================================================
DAG File Processing Stats

File Path                          PID    Runtime      # DAGs    # Errors  Last Runtime    Last Run
---------------------------------  -----  ---------  --------  ----------  --------------  -------------------
/opt/airflow/dags/ETL_pipeline.py                           1           0  0.23s           2026-03-17T15:21:45
================================================================================
[2026-03-17T15:22:44.105+0000] {manager.py:879} INFO - 
================================================================================
DAG File Processing Stats

File Path                          PID    Runtime      # DAGs    # Errors  Last Runtime    Last Run
---------------------------------  -----  ---------  --------  ----------  --------------  -------------------
/opt/airflow/dags/ETL_pipeline.py                           1           0  0.25s           2026-03-17T15:22:15
================================================================================
[2026-03-17T15:23:14.612+0000] {manager.py:879} INFO - 
================================================================================
DAG File Processing Stats

File Path                          PID    Runtime      # DAGs    # Errors  Last Runtime    Last Run
---------------------------------  -----  ---------  --------  ----------  --------------  -------------------
/opt/airflow/dags/ETL_pipeline.py                           1           0  0.20s           2026-03-17T15:22:46
================================================================================
[2026-03-17T15:23:45.011+0000] {manager.py:879} INFO - 
================================================================================
DAG File Processing Stats

File Path                          PID    Runtime      # DAGs    # Errors  Last Runtime    Last Run
---------------------------------  -----  ---------  --------  ----------  --------------  -------------------
/opt/airflow/dags/ETL_pipeline.py                           1           0  0.19s           2026-03-17T15:23:16
================================================================================
[2026-03-17T15:24:15.449+0000] {manager.py:879} INFO - 
================================================================================
DAG File Processing Stats

File Path                          PID    Runtime      # DAGs    # Errors  Last Runtime    Last Run
---------------------------------  -----  ---------  --------  ----------  --------------  -------------------
/opt/airflow/dags/ETL_pipeline.py                           1           0  0.21s           2026-03-17T15:23:47
================================================================================
[2026-03-17T15:24:45.877+0000] {manager.py:879} INFO - 
================================================================================
DAG File Processing Stats

File Path                          PID    Runtime      # DAGs    # Errors  Last Runtime    Last Run
---------------------------------  -----  ---------  --------  ----------  --------------  -------------------
/opt/airflow/dags/ETL_pipeline.py                           1           0  0.20s           2026-03-17T15:24:17
================================================================================
[2026-03-17T15:25:16.315+0000] {manager.py:879} INFO - 
================================================================================
DAG File Processing Stats

File Path                          PID    Runtime      # DAGs    # Errors  Last Runtime    Last Run
---------------------------------  -----  ---------  --------  ----------  --------------  -------------------
/opt/airflow/dags/ETL_pipeline.py                           1           0  0.22s           2026-03-17T15:24:48
================================================================================
[2026-03-17T15:25:46.796+0000] {manager.py:879} INFO - 
================================================================================
DAG File Processing Stats

File Path                          PID    Runtime      # DAGs    # Errors  Last Runtime    Last Run
---------------------------------  -----  ---------  --------  ----------  --------------  -------------------
/opt/airflow/dags/ETL_pipeline.py                           1           0  0.20s           2026-03-17T15:25:18
================================================================================
[2026-03-17T15:26:02.009+0000] {manager.py:738} INFO - Searching for files in /opt/airflow/dags
[2026-03-17T15:26:02.073+0000] {manager.py:741} INFO - There are 1 files in /opt/airflow/dags
[2026-03-17T15:26:17.262+0000] {manager.py:879} INFO - 
================================================================================
DAG File Processing Stats

File Path                          PID    Runtime      # DAGs    # Errors  Last Runtime    Last Run
---------------------------------  -----  ---------  --------  ----------  --------------  -------------------
/opt/airflow/dags/ETL_pipeline.py                           1           0  0.19s           2026-03-17T15:25:49
================================================================================
[2026-03-17T15:26:47.633+0000] {manager.py:879} INFO - 
================================================================================
DAG File Processing Stats

File Path                          PID    Runtime      # DAGs    # Errors  Last Runtime    Last Run
---------------------------------  -----  ---------  --------  ----------  --------------  -------------------
/opt/airflow/dags/ETL_pipeline.py                           1           0  0.21s           2026-03-17T15:26:19
================================================================================
[2026-03-17T15:27:18.097+0000] {manager.py:879} INFO - 
================================================================================
DAG File Processing Stats

File Path                          PID    Runtime      # DAGs    # Errors  Last Runtime    Last Run
---------------------------------  -----  ---------  --------  ----------  --------------  -------------------
/opt/airflow/dags/ETL_pipeline.py                           1           0  0.20s           2026-03-17T15:26:49
================================================================================
[2026-03-17T15:27:48.486+0000] {manager.py:879} INFO - 
================================================================================
DAG File Processing Stats

File Path                          PID    Runtime      # DAGs    # Errors  Last Runtime    Last Run
---------------------------------  -----  ---------  --------  ----------  --------------  -------------------
/opt/airflow/dags/ETL_pipeline.py                           1           0  0.21s           2026-03-17T15:27:20
================================================================================
[2026-03-17T15:28:18.940+0000] {manager.py:879} INFO - 
================================================================================
DAG File Processing Stats

File Path                          PID    Runtime      # DAGs    # Errors  Last Runtime    Last Run
---------------------------------  -----  ---------  --------  ----------  --------------  -------------------
/opt/airflow/dags/ETL_pipeline.py                           1           0  0.26s           2026-03-17T15:27:50
================================================================================
[2026-03-17T15:28:49.431+0000] {manager.py:879} INFO - 
================================================================================
DAG File Processing Stats

File Path                          PID    Runtime      # DAGs    # Errors  Last Runtime    Last Run
---------------------------------  -----  ---------  --------  ----------  --------------  -------------------
/opt/airflow/dags/ETL_pipeline.py                           1           0  0.20s           2026-03-17T15:28:21
================================================================================
[2026-03-17T15:29:19.853+0000] {manager.py:879} INFO - 
================================================================================
DAG File Processing Stats

File Path                          PID    Runtime      # DAGs    # Errors  Last Runtime    Last Run
---------------------------------  -----  ---------  --------  ----------  --------------  -------------------
/opt/airflow/dags/ETL_pipeline.py                           1           0  0.22s           2026-03-17T15:28:51
================================================================================
[2026-03-17T15:29:50.387+0000] {manager.py:879} INFO - 
================================================================================
DAG File Processing Stats

File Path                          PID    Runtime      # DAGs    # Errors  Last Runtime    Last Run
---------------------------------  -----  ---------  --------  ----------  --------------  -------------------
/opt/airflow/dags/ETL_pipeline.py                           1           0  0.27s           2026-03-17T15:29:22
================================================================================
[2026-03-17T15:30:20.970+0000] {manager.py:879} INFO - 
================================================================================
DAG File Processing Stats

File Path                          PID    Runtime      # DAGs    # Errors  Last Runtime    Last Run
---------------------------------  -----  ---------  --------  ----------  --------------  -------------------
/opt/airflow/dags/ETL_pipeline.py                           1           0  0.32s           2026-03-17T15:29:52
================================================================================
[2026-03-17T15:30:51.612+0000] {manager.py:879} INFO - 
================================================================================
DAG File Processing Stats

File Path                          PID    Runtime      # DAGs    # Errors  Last Runtime    Last Run
---------------------------------  -----  ---------  --------  ----------  --------------  -------------------
/opt/airflow/dags/ETL_pipeline.py                           1           0  0.31s           2026-03-17T15:30:23
================================================================================
[2026-03-17T15:31:02.253+0000] {manager.py:738} INFO - Searching for files in /opt/airflow/dags
[2026-03-17T15:31:02.294+0000] {manager.py:741} INFO - There are 1 files in /opt/airflow/dags
[2026-03-17T15:31:22.056+0000] {manager.py:879} INFO - 
================================================================================
DAG File Processing Stats

File Path                          PID    Runtime      # DAGs    # Errors  Last Runtime    Last Run
---------------------------------  -----  ---------  --------  ----------  --------------  -------------------
/opt/airflow/dags/ETL_pipeline.py                           1           0  0.44s           2026-03-17T15:30:54
================================================================================
[2026-03-17T15:31:52.157+0000] {manager.py:879} INFO - 
================================================================================
DAG File Processing Stats

File Path                          PID    Runtime      # DAGs    # Errors  Last Runtime    Last Run
---------------------------------  -----  ---------  --------  ----------  --------------  -------------------
/opt/airflow/dags/ETL_pipeline.py                           1           0  0.44s           2026-03-17T15:31:24
================================================================================
[2026-03-17T15:32:22.282+0000] {manager.py:879} INFO - 
================================================================================
DAG File Processing Stats

File Path                          PID    Runtime      # DAGs    # Errors  Last Runtime    Last Run
---------------------------------  -----  ---------  --------  ----------  --------------  -------------------
/opt/airflow/dags/ETL_pipeline.py                           1           0  0.63s           2026-03-17T15:31:55
================================================================================
[2026-03-17T15:32:52.671+0000] {manager.py:879} INFO - 
================================================================================
DAG File Processing Stats

File Path                          PID    Runtime      # DAGs    # Errors  Last Runtime    Last Run
---------------------------------  -----  ---------  --------  ----------  --------------  -------------------
/opt/airflow/dags/ETL_pipeline.py                           1           0  0.83s           2026-03-17T15:32:26
================================================================================
[2026-03-17T15:33:22.709+0000] {manager.py:879} INFO - 
================================================================================
DAG File Processing Stats

File Path                          PID    Runtime      # DAGs    # Errors  Last Runtime    Last Run
---------------------------------  -----  ---------  --------  ----------  --------------  -------------------
/opt/airflow/dags/ETL_pipeline.py                           1           0  0.23s           2026-03-17T15:32:57
================================================================================
[2026-03-17T15:33:53.229+0000] {manager.py:879} INFO - 
================================================================================
DAG File Processing Stats

File Path                          PID    Runtime      # DAGs    # Errors  Last Runtime    Last Run
---------------------------------  -----  ---------  --------  ----------  --------------  -------------------
/opt/airflow/dags/ETL_pipeline.py                           1           0  0.22s           2026-03-17T15:33:28
================================================================================
[2026-03-17T15:34:23.611+0000] {manager.py:879} INFO - 
================================================================================
DAG File Processing Stats

File Path                          PID    Runtime      # DAGs    # Errors  Last Runtime    Last Run
---------------------------------  -----  ---------  --------  ----------  --------------  -------------------
/opt/airflow/dags/ETL_pipeline.py                           1           0  0.22s           2026-03-17T15:33:58
================================================================================
[2026-03-17T15:34:50.833+0000] {manager.py:451} INFO - Exiting gracefully upon receiving signal 15
[2026-03-18T10:29:23.708+0000] {manager.py:469} INFO - Processing files using up to 2 processes at a time 
[2026-03-18T10:29:23.713+0000] {manager.py:470} INFO - Process each file at most once every 30 seconds
[2026-03-18T10:29:23.719+0000] {manager.py:471} INFO - Checking for new files in /opt/airflow/dags every 300 seconds
[2026-03-18T10:29:23.721+0000] {manager.py:738} INFO - Searching for files in /opt/airflow/dags
[2026-03-18T10:29:23.783+0000] {manager.py:741} INFO - There are 1 files in /opt/airflow/dags
[2026-03-18T10:29:24.472+0000] {manager.py:879} INFO - 
================================================================================
DAG File Processing Stats

File Path                            PID  Runtime      # DAGs    # Errors  Last Runtime    Last Run
---------------------------------  -----  ---------  --------  ----------  --------------  ----------
/opt/airflow/dags/ETL_pipeline.py    167  0.39s             0           0
================================================================================
[2026-03-18T10:29:54.529+0000] {manager.py:879} INFO - 
================================================================================
DAG File Processing Stats

File Path                          PID    Runtime      # DAGs    # Errors  Last Runtime    Last Run
---------------------------------  -----  ---------  --------  ----------  --------------  -------------------
/opt/airflow/dags/ETL_pipeline.py                           1           0  0.91s           2026-03-18T10:29:24
================================================================================
[2026-03-18T10:30:24.936+0000] {manager.py:879} INFO - 
================================================================================
DAG File Processing Stats

File Path                          PID    Runtime      # DAGs    # Errors  Last Runtime    Last Run
---------------------------------  -----  ---------  --------  ----------  --------------  -------------------
/opt/airflow/dags/ETL_pipeline.py                           1           0  1.12s           2026-03-18T10:29:56
================================================================================
[2026-03-18T10:30:55.267+0000] {manager.py:879} INFO - 
================================================================================
DAG File Processing Stats

File Path                          PID    Runtime      # DAGs    # Errors  Last Runtime    Last Run
---------------------------------  -----  ---------  --------  ----------  --------------  -------------------
/opt/airflow/dags/ETL_pipeline.py                           1           0  0.28s           2026-03-18T10:30:27
================================================================================
[2026-03-18T10:31:25.958+0000] {manager.py:879} INFO - 
================================================================================
DAG File Processing Stats

File Path                          PID    Runtime      # DAGs    # Errors  Last Runtime    Last Run
---------------------------------  -----  ---------  --------  ----------  --------------  -------------------
/opt/airflow/dags/ETL_pipeline.py                           1           0  0.44s           2026-03-18T10:30:57
================================================================================
[2026-03-18T10:31:56.376+0000] {manager.py:879} INFO - 
================================================================================
DAG File Processing Stats

File Path                          PID    Runtime      # DAGs    # Errors  Last Runtime    Last Run
---------------------------------  -----  ---------  --------  ----------  --------------  -------------------
/opt/airflow/dags/ETL_pipeline.py                           1           0  1.34s           2026-03-18T10:31:29
================================================================================
[2026-03-18T10:32:26.434+0000] {manager.py:879} INFO - 
================================================================================
DAG File Processing Stats

File Path                          PID    Runtime      # DAGs    # Errors  Last Runtime    Last Run
---------------------------------  -----  ---------  --------  ----------  --------------  -------------------
/opt/airflow/dags/ETL_pipeline.py                           1           0  0.66s           2026-03-18T10:32:00
================================================================================
[2026-03-18T10:32:56.723+0000] {manager.py:879} INFO - 
================================================================================
DAG File Processing Stats

File Path                          PID    Runtime      # DAGs    # Errors  Last Runtime    Last Run
---------------------------------  -----  ---------  --------  ----------  --------------  -------------------
/opt/airflow/dags/ETL_pipeline.py                           1           0  0.35s           2026-03-18T10:32:30
================================================================================
[2026-03-18T10:33:26.836+0000] {manager.py:879} INFO - 
================================================================================
DAG File Processing Stats

File Path                          PID    Runtime      # DAGs    # Errors  Last Runtime    Last Run
---------------------------------  -----  ---------  --------  ----------  --------------  -------------------
/opt/airflow/dags/ETL_pipeline.py                           1           0  0.45s           2026-03-18T10:33:01
================================================================================
[2026-03-18T10:33:57.175+0000] {manager.py:879} INFO - 
================================================================================
DAG File Processing Stats

File Path                          PID    Runtime      # DAGs    # Errors  Last Runtime    Last Run
---------------------------------  -----  ---------  --------  ----------  --------------  -------------------
/opt/airflow/dags/ETL_pipeline.py                           1           0  0.53s           2026-03-18T10:33:32
================================================================================
[2026-03-18T10:34:23.870+0000] {manager.py:738} INFO - Searching for files in /opt/airflow/dags
[2026-03-18T10:34:24.041+0000] {manager.py:741} INFO - There are 1 files in /opt/airflow/dags
[2026-03-18T10:34:27.225+0000] {manager.py:879} INFO - 
================================================================================
DAG File Processing Stats

File Path                          PID    Runtime      # DAGs    # Errors  Last Runtime    Last Run
---------------------------------  -----  ---------  --------  ----------  --------------  -------------------
/opt/airflow/dags/ETL_pipeline.py                           1           0  0.92s           2026-03-18T10:34:03
================================================================================
[2026-03-18T10:34:57.595+0000] {manager.py:879} INFO - 
================================================================================
DAG File Processing Stats

File Path                          PID    Runtime      # DAGs    # Errors  Last Runtime    Last Run
---------------------------------  -----  ---------  --------  ----------  --------------  -------------------
/opt/airflow/dags/ETL_pipeline.py                           1           0  1.86s           2026-03-18T10:34:36
================================================================================
[2026-03-18T10:35:28.167+0000] {manager.py:879} INFO - 
================================================================================
DAG File Processing Stats

File Path                          PID    Runtime      # DAGs    # Errors  Last Runtime    Last Run
---------------------------------  -----  ---------  --------  ----------  --------------  -------------------
/opt/airflow/dags/ETL_pipeline.py                           1           0  1.60s           2026-03-18T10:35:08
================================================================================
[2026-03-18T10:35:58.432+0000] {manager.py:879} INFO - 
================================================================================
DAG File Processing Stats

File Path                          PID    Runtime      # DAGs    # Errors  Last Runtime    Last Run
---------------------------------  -----  ---------  --------  ----------  --------------  -------------------
/opt/airflow/dags/ETL_pipeline.py                           1           0  1.57s           2026-03-18T10:35:41
================================================================================
[2026-03-18T10:36:28.914+0000] {manager.py:879} INFO - 
================================================================================
DAG File Processing Stats

File Path                          PID    Runtime      # DAGs    # Errors  Last Runtime    Last Run
---------------------------------  -----  ---------  --------  ----------  --------------  -------------------
/opt/airflow/dags/ETL_pipeline.py                           1           0  2.06s           2026-03-18T10:36:13
================================================================================
[2026-03-18T10:36:59.436+0000] {manager.py:879} INFO - 
================================================================================
DAG File Processing Stats

File Path                          PID    Runtime      # DAGs    # Errors  Last Runtime    Last Run
---------------------------------  -----  ---------  --------  ----------  --------------  -------------------
/opt/airflow/dags/ETL_pipeline.py                           1           0  2.19s           2026-03-18T10:36:45
================================================================================
[2026-03-18T10:37:29.954+0000] {manager.py:879} INFO - 
================================================================================
DAG File Processing Stats

File Path                          PID    Runtime      # DAGs    # Errors  Last Runtime    Last Run
---------------------------------  -----  ---------  --------  ----------  --------------  -------------------
/opt/airflow/dags/ETL_pipeline.py                           1           0  0.37s           2026-03-18T10:37:17
================================================================================
[2026-03-18T10:38:00.507+0000] {manager.py:879} INFO - 
================================================================================
DAG File Processing Stats

File Path                          PID    Runtime      # DAGs    # Errors  Last Runtime    Last Run
---------------------------------  -----  ---------  --------  ----------  --------------  -------------------
/opt/airflow/dags/ETL_pipeline.py                           1           0  0.33s           2026-03-18T10:37:47
================================================================================
[2026-03-18T10:38:30.989+0000] {manager.py:879} INFO - 
================================================================================
DAG File Processing Stats

File Path                          PID    Runtime      # DAGs    # Errors  Last Runtime    Last Run
---------------------------------  -----  ---------  --------  ----------  --------------  -------------------
/opt/airflow/dags/ETL_pipeline.py                           1           0  0.30s           2026-03-18T10:38:18
================================================================================
[2026-03-18T10:39:01.408+0000] {manager.py:879} INFO - 
================================================================================
DAG File Processing Stats

File Path                          PID    Runtime      # DAGs    # Errors  Last Runtime    Last Run
---------------------------------  -----  ---------  --------  ----------  --------------  -------------------
/opt/airflow/dags/ETL_pipeline.py                           1           0  0.30s           2026-03-18T10:38:48
================================================================================
[2026-03-18T10:39:24.219+0000] {manager.py:738} INFO - Searching for files in /opt/airflow/dags
[2026-03-18T10:39:24.261+0000] {manager.py:741} INFO - There are 1 files in /opt/airflow/dags
[2026-03-18T10:39:31.831+0000] {manager.py:879} INFO - 
================================================================================
DAG File Processing Stats

File Path                          PID    Runtime      # DAGs    # Errors  Last Runtime    Last Run
---------------------------------  -----  ---------  --------  ----------  --------------  -------------------
/opt/airflow/dags/ETL_pipeline.py                           1           0  0.60s           2026-03-18T10:39:19
================================================================================
[2026-03-18T10:40:01.965+0000] {manager.py:879} INFO - 
================================================================================
DAG File Processing Stats

File Path                          PID    Runtime      # DAGs    # Errors  Last Runtime    Last Run
---------------------------------  -----  ---------  --------  ----------  --------------  -------------------
/opt/airflow/dags/ETL_pipeline.py                           1           0  0.34s           2026-03-18T10:39:49
================================================================================
[2026-03-18T10:40:32.354+0000] {manager.py:879} INFO - 
================================================================================
DAG File Processing Stats

File Path                          PID    Runtime      # DAGs    # Errors  Last Runtime    Last Run
---------------------------------  -----  ---------  --------  ----------  --------------  -------------------
/opt/airflow/dags/ETL_pipeline.py                           1           0  0.21s           2026-03-18T10:40:20
================================================================================
[2026-03-18T10:41:02.870+0000] {manager.py:879} INFO - 
================================================================================
DAG File Processing Stats

File Path                          PID    Runtime      # DAGs    # Errors  Last Runtime    Last Run
---------------------------------  -----  ---------  --------  ----------  --------------  -------------------
/opt/airflow/dags/ETL_pipeline.py                           1           0  0.30s           2026-03-18T10:40:50
================================================================================
[2026-03-18T10:41:33.286+0000] {manager.py:879} INFO - 
================================================================================
DAG File Processing Stats

File Path                          PID    Runtime      # DAGs    # Errors  Last Runtime    Last Run
---------------------------------  -----  ---------  --------  ----------  --------------  -------------------
/opt/airflow/dags/ETL_pipeline.py                           1           0  0.33s           2026-03-18T10:41:21
================================================================================
[2026-03-18T10:42:03.744+0000] {manager.py:879} INFO - 
================================================================================
DAG File Processing Stats

File Path                          PID    Runtime      # DAGs    # Errors  Last Runtime    Last Run
---------------------------------  -----  ---------  --------  ----------  --------------  -------------------
/opt/airflow/dags/ETL_pipeline.py                           1           0  0.24s           2026-03-18T10:41:51
================================================================================
[2026-03-18T10:42:34.039+0000] {manager.py:879} INFO - 
================================================================================
DAG File Processing Stats

File Path                          PID    Runtime      # DAGs    # Errors  Last Runtime    Last Run
---------------------------------  -----  ---------  --------  ----------  --------------  -------------------
/opt/airflow/dags/ETL_pipeline.py                           1           0  0.29s           2026-03-18T10:42:22
================================================================================
[2026-03-18T10:43:04.644+0000] {manager.py:879} INFO - 
================================================================================
DAG File Processing Stats

File Path                          PID    Runtime      # DAGs    # Errors  Last Runtime    Last Run
---------------------------------  -----  ---------  --------  ----------  --------------  -------------------
/opt/airflow/dags/ETL_pipeline.py                           1           0  0.52s           2026-03-18T10:42:52
================================================================================
[2026-03-18T10:43:35.150+0000] {manager.py:879} INFO - 
================================================================================
DAG File Processing Stats

File Path                          PID    Runtime      # DAGs    # Errors  Last Runtime    Last Run
---------------------------------  -----  ---------  --------  ----------  --------------  -------------------
/opt/airflow/dags/ETL_pipeline.py                           1           0  0.23s           2026-03-18T10:43:23
================================================================================
[2026-03-18T10:44:05.512+0000] {manager.py:879} INFO - 
================================================================================
DAG File Processing Stats

File Path                          PID    Runtime      # DAGs    # Errors  Last Runtime    Last Run
---------------------------------  -----  ---------  --------  ----------  --------------  -------------------
/opt/airflow/dags/ETL_pipeline.py                           1           0  0.33s           2026-03-18T10:43:53
================================================================================
[2026-03-18T10:44:25.007+0000] {manager.py:738} INFO - Searching for files in /opt/airflow/dags
[2026-03-18T10:44:25.056+0000] {manager.py:741} INFO - There are 1 files in /opt/airflow/dags
[2026-03-18T10:44:36.200+0000] {manager.py:879} INFO - 
================================================================================
DAG File Processing Stats

File Path                          PID    Runtime      # DAGs    # Errors  Last Runtime    Last Run
---------------------------------  -----  ---------  --------  ----------  --------------  -------------------
/opt/airflow/dags/ETL_pipeline.py                           1           0  0.37s           2026-03-18T10:44:24
================================================================================
[2026-03-18T10:45:06.816+0000] {manager.py:879} INFO - 
================================================================================
DAG File Processing Stats

File Path                          PID    Runtime      # DAGs    # Errors  Last Runtime    Last Run
---------------------------------  -----  ---------  --------  ----------  --------------  -------------------
/opt/airflow/dags/ETL_pipeline.py                           1           0  0.35s           2026-03-18T10:44:54
================================================================================
[2026-03-18T10:45:37.314+0000] {manager.py:879} INFO - 
================================================================================
DAG File Processing Stats

File Path                          PID    Runtime      # DAGs    # Errors  Last Runtime    Last Run
---------------------------------  -----  ---------  --------  ----------  --------------  -------------------
/opt/airflow/dags/ETL_pipeline.py                           1           0  0.32s           2026-03-18T10:45:25
================================================================================
[2026-03-18T10:46:07.746+0000] {manager.py:879} INFO - 
================================================================================
DAG File Processing Stats

File Path                          PID    Runtime      # DAGs    # Errors  Last Runtime    Last Run
---------------------------------  -----  ---------  --------  ----------  --------------  -------------------
/opt/airflow/dags/ETL_pipeline.py                           1           0  0.42s           2026-03-18T10:45:55
================================================================================
[2026-03-18T10:46:38.336+0000] {manager.py:879} INFO - 
================================================================================
DAG File Processing Stats

File Path                          PID    Runtime      # DAGs    # Errors  Last Runtime    Last Run
---------------------------------  -----  ---------  --------  ----------  --------------  -------------------
/opt/airflow/dags/ETL_pipeline.py                           1           0  0.40s           2026-03-18T10:46:26
================================================================================
[2026-03-18T10:47:08.997+0000] {manager.py:879} INFO - 
================================================================================
DAG File Processing Stats

File Path                          PID    Runtime      # DAGs    # Errors  Last Runtime    Last Run
---------------------------------  -----  ---------  --------  ----------  --------------  -------------------
/opt/airflow/dags/ETL_pipeline.py                           1           0  0.30s           2026-03-18T10:46:57
================================================================================
[2026-03-18T10:47:39.645+0000] {manager.py:879} INFO - 
================================================================================
DAG File Processing Stats

File Path                          PID    Runtime      # DAGs    # Errors  Last Runtime    Last Run
---------------------------------  -----  ---------  --------  ----------  --------------  -------------------
/opt/airflow/dags/ETL_pipeline.py                           1           0  0.33s           2026-03-18T10:47:27
================================================================================
[2026-03-18T10:48:09.935+0000] {manager.py:879} INFO - 
================================================================================
DAG File Processing Stats

File Path                          PID    Runtime      # DAGs    # Errors  Last Runtime    Last Run
---------------------------------  -----  ---------  --------  ----------  --------------  -------------------
/opt/airflow/dags/ETL_pipeline.py                           1           0  0.30s           2026-03-18T10:47:58
================================================================================
[2026-03-18T10:48:40.002+0000] {manager.py:879} INFO - 
================================================================================
DAG File Processing Stats

File Path                          PID    Runtime      # DAGs    # Errors  Last Runtime    Last Run
---------------------------------  -----  ---------  --------  ----------  --------------  -------------------
/opt/airflow/dags/ETL_pipeline.py                           1           0  0.49s           2026-03-18T10:48:28
================================================================================
[2026-03-18T10:49:10.814+0000] {manager.py:879} INFO - 
================================================================================
DAG File Processing Stats

File Path                          PID    Runtime      # DAGs    # Errors  Last Runtime    Last Run
---------------------------------  -----  ---------  --------  ----------  --------------  -------------------
/opt/airflow/dags/ETL_pipeline.py                           1           0  0.61s           2026-03-18T10:48:59
================================================================================
[2026-03-18T10:49:25.011+0000] {manager.py:738} INFO - Searching for files in /opt/airflow/dags
[2026-03-18T10:49:25.057+0000] {manager.py:741} INFO - There are 1 files in /opt/airflow/dags
[2026-03-18T10:49:41.250+0000] {manager.py:879} INFO - 
================================================================================
DAG File Processing Stats

File Path                          PID    Runtime      # DAGs    # Errors  Last Runtime    Last Run
---------------------------------  -----  ---------  --------  ----------  --------------  -------------------
/opt/airflow/dags/ETL_pipeline.py                           1           0  0.26s           2026-03-18T10:49:30
================================================================================
[2026-03-18T10:50:11.625+0000] {manager.py:879} INFO - 
================================================================================
DAG File Processing Stats

File Path                          PID    Runtime      # DAGs    # Errors  Last Runtime    Last Run
---------------------------------  -----  ---------  --------  ----------  --------------  -------------------
/opt/airflow/dags/ETL_pipeline.py                           1           0  0.25s           2026-03-18T10:50:00
================================================================================
[2026-03-18T10:50:42.075+0000] {manager.py:879} INFO - 
================================================================================
DAG File Processing Stats

File Path                          PID    Runtime      # DAGs    # Errors  Last Runtime    Last Run
---------------------------------  -----  ---------  --------  ----------  --------------  -------------------
/opt/airflow/dags/ETL_pipeline.py                           1           0  0.42s           2026-03-18T10:50:31
================================================================================
[2026-03-18T10:51:12.643+0000] {manager.py:879} INFO - 
================================================================================
DAG File Processing Stats

File Path                          PID    Runtime      # DAGs    # Errors  Last Runtime    Last Run
---------------------------------  -----  ---------  --------  ----------  --------------  -------------------
/opt/airflow/dags/ETL_pipeline.py                           1           0  0.37s           2026-03-18T10:51:01
================================================================================
[2026-03-18T10:51:42.982+0000] {manager.py:879} INFO - 
================================================================================
DAG File Processing Stats

File Path                          PID    Runtime      # DAGs    # Errors  Last Runtime    Last Run
---------------------------------  -----  ---------  --------  ----------  --------------  -------------------
/opt/airflow/dags/ETL_pipeline.py                           1           0  0.31s           2026-03-18T10:51:32
================================================================================
[2026-03-18T10:52:13.533+0000] {manager.py:879} INFO - 
================================================================================
DAG File Processing Stats

File Path                          PID    Runtime      # DAGs    # Errors  Last Runtime    Last Run
---------------------------------  -----  ---------  --------  ----------  --------------  -------------------
/opt/airflow/dags/ETL_pipeline.py                           1           0  0.23s           2026-03-18T10:52:02
================================================================================
[2026-03-18T10:52:44.148+0000] {manager.py:879} INFO - 
================================================================================
DAG File Processing Stats

File Path                          PID    Runtime      # DAGs    # Errors  Last Runtime    Last Run
---------------------------------  -----  ---------  --------  ----------  --------------  -------------------
/opt/airflow/dags/ETL_pipeline.py                           1           0  0.37s           2026-03-18T10:52:33
================================================================================
[2026-03-18T10:53:14.606+0000] {manager.py:879} INFO - 
================================================================================
DAG File Processing Stats

File Path                          PID    Runtime      # DAGs    # Errors  Last Runtime    Last Run
---------------------------------  -----  ---------  --------  ----------  --------------  -------------------
/opt/airflow/dags/ETL_pipeline.py                           1           0  0.31s           2026-03-18T10:53:03
================================================================================
[2026-03-18T10:53:45.153+0000] {manager.py:879} INFO - 
================================================================================
DAG File Processing Stats

File Path                          PID    Runtime      # DAGs    # Errors  Last Runtime    Last Run
---------------------------------  -----  ---------  --------  ----------  --------------  -------------------
/opt/airflow/dags/ETL_pipeline.py                           1           0  0.31s           2026-03-18T10:53:34
================================================================================
[2026-03-18T10:54:15.756+0000] {manager.py:879} INFO - 
================================================================================
DAG File Processing Stats

File Path                          PID    Runtime      # DAGs    # Errors  Last Runtime    Last Run
---------------------------------  -----  ---------  --------  ----------  --------------  -------------------
/opt/airflow/dags/ETL_pipeline.py                           1           0  0.35s           2026-03-18T10:54:04
================================================================================
[2026-03-18T10:54:25.157+0000] {manager.py:738} INFO - Searching for files in /opt/airflow/dags
[2026-03-18T10:54:25.209+0000] {manager.py:741} INFO - There are 1 files in /opt/airflow/dags
[2026-03-18T10:54:45.803+0000] {manager.py:879} INFO - 
================================================================================
DAG File Processing Stats

File Path                          PID    Runtime      # DAGs    # Errors  Last Runtime    Last Run
---------------------------------  -----  ---------  --------  ----------  --------------  -------------------
/opt/airflow/dags/ETL_pipeline.py                           1           0  0.35s           2026-03-18T10:54:35
================================================================================
[2026-03-18T10:55:16.088+0000] {manager.py:879} INFO - 
================================================================================
DAG File Processing Stats

File Path                          PID    Runtime      # DAGs    # Errors  Last Runtime    Last Run
---------------------------------  -----  ---------  --------  ----------  --------------  -------------------
/opt/airflow/dags/ETL_pipeline.py                           1           0  0.33s           2026-03-18T10:55:06
================================================================================
[2026-03-18T10:55:46.147+0000] {manager.py:879} INFO - 
================================================================================
DAG File Processing Stats

File Path                          PID    Runtime      # DAGs    # Errors  Last Runtime    Last Run
---------------------------------  -----  ---------  --------  ----------  --------------  -------------------
/opt/airflow/dags/ETL_pipeline.py                           1           0  0.35s           2026-03-18T10:55:37
================================================================================
[2026-03-18T10:56:16.448+0000] {manager.py:879} INFO - 
================================================================================
DAG File Processing Stats

File Path                          PID    Runtime      # DAGs    # Errors  Last Runtime    Last Run
---------------------------------  -----  ---------  --------  ----------  --------------  -------------------
/opt/airflow/dags/ETL_pipeline.py                           1           0  0.46s           2026-03-18T10:56:07
================================================================================
[2026-03-18T10:56:47.130+0000] {manager.py:879} INFO - 
================================================================================
DAG File Processing Stats

File Path                          PID    Runtime      # DAGs    # Errors  Last Runtime    Last Run
---------------------------------  -----  ---------  --------  ----------  --------------  -------------------
/opt/airflow/dags/ETL_pipeline.py                           1           0  0.31s           2026-03-18T10:56:38
================================================================================
[2026-03-18T10:57:17.654+0000] {manager.py:879} INFO - 
================================================================================
DAG File Processing Stats

File Path                          PID    Runtime      # DAGs    # Errors  Last Runtime    Last Run
---------------------------------  -----  ---------  --------  ----------  --------------  -------------------
/opt/airflow/dags/ETL_pipeline.py                           1           0  0.25s           2026-03-18T10:57:08
================================================================================
[2026-03-18T10:57:47.765+0000] {manager.py:879} INFO - 
================================================================================
DAG File Processing Stats

File Path                          PID    Runtime      # DAGs    # Errors  Last Runtime    Last Run
---------------------------------  -----  ---------  --------  ----------  --------------  -------------------
/opt/airflow/dags/ETL_pipeline.py                           1           0  0.58s           2026-03-18T10:57:39
================================================================================
[2026-03-18T10:58:18.078+0000] {manager.py:879} INFO - 
================================================================================
DAG File Processing Stats

File Path                          PID    Runtime      # DAGs    # Errors  Last Runtime    Last Run
---------------------------------  -----  ---------  --------  ----------  --------------  -------------------
/opt/airflow/dags/ETL_pipeline.py                           1           0  0.39s           2026-03-18T10:58:10
================================================================================
[2026-03-18T10:58:48.741+0000] {manager.py:879} INFO - 
================================================================================
DAG File Processing Stats

File Path                          PID    Runtime      # DAGs    # Errors  Last Runtime    Last Run
---------------------------------  -----  ---------  --------  ----------  --------------  -------------------
/opt/airflow/dags/ETL_pipeline.py                           1           0  0.33s           2026-03-18T10:58:40
================================================================================
[2026-03-18T10:59:18.793+0000] {manager.py:879} INFO - 
================================================================================
DAG File Processing Stats

File Path                          PID    Runtime      # DAGs    # Errors  Last Runtime    Last Run
---------------------------------  -----  ---------  --------  ----------  --------------  -------------------
/opt/airflow/dags/ETL_pipeline.py                           1           0  0.36s           2026-03-18T10:59:11
================================================================================
[2026-03-18T10:59:25.389+0000] {manager.py:738} INFO - Searching for files in /opt/airflow/dags
[2026-03-18T10:59:25.429+0000] {manager.py:741} INFO - There are 1 files in /opt/airflow/dags
[2026-03-18T10:59:49.173+0000] {manager.py:879} INFO - 
================================================================================
DAG File Processing Stats

File Path                          PID    Runtime      # DAGs    # Errors  Last Runtime    Last Run
---------------------------------  -----  ---------  --------  ----------  --------------  -------------------
/opt/airflow/dags/ETL_pipeline.py                           1           0  0.49s           2026-03-18T10:59:42
================================================================================
[2026-03-18T11:00:19.305+0000] {manager.py:879} INFO - 
================================================================================
DAG File Processing Stats

File Path                          PID    Runtime      # DAGs    # Errors  Last Runtime    Last Run
---------------------------------  -----  ---------  --------  ----------  --------------  -------------------
/opt/airflow/dags/ETL_pipeline.py                           1           0  0.37s           2026-03-18T11:00:13
================================================================================
[2026-03-18T11:00:49.628+0000] {manager.py:879} INFO - 
================================================================================
DAG File Processing Stats

File Path                          PID    Runtime      # DAGs    # Errors  Last Runtime    Last Run
---------------------------------  -----  ---------  --------  ----------  --------------  -------------------
/opt/airflow/dags/ETL_pipeline.py                           1           0  0.31s           2026-03-18T11:00:43
================================================================================
[2026-03-18T11:01:20.206+0000] {manager.py:879} INFO - 
================================================================================
DAG File Processing Stats

File Path                          PID    Runtime      # DAGs    # Errors  Last Runtime    Last Run
---------------------------------  -----  ---------  --------  ----------  --------------  -------------------
/opt/airflow/dags/ETL_pipeline.py                           1           0  0.34s           2026-03-18T11:01:14
================================================================================
[2026-03-18T11:01:50.217+0000] {manager.py:879} INFO - 
================================================================================
DAG File Processing Stats

File Path                          PID    Runtime      # DAGs    # Errors  Last Runtime    Last Run
---------------------------------  -----  ---------  --------  ----------  --------------  -------------------
/opt/airflow/dags/ETL_pipeline.py                           1           0  0.33s           2026-03-18T11:01:45
================================================================================
[2026-03-18T11:02:20.503+0000] {manager.py:879} INFO - 
================================================================================
DAG File Processing Stats

File Path                          PID    Runtime      # DAGs    # Errors  Last Runtime    Last Run
---------------------------------  -----  ---------  --------  ----------  --------------  -------------------
/opt/airflow/dags/ETL_pipeline.py                           1           0  0.32s           2026-03-18T11:02:15
================================================================================
[2026-03-18T11:02:51.083+0000] {manager.py:879} INFO - 
================================================================================
DAG File Processing Stats

File Path                          PID    Runtime      # DAGs    # Errors  Last Runtime    Last Run
---------------------------------  -----  ---------  --------  ----------  --------------  -------------------
/opt/airflow/dags/ETL_pipeline.py                           1           0  0.31s           2026-03-18T11:02:46
================================================================================
[2026-03-18T11:03:21.714+0000] {manager.py:879} INFO - 
================================================================================
DAG File Processing Stats

File Path                          PID    Runtime      # DAGs    # Errors  Last Runtime    Last Run
---------------------------------  -----  ---------  --------  ----------  --------------  -------------------
/opt/airflow/dags/ETL_pipeline.py                           1           0  0.31s           2026-03-18T11:03:16
================================================================================
[2026-03-18T11:03:52.338+0000] {manager.py:879} INFO - 
================================================================================
DAG File Processing Stats

File Path                          PID    Runtime      # DAGs    # Errors  Last Runtime    Last Run
---------------------------------  -----  ---------  --------  ----------  --------------  -------------------
/opt/airflow/dags/ETL_pipeline.py                           1           0  0.35s           2026-03-18T11:03:47
================================================================================
[2026-03-18T11:04:22.652+0000] {manager.py:879} INFO - 
================================================================================
DAG File Processing Stats

File Path                          PID    Runtime      # DAGs    # Errors  Last Runtime    Last Run
---------------------------------  -----  ---------  --------  ----------  --------------  -------------------
/opt/airflow/dags/ETL_pipeline.py                           1           0  0.51s           2026-03-18T11:04:18
================================================================================
[2026-03-18T11:04:25.683+0000] {manager.py:738} INFO - Searching for files in /opt/airflow/dags
[2026-03-18T11:04:25.741+0000] {manager.py:741} INFO - There are 1 files in /opt/airflow/dags
[2026-03-18T11:04:52.897+0000] {manager.py:879} INFO - 
================================================================================
DAG File Processing Stats

File Path                          PID    Runtime      # DAGs    # Errors  Last Runtime    Last Run
---------------------------------  -----  ---------  --------  ----------  --------------  -------------------
/opt/airflow/dags/ETL_pipeline.py                           1           0  0.80s           2026-03-18T11:04:49
================================================================================
[2026-03-18T11:05:23.163+0000] {manager.py:879} INFO - 
================================================================================
DAG File Processing Stats

File Path                          PID    Runtime      # DAGs    # Errors  Last Runtime    Last Run
---------------------------------  -----  ---------  --------  ----------  --------------  -------------------
/opt/airflow/dags/ETL_pipeline.py                           1           0  0.29s           2026-03-18T11:05:20
================================================================================
[2026-03-18T11:05:53.712+0000] {manager.py:879} INFO - 
================================================================================
DAG File Processing Stats

File Path                          PID    Runtime      # DAGs    # Errors  Last Runtime    Last Run
---------------------------------  -----  ---------  --------  ----------  --------------  -------------------
/opt/airflow/dags/ETL_pipeline.py                           1           0  0.31s           2026-03-18T11:05:50
================================================================================
[2026-03-18T11:06:23.780+0000] {manager.py:879} INFO - 
================================================================================
DAG File Processing Stats

File Path                          PID    Runtime      # DAGs    # Errors  Last Runtime    Last Run
---------------------------------  -----  ---------  --------  ----------  --------------  -------------------
/opt/airflow/dags/ETL_pipeline.py                           1           0  0.47s           2026-03-18T11:06:21
================================================================================
[2026-03-18T11:06:54.079+0000] {manager.py:879} INFO - 
================================================================================
DAG File Processing Stats

File Path                          PID    Runtime      # DAGs    # Errors  Last Runtime    Last Run
---------------------------------  -----  ---------  --------  ----------  --------------  -------------------
/opt/airflow/dags/ETL_pipeline.py                           1           0  0.28s           2026-03-18T11:06:52
================================================================================
[2026-03-18T11:07:24.625+0000] {manager.py:879} INFO - 
================================================================================
DAG File Processing Stats

File Path                          PID    Runtime      # DAGs    # Errors  Last Runtime    Last Run
---------------------------------  -----  ---------  --------  ----------  --------------  -------------------
/opt/airflow/dags/ETL_pipeline.py                           1           0  0.30s           2026-03-18T11:07:22
================================================================================
[2026-03-18T11:07:54.942+0000] {manager.py:879} INFO - 
================================================================================
DAG File Processing Stats

File Path                          PID    Runtime      # DAGs    # Errors  Last Runtime    Last Run
---------------------------------  -----  ---------  --------  ----------  --------------  -------------------
/opt/airflow/dags/ETL_pipeline.py                           1           0  0.28s           2026-03-18T11:07:53
================================================================================
[2026-03-18T11:08:25.445+0000] {manager.py:879} INFO - 
================================================================================
DAG File Processing Stats

File Path                          PID    Runtime      # DAGs    # Errors  Last Runtime    Last Run
---------------------------------  -----  ---------  --------  ----------  --------------  -------------------
/opt/airflow/dags/ETL_pipeline.py                           1           0  0.29s           2026-03-18T11:08:23
================================================================================
[2026-03-18T11:08:55.761+0000] {manager.py:879} INFO - 
================================================================================
DAG File Processing Stats

File Path                          PID    Runtime      # DAGs    # Errors  Last Runtime    Last Run
---------------------------------  -----  ---------  --------  ----------  --------------  -------------------
/opt/airflow/dags/ETL_pipeline.py                           1           0  0.34s           2026-03-18T11:08:54
================================================================================
[2026-03-18T11:09:25.747+0000] {manager.py:738} INFO - Searching for files in /opt/airflow/dags
[2026-03-18T11:09:25.798+0000] {manager.py:741} INFO - There are 1 files in /opt/airflow/dags
[2026-03-18T11:09:25.825+0000] {manager.py:879} INFO - 
================================================================================
DAG File Processing Stats

File Path                          PID    Runtime      # DAGs    # Errors  Last Runtime    Last Run
---------------------------------  -----  ---------  --------  ----------  --------------  -------------------
/opt/airflow/dags/ETL_pipeline.py                           1           0  0.36s           2026-03-18T11:09:24
================================================================================
[2026-03-18T11:09:56.099+0000] {manager.py:879} INFO - 
================================================================================
DAG File Processing Stats

File Path                          PID    Runtime      # DAGs    # Errors  Last Runtime    Last Run
---------------------------------  -----  ---------  --------  ----------  --------------  -------------------
/opt/airflow/dags/ETL_pipeline.py                           1           0  0.33s           2026-03-18T11:09:55
================================================================================
[2026-03-18T11:10:26.709+0000] {manager.py:879} INFO - 
================================================================================
DAG File Processing Stats

File Path                          PID    Runtime      # DAGs    # Errors  Last Runtime    Last Run
---------------------------------  -----  ---------  --------  ----------  --------------  -------------------
/opt/airflow/dags/ETL_pipeline.py                           1           0  0.28s           2026-03-18T11:10:25
================================================================================
[2026-03-18T11:10:57.006+0000] {manager.py:879} INFO - 
================================================================================
DAG File Processing Stats

File Path                          PID    Runtime      # DAGs    # Errors  Last Runtime    Last Run
---------------------------------  -----  ---------  --------  ----------  --------------  -------------------
/opt/airflow/dags/ETL_pipeline.py                           1           0  0.26s           2026-03-18T11:10:56
================================================================================
[2026-03-18T11:11:27.510+0000] {manager.py:879} INFO - 
================================================================================
DAG File Processing Stats

File Path                          PID    Runtime      # DAGs    # Errors  Last Runtime    Last Run
---------------------------------  -----  ---------  --------  ----------  --------------  -------------------
/opt/airflow/dags/ETL_pipeline.py                           1           0  0.28s           2026-03-18T11:11:26
================================================================================
[2026-03-18T11:11:57.790+0000] {manager.py:879} INFO - 
================================================================================
DAG File Processing Stats

File Path                          PID    Runtime      # DAGs    # Errors  Last Runtime    Last Run
---------------------------------  -----  ---------  --------  ----------  --------------  -------------------
/opt/airflow/dags/ETL_pipeline.py                           1           0  0.64s           2026-03-18T11:11:57
================================================================================
[2026-03-18T11:12:28.374+0000] {manager.py:879} INFO - 
================================================================================
DAG File Processing Stats

File Path                            PID  Runtime      # DAGs    # Errors  Last Runtime    Last Run
---------------------------------  -----  ---------  --------  ----------  --------------  -------------------
/opt/airflow/dags/ETL_pipeline.py    587  0.02s             1           0  0.64s           2026-03-18T11:11:57
================================================================================
[2026-03-18T11:12:59.072+0000] {manager.py:879} INFO - 
================================================================================
DAG File Processing Stats

File Path                            PID  Runtime      # DAGs    # Errors  Last Runtime    Last Run
---------------------------------  -----  ---------  --------  ----------  --------------  -------------------
/opt/airflow/dags/ETL_pipeline.py    592  0.01s             1           0  0.44s           2026-03-18T11:12:28
================================================================================
[2026-03-18T11:13:29.393+0000] {manager.py:879} INFO - 
================================================================================
DAG File Processing Stats

File Path                          PID    Runtime      # DAGs    # Errors  Last Runtime    Last Run
---------------------------------  -----  ---------  --------  ----------  --------------  -------------------
/opt/airflow/dags/ETL_pipeline.py                           1           0  0.45s           2026-03-18T11:12:59
================================================================================
[2026-03-18T11:13:59.428+0000] {manager.py:879} INFO - 
================================================================================
DAG File Processing Stats

File Path                          PID    Runtime      # DAGs    # Errors  Last Runtime    Last Run
---------------------------------  -----  ---------  --------  ----------  --------------  -------------------
/opt/airflow/dags/ETL_pipeline.py                           1           0  0.27s           2026-03-18T11:13:30
================================================================================
[2026-03-18T11:14:26.681+0000] {manager.py:738} INFO - Searching for files in /opt/airflow/dags
[2026-03-18T11:14:26.725+0000] {manager.py:741} INFO - There are 1 files in /opt/airflow/dags
[2026-03-18T11:14:29.774+0000] {manager.py:879} INFO - 
================================================================================
DAG File Processing Stats

File Path                          PID    Runtime      # DAGs    # Errors  Last Runtime    Last Run
---------------------------------  -----  ---------  --------  ----------  --------------  -------------------
/opt/airflow/dags/ETL_pipeline.py                           1           0  0.36s           2026-03-18T11:14:00
================================================================================
[2026-03-18T11:15:00.452+0000] {manager.py:879} INFO - 
================================================================================
DAG File Processing Stats

File Path                          PID    Runtime      # DAGs    # Errors  Last Runtime    Last Run
---------------------------------  -----  ---------  --------  ----------  --------------  -------------------
/opt/airflow/dags/ETL_pipeline.py                           1           0  0.22s           2026-03-18T11:14:31
================================================================================
[2026-03-18T11:15:30.802+0000] {manager.py:879} INFO - 
================================================================================
DAG File Processing Stats

File Path                          PID    Runtime      # DAGs    # Errors  Last Runtime    Last Run
---------------------------------  -----  ---------  --------  ----------  --------------  -------------------
/opt/airflow/dags/ETL_pipeline.py                           1           0  0.48s           2026-03-18T11:15:01
================================================================================
[2026-03-18T11:16:01.510+0000] {manager.py:879} INFO - 
================================================================================
DAG File Processing Stats

File Path                          PID    Runtime      # DAGs    # Errors  Last Runtime    Last Run
---------------------------------  -----  ---------  --------  ----------  --------------  -------------------
/opt/airflow/dags/ETL_pipeline.py                           1           0  0.22s           2026-03-18T11:15:32
================================================================================
[2026-03-18T11:16:31.992+0000] {manager.py:879} INFO - 
================================================================================
DAG File Processing Stats

File Path                          PID    Runtime      # DAGs    # Errors  Last Runtime    Last Run
---------------------------------  -----  ---------  --------  ----------  --------------  -------------------
/opt/airflow/dags/ETL_pipeline.py                           1           0  0.45s           2026-03-18T11:16:02
================================================================================
[2026-03-18T11:17:02.569+0000] {manager.py:879} INFO - 
================================================================================
DAG File Processing Stats

File Path                          PID    Runtime      # DAGs    # Errors  Last Runtime    Last Run
---------------------------------  -----  ---------  --------  ----------  --------------  -------------------
/opt/airflow/dags/ETL_pipeline.py                           1           0  0.34s           2026-03-18T11:16:33
================================================================================
[2026-03-18T11:17:32.910+0000] {manager.py:879} INFO - 
================================================================================
DAG File Processing Stats

File Path                          PID    Runtime      # DAGs    # Errors  Last Runtime    Last Run
---------------------------------  -----  ---------  --------  ----------  --------------  -------------------
/opt/airflow/dags/ETL_pipeline.py                           1           0  0.21s           2026-03-18T11:17:03
================================================================================
[2026-03-18T11:18:03.274+0000] {manager.py:879} INFO - 
================================================================================
DAG File Processing Stats

File Path                          PID    Runtime      # DAGs    # Errors  Last Runtime    Last Run
---------------------------------  -----  ---------  --------  ----------  --------------  -------------------
/opt/airflow/dags/ETL_pipeline.py                           1           0  0.35s           2026-03-18T11:17:34
================================================================================
[2026-03-18T11:18:33.797+0000] {manager.py:879} INFO - 
================================================================================
DAG File Processing Stats

File Path                          PID    Runtime      # DAGs    # Errors  Last Runtime    Last Run
---------------------------------  -----  ---------  --------  ----------  --------------  -------------------
/opt/airflow/dags/ETL_pipeline.py                           1           0  0.28s           2026-03-18T11:18:04
================================================================================
[2026-03-18T11:19:04.484+0000] {manager.py:879} INFO - 
================================================================================
DAG File Processing Stats

File Path                          PID    Runtime      # DAGs    # Errors  Last Runtime    Last Run
---------------------------------  -----  ---------  --------  ----------  --------------  -------------------
/opt/airflow/dags/ETL_pipeline.py                           1           0  0.20s           2026-03-18T11:18:35
================================================================================
[2026-03-18T11:19:26.842+0000] {manager.py:738} INFO - Searching for files in /opt/airflow/dags
[2026-03-18T11:19:26.917+0000] {manager.py:741} INFO - There are 1 files in /opt/airflow/dags
[2026-03-18T11:19:35.020+0000] {manager.py:879} INFO - 
================================================================================
DAG File Processing Stats

File Path                          PID    Runtime      # DAGs    # Errors  Last Runtime    Last Run
---------------------------------  -----  ---------  --------  ----------  --------------  -------------------
/opt/airflow/dags/ETL_pipeline.py                           1           0  0.32s           2026-03-18T11:19:05
================================================================================
[2026-03-18T11:20:05.350+0000] {manager.py:879} INFO - 
================================================================================
DAG File Processing Stats

File Path                          PID    Runtime      # DAGs    # Errors  Last Runtime    Last Run
---------------------------------  -----  ---------  --------  ----------  --------------  -------------------
/opt/airflow/dags/ETL_pipeline.py                           1           0  0.18s           2026-03-18T11:19:36
================================================================================
[2026-03-18T11:20:35.725+0000] {manager.py:879} INFO - 
================================================================================
DAG File Processing Stats

File Path                          PID    Runtime      # DAGs    # Errors  Last Runtime    Last Run
---------------------------------  -----  ---------  --------  ----------  --------------  -------------------
/opt/airflow/dags/ETL_pipeline.py                           1           0  0.24s           2026-03-18T11:20:06
================================================================================
[2026-03-18T11:21:06.240+0000] {manager.py:879} INFO - 
================================================================================
DAG File Processing Stats

File Path                          PID    Runtime      # DAGs    # Errors  Last Runtime    Last Run
---------------------------------  -----  ---------  --------  ----------  --------------  -------------------
/opt/airflow/dags/ETL_pipeline.py                           1           0  0.31s           2026-03-18T11:20:37
================================================================================
[2026-03-18T11:21:36.627+0000] {manager.py:879} INFO - 
================================================================================
DAG File Processing Stats

File Path                          PID    Runtime      # DAGs    # Errors  Last Runtime    Last Run
---------------------------------  -----  ---------  --------  ----------  --------------  -------------------
/opt/airflow/dags/ETL_pipeline.py                           1           0  0.35s           2026-03-18T11:21:07
================================================================================
[2026-03-18T11:22:07.105+0000] {manager.py:879} INFO - 
================================================================================
DAG File Processing Stats

File Path                          PID    Runtime      # DAGs    # Errors  Last Runtime    Last Run
---------------------------------  -----  ---------  --------  ----------  --------------  -------------------
/opt/airflow/dags/ETL_pipeline.py                           1           0  0.27s           2026-03-18T11:21:37
================================================================================
[2026-03-18T11:22:37.499+0000] {manager.py:879} INFO - 
================================================================================
DAG File Processing Stats

File Path                          PID    Runtime      # DAGs    # Errors  Last Runtime    Last Run
---------------------------------  -----  ---------  --------  ----------  --------------  -------------------
/opt/airflow/dags/ETL_pipeline.py                           1           0  0.38s           2026-03-18T11:22:08
================================================================================
[2026-03-18T11:23:08.179+0000] {manager.py:879} INFO - 
================================================================================
DAG File Processing Stats

File Path                          PID    Runtime      # DAGs    # Errors  Last Runtime    Last Run
---------------------------------  -----  ---------  --------  ----------  --------------  -------------------
/opt/airflow/dags/ETL_pipeline.py                           1           0  0.25s           2026-03-18T11:22:39
================================================================================
[2026-03-18T11:23:38.700+0000] {manager.py:879} INFO - 
================================================================================
DAG File Processing Stats

File Path                          PID    Runtime      # DAGs    # Errors  Last Runtime    Last Run
---------------------------------  -----  ---------  --------  ----------  --------------  -------------------
/opt/airflow/dags/ETL_pipeline.py                           1           0  0.31s           2026-03-18T11:23:09
================================================================================
[2026-03-18T11:24:09.022+0000] {manager.py:879} INFO - 
================================================================================
DAG File Processing Stats

File Path                          PID    Runtime      # DAGs    # Errors  Last Runtime    Last Run
---------------------------------  -----  ---------  --------  ----------  --------------  -------------------
/opt/airflow/dags/ETL_pipeline.py                           1           0  0.22s           2026-03-18T11:23:39
================================================================================
[2026-03-18T11:24:27.377+0000] {manager.py:738} INFO - Searching for files in /opt/airflow/dags
[2026-03-18T11:24:27.426+0000] {manager.py:741} INFO - There are 1 files in /opt/airflow/dags
[2026-03-18T11:24:39.562+0000] {manager.py:879} INFO - 
================================================================================
DAG File Processing Stats

File Path                          PID    Runtime      # DAGs    # Errors  Last Runtime    Last Run
---------------------------------  -----  ---------  --------  ----------  --------------  -------------------
/opt/airflow/dags/ETL_pipeline.py                           1           0  0.24s           2026-03-18T11:24:10
================================================================================
[2026-03-18T11:25:09.883+0000] {manager.py:879} INFO - 
================================================================================
DAG File Processing Stats

File Path                          PID    Runtime      # DAGs    # Errors  Last Runtime    Last Run
---------------------------------  -----  ---------  --------  ----------  --------------  -------------------
/opt/airflow/dags/ETL_pipeline.py                           1           0  0.33s           2026-03-18T11:24:40
================================================================================
[2026-03-18T11:25:40.535+0000] {manager.py:879} INFO - 
================================================================================
DAG File Processing Stats

File Path                          PID    Runtime      # DAGs    # Errors  Last Runtime    Last Run
---------------------------------  -----  ---------  --------  ----------  --------------  -------------------
/opt/airflow/dags/ETL_pipeline.py                           1           0  0.26s           2026-03-18T11:25:11
================================================================================
[2026-03-18T11:26:11.113+0000] {manager.py:879} INFO - 
================================================================================
DAG File Processing Stats

File Path                          PID    Runtime      # DAGs    # Errors  Last Runtime    Last Run
---------------------------------  -----  ---------  --------  ----------  --------------  -------------------
/opt/airflow/dags/ETL_pipeline.py                           1           0  0.31s           2026-03-18T11:25:41
================================================================================
[2026-03-18T11:26:41.457+0000] {manager.py:879} INFO - 
================================================================================
DAG File Processing Stats

File Path                          PID    Runtime      # DAGs    # Errors  Last Runtime    Last Run
---------------------------------  -----  ---------  --------  ----------  --------------  -------------------
/opt/airflow/dags/ETL_pipeline.py                           1           0  0.34s           2026-03-18T11:26:12
================================================================================
[2026-03-18T11:27:12.065+0000] {manager.py:879} INFO - 
================================================================================
DAG File Processing Stats

File Path                          PID    Runtime      # DAGs    # Errors  Last Runtime    Last Run
---------------------------------  -----  ---------  --------  ----------  --------------  -------------------
/opt/airflow/dags/ETL_pipeline.py                           1           0  0.21s           2026-03-18T11:26:42
================================================================================
[2026-03-18T11:27:42.533+0000] {manager.py:879} INFO - 
================================================================================
DAG File Processing Stats

File Path                          PID    Runtime      # DAGs    # Errors  Last Runtime    Last Run
---------------------------------  -----  ---------  --------  ----------  --------------  -------------------
/opt/airflow/dags/ETL_pipeline.py                           1           0  0.22s           2026-03-18T11:27:13
================================================================================
[2026-03-18T11:28:12.847+0000] {manager.py:879} INFO - 
================================================================================
DAG File Processing Stats

File Path                          PID    Runtime      # DAGs    # Errors  Last Runtime    Last Run
---------------------------------  -----  ---------  --------  ----------  --------------  -------------------
/opt/airflow/dags/ETL_pipeline.py                           1           0  0.22s           2026-03-18T11:27:43
================================================================================
[2026-03-18T11:28:43.337+0000] {manager.py:879} INFO - 
================================================================================
DAG File Processing Stats

File Path                          PID    Runtime      # DAGs    # Errors  Last Runtime    Last Run
---------------------------------  -----  ---------  --------  ----------  --------------  -------------------
/opt/airflow/dags/ETL_pipeline.py                           1           0  0.23s           2026-03-18T11:28:14
================================================================================
[2026-03-18T11:29:13.743+0000] {manager.py:879} INFO - 
================================================================================
DAG File Processing Stats

File Path                          PID    Runtime      # DAGs    # Errors  Last Runtime    Last Run
---------------------------------  -----  ---------  --------  ----------  --------------  -------------------
/opt/airflow/dags/ETL_pipeline.py                           1           0  0.28s           2026-03-18T11:28:44
================================================================================
[2026-03-18T11:29:28.046+0000] {manager.py:738} INFO - Searching for files in /opt/airflow/dags
[2026-03-18T11:29:28.166+0000] {manager.py:741} INFO - There are 1 files in /opt/airflow/dags
[2026-03-18T11:29:44.379+0000] {manager.py:879} INFO - 
================================================================================
DAG File Processing Stats

File Path                          PID    Runtime      # DAGs    # Errors  Last Runtime    Last Run
---------------------------------  -----  ---------  --------  ----------  --------------  -------------------
/opt/airflow/dags/ETL_pipeline.py                           1           0  0.29s           2026-03-18T11:29:15
================================================================================
[2026-03-18T11:30:14.713+0000] {manager.py:879} INFO - 
================================================================================
DAG File Processing Stats

File Path                          PID    Runtime      # DAGs    # Errors  Last Runtime    Last Run
---------------------------------  -----  ---------  --------  ----------  --------------  -------------------
/opt/airflow/dags/ETL_pipeline.py                           1           0  0.21s           2026-03-18T11:29:45
================================================================================
[2026-03-18T11:30:45.135+0000] {manager.py:879} INFO - 
================================================================================
DAG File Processing Stats

File Path                          PID    Runtime      # DAGs    # Errors  Last Runtime    Last Run
---------------------------------  -----  ---------  --------  ----------  --------------  -------------------
/opt/airflow/dags/ETL_pipeline.py                           1           0  0.28s           2026-03-18T11:30:16
================================================================================
[2026-03-18T11:31:15.620+0000] {manager.py:879} INFO - 
================================================================================
DAG File Processing Stats

File Path                          PID    Runtime      # DAGs    # Errors  Last Runtime    Last Run
---------------------------------  -----  ---------  --------  ----------  --------------  -------------------
/opt/airflow/dags/ETL_pipeline.py                           1           0  0.24s           2026-03-18T11:30:46
================================================================================
[2026-03-18T11:31:45.942+0000] {manager.py:879} INFO - 
================================================================================
DAG File Processing Stats

File Path                          PID    Runtime      # DAGs    # Errors  Last Runtime    Last Run
---------------------------------  -----  ---------  --------  ----------  --------------  -------------------
/opt/airflow/dags/ETL_pipeline.py                           1           0  0.33s           2026-03-18T11:31:16
================================================================================
[2026-03-18T11:32:16.529+0000] {manager.py:879} INFO - 
================================================================================
DAG File Processing Stats

File Path                          PID    Runtime      # DAGs    # Errors  Last Runtime    Last Run
---------------------------------  -----  ---------  --------  ----------  --------------  -------------------
/opt/airflow/dags/ETL_pipeline.py                           1           0  0.22s           2026-03-18T11:31:47
================================================================================
[2026-03-18T11:32:46.982+0000] {manager.py:879} INFO - 
================================================================================
DAG File Processing Stats

File Path                          PID    Runtime      # DAGs    # Errors  Last Runtime    Last Run
---------------------------------  -----  ---------  --------  ----------  --------------  -------------------
/opt/airflow/dags/ETL_pipeline.py                           1           0  0.21s           2026-03-18T11:32:17
================================================================================
[2026-03-18T11:33:17.323+0000] {manager.py:879} INFO - 
================================================================================
DAG File Processing Stats

File Path                          PID    Runtime      # DAGs    # Errors  Last Runtime    Last Run
---------------------------------  -----  ---------  --------  ----------  --------------  -------------------
/opt/airflow/dags/ETL_pipeline.py                           1           0  0.21s           2026-03-18T11:32:48
================================================================================
[2026-03-18T11:33:47.713+0000] {manager.py:879} INFO - 
================================================================================
DAG File Processing Stats

File Path                          PID    Runtime      # DAGs    # Errors  Last Runtime    Last Run
---------------------------------  -----  ---------  --------  ----------  --------------  -------------------
/opt/airflow/dags/ETL_pipeline.py                           1           0  0.26s           2026-03-18T11:33:18
================================================================================
[2026-03-18T11:34:18.091+0000] {manager.py:879} INFO - 
================================================================================
DAG File Processing Stats

File Path                          PID    Runtime      # DAGs    # Errors  Last Runtime    Last Run
---------------------------------  -----  ---------  --------  ----------  --------------  -------------------
/opt/airflow/dags/ETL_pipeline.py                           1           0  0.34s           2026-03-18T11:33:49
================================================================================
[2026-03-18T11:34:28.409+0000] {manager.py:738} INFO - Searching for files in /opt/airflow/dags
[2026-03-18T11:34:28.436+0000] {manager.py:741} INFO - There are 1 files in /opt/airflow/dags
[2026-03-18T11:34:48.646+0000] {manager.py:879} INFO - 
================================================================================
DAG File Processing Stats

File Path                          PID    Runtime      # DAGs    # Errors  Last Runtime    Last Run
---------------------------------  -----  ---------  --------  ----------  --------------  -------------------
/opt/airflow/dags/ETL_pipeline.py                           1           0  0.34s           2026-03-18T11:34:19
================================================================================
[2026-03-18T11:35:19.105+0000] {manager.py:879} INFO - 
================================================================================
DAG File Processing Stats

File Path                          PID    Runtime      # DAGs    # Errors  Last Runtime    Last Run
---------------------------------  -----  ---------  --------  ----------  --------------  -------------------
/opt/airflow/dags/ETL_pipeline.py                           1           0  0.28s           2026-03-18T11:34:49
================================================================================
[2026-03-18T11:35:49.506+0000] {manager.py:879} INFO - 
================================================================================
DAG File Processing Stats

File Path                          PID    Runtime      # DAGs    # Errors  Last Runtime    Last Run
---------------------------------  -----  ---------  --------  ----------  --------------  -------------------
/opt/airflow/dags/ETL_pipeline.py                           1           0  0.20s           2026-03-18T11:35:20
================================================================================
[2026-03-18T11:36:19.900+0000] {manager.py:879} INFO - 
================================================================================
DAG File Processing Stats

File Path                          PID    Runtime      # DAGs    # Errors  Last Runtime    Last Run
---------------------------------  -----  ---------  --------  ----------  --------------  -------------------
/opt/airflow/dags/ETL_pipeline.py                           1           0  0.22s           2026-03-18T11:35:50
================================================================================
[2026-03-18T11:36:50.357+0000] {manager.py:879} INFO - 
================================================================================
DAG File Processing Stats

File Path                          PID    Runtime      # DAGs    # Errors  Last Runtime    Last Run
---------------------------------  -----  ---------  --------  ----------  --------------  -------------------
/opt/airflow/dags/ETL_pipeline.py                           1           0  0.32s           2026-03-18T11:36:21
================================================================================
[2026-03-18T11:37:20.832+0000] {manager.py:879} INFO - 
================================================================================
DAG File Processing Stats

File Path                          PID    Runtime      # DAGs    # Errors  Last Runtime    Last Run
---------------------------------  -----  ---------  --------  ----------  --------------  -------------------
/opt/airflow/dags/ETL_pipeline.py                           1           0  0.26s           2026-03-18T11:36:51
================================================================================
[2026-03-18T11:37:51.240+0000] {manager.py:879} INFO - 
================================================================================
DAG File Processing Stats

File Path                          PID    Runtime      # DAGs    # Errors  Last Runtime    Last Run
---------------------------------  -----  ---------  --------  ----------  --------------  -------------------
/opt/airflow/dags/ETL_pipeline.py                           1           0  0.43s           2026-03-18T11:37:22
================================================================================
[2026-03-18T11:38:21.861+0000] {manager.py:879} INFO - 
================================================================================
DAG File Processing Stats

File Path                          PID    Runtime      # DAGs    # Errors  Last Runtime    Last Run
---------------------------------  -----  ---------  --------  ----------  --------------  -------------------
/opt/airflow/dags/ETL_pipeline.py                           1           0  0.24s           2026-03-18T11:37:52
================================================================================
[2026-03-18T11:38:52.358+0000] {manager.py:879} INFO - 
================================================================================
DAG File Processing Stats

File Path                          PID    Runtime      # DAGs    # Errors  Last Runtime    Last Run
---------------------------------  -----  ---------  --------  ----------  --------------  -------------------
/opt/airflow/dags/ETL_pipeline.py                           1           0  0.32s           2026-03-18T11:38:23
================================================================================
[2026-03-18T11:39:22.790+0000] {manager.py:879} INFO - 
================================================================================
DAG File Processing Stats

File Path                          PID    Runtime      # DAGs    # Errors  Last Runtime    Last Run
---------------------------------  -----  ---------  --------  ----------  --------------  -------------------
/opt/airflow/dags/ETL_pipeline.py                           1           0  0.21s           2026-03-18T11:38:53
================================================================================
[2026-03-18T11:39:28.913+0000] {manager.py:738} INFO - Searching for files in /opt/airflow/dags
[2026-03-18T11:39:28.955+0000] {manager.py:741} INFO - There are 1 files in /opt/airflow/dags
[2026-03-18T11:39:53.265+0000] {manager.py:879} INFO - 
================================================================================
DAG File Processing Stats

File Path                          PID    Runtime      # DAGs    # Errors  Last Runtime    Last Run
---------------------------------  -----  ---------  --------  ----------  --------------  -------------------
/opt/airflow/dags/ETL_pipeline.py                           1           0  0.24s           2026-03-18T11:39:24
================================================================================
[2026-03-18T11:40:23.676+0000] {manager.py:879} INFO - 
================================================================================
DAG File Processing Stats

File Path                          PID    Runtime      # DAGs    # Errors  Last Runtime    Last Run
---------------------------------  -----  ---------  --------  ----------  --------------  -------------------
/opt/airflow/dags/ETL_pipeline.py                           1           0  0.33s           2026-03-18T11:39:54
================================================================================
[2026-03-18T11:40:54.270+0000] {manager.py:879} INFO - 
================================================================================
DAG File Processing Stats

File Path                          PID    Runtime      # DAGs    # Errors  Last Runtime    Last Run
---------------------------------  -----  ---------  --------  ----------  --------------  -------------------
/opt/airflow/dags/ETL_pipeline.py                           1           0  0.29s           2026-03-18T11:40:24
================================================================================
[2026-03-18T11:41:24.559+0000] {manager.py:879} INFO - 
================================================================================
DAG File Processing Stats

File Path                          PID    Runtime      # DAGs    # Errors  Last Runtime    Last Run
---------------------------------  -----  ---------  --------  ----------  --------------  -------------------
/opt/airflow/dags/ETL_pipeline.py                           1           0  0.21s           2026-03-18T11:40:55
================================================================================
[2026-03-18T11:41:55.111+0000] {manager.py:879} INFO - 
================================================================================
DAG File Processing Stats

File Path                          PID    Runtime      # DAGs    # Errors  Last Runtime    Last Run
---------------------------------  -----  ---------  --------  ----------  --------------  -------------------
/opt/airflow/dags/ETL_pipeline.py                           1           0  0.29s           2026-03-18T11:41:25
================================================================================
[2026-03-18T11:42:25.395+0000] {manager.py:879} INFO - 
================================================================================
DAG File Processing Stats

File Path                          PID    Runtime      # DAGs    # Errors  Last Runtime    Last Run
---------------------------------  -----  ---------  --------  ----------  --------------  -------------------
/opt/airflow/dags/ETL_pipeline.py                           1           0  0.23s           2026-03-18T11:41:56
================================================================================
[2026-03-18T11:42:55.928+0000] {manager.py:879} INFO - 
================================================================================
DAG File Processing Stats

File Path                          PID    Runtime      # DAGs    # Errors  Last Runtime    Last Run
---------------------------------  -----  ---------  --------  ----------  --------------  -------------------
/opt/airflow/dags/ETL_pipeline.py                           1           0  0.23s           2026-03-18T11:42:26
================================================================================
[2026-03-18T11:43:26.244+0000] {manager.py:879} INFO - 
================================================================================
DAG File Processing Stats

File Path                          PID    Runtime      # DAGs    # Errors  Last Runtime    Last Run
---------------------------------  -----  ---------  --------  ----------  --------------  -------------------
/opt/airflow/dags/ETL_pipeline.py                           1           0  0.20s           2026-03-18T11:42:57
================================================================================
[2026-03-18T11:43:56.726+0000] {manager.py:879} INFO - 
================================================================================
DAG File Processing Stats

File Path                          PID    Runtime      # DAGs    # Errors  Last Runtime    Last Run
---------------------------------  -----  ---------  --------  ----------  --------------  -------------------
/opt/airflow/dags/ETL_pipeline.py                           1           0  0.31s           2026-03-18T11:43:27
================================================================================
[2026-03-18T11:44:27.180+0000] {manager.py:879} INFO - 
================================================================================
DAG File Processing Stats

File Path                          PID    Runtime      # DAGs    # Errors  Last Runtime    Last Run
---------------------------------  -----  ---------  --------  ----------  --------------  -------------------
/opt/airflow/dags/ETL_pipeline.py                           1           0  0.31s           2026-03-18T11:43:58
================================================================================
[2026-03-18T11:44:29.339+0000] {manager.py:738} INFO - Searching for files in /opt/airflow/dags
[2026-03-18T11:44:29.404+0000] {manager.py:741} INFO - There are 1 files in /opt/airflow/dags
[2026-03-18T11:44:57.796+0000] {manager.py:879} INFO - 
================================================================================
DAG File Processing Stats

File Path                          PID    Runtime      # DAGs    # Errors  Last Runtime    Last Run
---------------------------------  -----  ---------  --------  ----------  --------------  -------------------
/opt/airflow/dags/ETL_pipeline.py                           1           0  0.26s           2026-03-18T11:44:28
================================================================================
[2026-03-18T11:45:28.098+0000] {manager.py:879} INFO - 
================================================================================
DAG File Processing Stats

File Path                          PID    Runtime      # DAGs    # Errors  Last Runtime    Last Run
---------------------------------  -----  ---------  --------  ----------  --------------  -------------------
/opt/airflow/dags/ETL_pipeline.py                           1           0  1.01s           2026-03-18T11:44:59
================================================================================
[2026-03-18T11:45:58.420+0000] {manager.py:879} INFO - 
================================================================================
DAG File Processing Stats

File Path                          PID    Runtime      # DAGs    # Errors  Last Runtime    Last Run
---------------------------------  -----  ---------  --------  ----------  --------------  -------------------
/opt/airflow/dags/ETL_pipeline.py                           1           0  0.34s           2026-03-18T11:45:30
================================================================================
[2026-03-18T11:46:29.044+0000] {manager.py:879} INFO - 
================================================================================
DAG File Processing Stats

File Path                          PID    Runtime      # DAGs    # Errors  Last Runtime    Last Run
---------------------------------  -----  ---------  --------  ----------  --------------  -------------------
/opt/airflow/dags/ETL_pipeline.py                           1           0  0.30s           2026-03-18T11:46:01
================================================================================
[2026-03-18T11:46:59.320+0000] {manager.py:879} INFO - 
================================================================================
DAG File Processing Stats

File Path                          PID    Runtime      # DAGs    # Errors  Last Runtime    Last Run
---------------------------------  -----  ---------  --------  ----------  --------------  -------------------
/opt/airflow/dags/ETL_pipeline.py                           1           0  0.22s           2026-03-18T11:46:31
================================================================================
[2026-03-18T11:47:29.832+0000] {manager.py:879} INFO - 
================================================================================
DAG File Processing Stats

File Path                          PID    Runtime      # DAGs    # Errors  Last Runtime    Last Run
---------------------------------  -----  ---------  --------  ----------  --------------  -------------------
/opt/airflow/dags/ETL_pipeline.py                           1           0  0.28s           2026-03-18T11:47:01
================================================================================
[2026-03-18T11:48:00.231+0000] {manager.py:879} INFO - 
================================================================================
DAG File Processing Stats

File Path                          PID    Runtime      # DAGs    # Errors  Last Runtime    Last Run
---------------------------------  -----  ---------  --------  ----------  --------------  -------------------
/opt/airflow/dags/ETL_pipeline.py                           1           0  0.21s           2026-03-18T11:47:32
================================================================================
[2026-03-18T11:48:30.584+0000] {manager.py:879} INFO - 
================================================================================
DAG File Processing Stats

File Path                          PID    Runtime      # DAGs    # Errors  Last Runtime    Last Run
---------------------------------  -----  ---------  --------  ----------  --------------  -------------------
/opt/airflow/dags/ETL_pipeline.py                           1           0  0.23s           2026-03-18T11:48:02
================================================================================
[2026-03-18T11:49:01.082+0000] {manager.py:879} INFO - 
================================================================================
DAG File Processing Stats

File Path                          PID    Runtime      # DAGs    # Errors  Last Runtime    Last Run
---------------------------------  -----  ---------  --------  ----------  --------------  -------------------
/opt/airflow/dags/ETL_pipeline.py                           1           0  0.29s           2026-03-18T11:48:32
================================================================================
[2026-03-18T11:49:29.497+0000] {manager.py:738} INFO - Searching for files in /opt/airflow/dags
[2026-03-18T11:49:29.540+0000] {manager.py:741} INFO - There are 1 files in /opt/airflow/dags
[2026-03-18T11:49:31.574+0000] {manager.py:879} INFO - 
================================================================================
DAG File Processing Stats

File Path                          PID    Runtime      # DAGs    # Errors  Last Runtime    Last Run
---------------------------------  -----  ---------  --------  ----------  --------------  -------------------
/opt/airflow/dags/ETL_pipeline.py                           1           0  0.34s           2026-03-18T11:49:03
================================================================================
[2026-03-18T11:50:02.081+0000] {manager.py:879} INFO - 
================================================================================
DAG File Processing Stats

File Path                          PID    Runtime      # DAGs    # Errors  Last Runtime    Last Run
---------------------------------  -----  ---------  --------  ----------  --------------  -------------------
/opt/airflow/dags/ETL_pipeline.py                           1           0  0.20s           2026-03-18T11:49:33
================================================================================
[2026-03-18T11:50:32.421+0000] {manager.py:879} INFO - 
================================================================================
DAG File Processing Stats

File Path                          PID    Runtime      # DAGs    # Errors  Last Runtime    Last Run
---------------------------------  -----  ---------  --------  ----------  --------------  -------------------
/opt/airflow/dags/ETL_pipeline.py                           1           0  0.23s           2026-03-18T11:50:04
================================================================================
[2026-03-18T11:51:02.850+0000] {manager.py:879} INFO - 
================================================================================
DAG File Processing Stats

File Path                          PID    Runtime      # DAGs    # Errors  Last Runtime    Last Run
---------------------------------  -----  ---------  --------  ----------  --------------  -------------------
/opt/airflow/dags/ETL_pipeline.py                           1           0  0.22s           2026-03-18T11:50:34
================================================================================
[2026-03-18T11:51:33.231+0000] {manager.py:879} INFO - 
================================================================================
DAG File Processing Stats

File Path                          PID    Runtime      # DAGs    # Errors  Last Runtime    Last Run
---------------------------------  -----  ---------  --------  ----------  --------------  -------------------
/opt/airflow/dags/ETL_pipeline.py                           1           0  0.25s           2026-03-18T11:51:05
================================================================================
[2026-03-18T11:52:03.739+0000] {manager.py:879} INFO - 
================================================================================
DAG File Processing Stats

File Path                          PID    Runtime      # DAGs    # Errors  Last Runtime    Last Run
---------------------------------  -----  ---------  --------  ----------  --------------  -------------------
/opt/airflow/dags/ETL_pipeline.py                           1           0  0.29s           2026-03-18T11:51:35
================================================================================
[2026-03-18T11:52:34.171+0000] {manager.py:879} INFO - 
================================================================================
DAG File Processing Stats

File Path                          PID    Runtime      # DAGs    # Errors  Last Runtime    Last Run
---------------------------------  -----  ---------  --------  ----------  --------------  -------------------
/opt/airflow/dags/ETL_pipeline.py                           1           0  0.21s           2026-03-18T11:52:05
================================================================================
[2026-03-18T11:53:04.590+0000] {manager.py:879} INFO - 
================================================================================
DAG File Processing Stats

File Path                          PID    Runtime      # DAGs    # Errors  Last Runtime    Last Run
---------------------------------  -----  ---------  --------  ----------  --------------  -------------------
/opt/airflow/dags/ETL_pipeline.py                           1           0  0.24s           2026-03-18T11:52:36
================================================================================
[2026-03-18T11:53:35.032+0000] {manager.py:879} INFO - 
================================================================================
DAG File Processing Stats

File Path                          PID    Runtime      # DAGs    # Errors  Last Runtime    Last Run
---------------------------------  -----  ---------  --------  ----------  --------------  -------------------
/opt/airflow/dags/ETL_pipeline.py                           1           0  0.21s           2026-03-18T11:53:06
================================================================================
[2026-03-18T11:54:05.362+0000] {manager.py:879} INFO - 
================================================================================
DAG File Processing Stats

File Path                          PID    Runtime      # DAGs    # Errors  Last Runtime    Last Run
---------------------------------  -----  ---------  --------  ----------  --------------  -------------------
/opt/airflow/dags/ETL_pipeline.py                           1           0  0.20s           2026-03-18T11:53:37
================================================================================
[2026-03-18T11:54:29.830+0000] {manager.py:738} INFO - Searching for files in /opt/airflow/dags
[2026-03-18T11:54:29.896+0000] {manager.py:741} INFO - There are 1 files in /opt/airflow/dags
[2026-03-18T11:54:35.979+0000] {manager.py:879} INFO - 
================================================================================
DAG File Processing Stats

File Path                          PID    Runtime      # DAGs    # Errors  Last Runtime    Last Run
---------------------------------  -----  ---------  --------  ----------  --------------  -------------------
/opt/airflow/dags/ETL_pipeline.py                           1           0  0.21s           2026-03-18T11:54:07
================================================================================
[2026-03-18T11:55:06.262+0000] {manager.py:879} INFO - 
================================================================================
DAG File Processing Stats

File Path                          PID    Runtime      # DAGs    # Errors  Last Runtime    Last Run
---------------------------------  -----  ---------  --------  ----------  --------------  -------------------
/opt/airflow/dags/ETL_pipeline.py                           1           0  0.21s           2026-03-18T11:54:38
================================================================================
[2026-03-18T11:55:36.774+0000] {manager.py:879} INFO - 
================================================================================
DAG File Processing Stats

File Path                          PID    Runtime      # DAGs    # Errors  Last Runtime    Last Run
---------------------------------  -----  ---------  --------  ----------  --------------  -------------------
/opt/airflow/dags/ETL_pipeline.py                           1           0  0.21s           2026-03-18T11:55:08
================================================================================
[2026-03-18T11:56:07.126+0000] {manager.py:879} INFO - 
================================================================================
DAG File Processing Stats

File Path                          PID    Runtime      # DAGs    # Errors  Last Runtime    Last Run
---------------------------------  -----  ---------  --------  ----------  --------------  -------------------
/opt/airflow/dags/ETL_pipeline.py                           1           0  0.20s           2026-03-18T11:55:39
================================================================================
[2026-03-18T11:56:37.585+0000] {manager.py:879} INFO - 
================================================================================
DAG File Processing Stats

File Path                          PID    Runtime      # DAGs    # Errors  Last Runtime    Last Run
---------------------------------  -----  ---------  --------  ----------  --------------  -------------------
/opt/airflow/dags/ETL_pipeline.py                           1           0  0.37s           2026-03-18T11:56:09
================================================================================
[2026-03-18T11:57:07.887+0000] {manager.py:879} INFO - 
================================================================================
DAG File Processing Stats

File Path                          PID    Runtime      # DAGs    # Errors  Last Runtime    Last Run
---------------------------------  -----  ---------  --------  ----------  --------------  -------------------
/opt/airflow/dags/ETL_pipeline.py                           1           0  0.22s           2026-03-18T11:56:39
================================================================================
[2026-03-18T11:57:38.352+0000] {manager.py:879} INFO - 
================================================================================
DAG File Processing Stats

File Path                          PID    Runtime      # DAGs    # Errors  Last Runtime    Last Run
---------------------------------  -----  ---------  --------  ----------  --------------  -------------------
/opt/airflow/dags/ETL_pipeline.py                           1           0  0.23s           2026-03-18T11:57:10
================================================================================
[2026-03-18T11:58:08.733+0000] {manager.py:879} INFO - 
================================================================================
DAG File Processing Stats

File Path                          PID    Runtime      # DAGs    # Errors  Last Runtime    Last Run
---------------------------------  -----  ---------  --------  ----------  --------------  -------------------
/opt/airflow/dags/ETL_pipeline.py                           1           0  0.21s           2026-03-18T11:57:40
================================================================================
[2026-03-18T11:58:39.198+0000] {manager.py:879} INFO - 
================================================================================
DAG File Processing Stats

File Path                          PID    Runtime      # DAGs    # Errors  Last Runtime    Last Run
---------------------------------  -----  ---------  --------  ----------  --------------  -------------------
/opt/airflow/dags/ETL_pipeline.py                           1           0  0.23s           2026-03-18T11:58:11
================================================================================
[2026-03-18T11:59:09.527+0000] {manager.py:879} INFO - 
================================================================================
DAG File Processing Stats

File Path                          PID    Runtime      # DAGs    # Errors  Last Runtime    Last Run
---------------------------------  -----  ---------  --------  ----------  --------------  -------------------
/opt/airflow/dags/ETL_pipeline.py                           1           0  0.21s           2026-03-18T11:58:41
================================================================================
[2026-03-18T11:59:29.949+0000] {manager.py:738} INFO - Searching for files in /opt/airflow/dags
[2026-03-18T11:59:29.998+0000] {manager.py:741} INFO - There are 1 files in /opt/airflow/dags
[2026-03-18T11:59:40.126+0000] {manager.py:879} INFO - 
================================================================================
DAG File Processing Stats

File Path                          PID    Runtime      # DAGs    # Errors  Last Runtime    Last Run
---------------------------------  -----  ---------  --------  ----------  --------------  -------------------
/opt/airflow/dags/ETL_pipeline.py                           1           0  0.24s           2026-03-18T11:59:11
================================================================================
[2026-03-18T12:00:10.438+0000] {manager.py:879} INFO - 
================================================================================
DAG File Processing Stats

File Path                          PID    Runtime      # DAGs    # Errors  Last Runtime    Last Run
---------------------------------  -----  ---------  --------  ----------  --------------  -------------------
/opt/airflow/dags/ETL_pipeline.py                           1           0  0.31s           2026-03-18T11:59:42
================================================================================
[2026-03-18T12:00:41.061+0000] {manager.py:879} INFO - 
================================================================================
DAG File Processing Stats

File Path                          PID    Runtime      # DAGs    # Errors  Last Runtime    Last Run
---------------------------------  -----  ---------  --------  ----------  --------------  -------------------
/opt/airflow/dags/ETL_pipeline.py                           1           0  0.30s           2026-03-18T12:00:13
================================================================================
[2026-03-18T12:01:11.711+0000] {manager.py:879} INFO - 
================================================================================
DAG File Processing Stats

File Path                          PID    Runtime      # DAGs    # Errors  Last Runtime    Last Run
---------------------------------  -----  ---------  --------  ----------  --------------  -------------------
/opt/airflow/dags/ETL_pipeline.py                           1           0  0.22s           2026-03-18T12:00:43
================================================================================
[2026-03-18T12:01:42.216+0000] {manager.py:879} INFO - 
================================================================================
DAG File Processing Stats

File Path                          PID    Runtime      # DAGs    # Errors  Last Runtime    Last Run
---------------------------------  -----  ---------  --------  ----------  --------------  -------------------
/opt/airflow/dags/ETL_pipeline.py                           1           0  0.20s           2026-03-18T12:01:13
================================================================================
[2026-03-18T12:02:12.519+0000] {manager.py:879} INFO - 
================================================================================
DAG File Processing Stats

File Path                          PID    Runtime      # DAGs    # Errors  Last Runtime    Last Run
---------------------------------  -----  ---------  --------  ----------  --------------  -------------------
/opt/airflow/dags/ETL_pipeline.py                           1           0  0.25s           2026-03-18T12:01:44
================================================================================
[2026-03-18T12:02:43.049+0000] {manager.py:879} INFO - 
================================================================================
DAG File Processing Stats

File Path                          PID    Runtime      # DAGs    # Errors  Last Runtime    Last Run
---------------------------------  -----  ---------  --------  ----------  --------------  -------------------
/opt/airflow/dags/ETL_pipeline.py                           1           0  0.27s           2026-03-18T12:02:14
================================================================================
[2026-03-18T12:03:13.447+0000] {manager.py:879} INFO - 
================================================================================
DAG File Processing Stats

File Path                          PID    Runtime      # DAGs    # Errors  Last Runtime    Last Run
---------------------------------  -----  ---------  --------  ----------  --------------  -------------------
/opt/airflow/dags/ETL_pipeline.py                           1           0  0.22s           2026-03-18T12:02:45
================================================================================
[2026-03-18T12:03:43.893+0000] {manager.py:879} INFO - 
================================================================================
DAG File Processing Stats

File Path                          PID    Runtime      # DAGs    # Errors  Last Runtime    Last Run
---------------------------------  -----  ---------  --------  ----------  --------------  -------------------
/opt/airflow/dags/ETL_pipeline.py                           1           0  0.21s           2026-03-18T12:03:15
================================================================================
[2026-03-18T12:04:14.271+0000] {manager.py:879} INFO - 
================================================================================
DAG File Processing Stats

File Path                          PID    Runtime      # DAGs    # Errors  Last Runtime    Last Run
---------------------------------  -----  ---------  --------  ----------  --------------  -------------------
/opt/airflow/dags/ETL_pipeline.py                           1           0  0.20s           2026-03-18T12:03:46
================================================================================
[2026-03-18T12:04:30.518+0000] {manager.py:738} INFO - Searching for files in /opt/airflow/dags
[2026-03-18T12:04:30.561+0000] {manager.py:741} INFO - There are 1 files in /opt/airflow/dags
[2026-03-18T12:04:44.715+0000] {manager.py:879} INFO - 
================================================================================
DAG File Processing Stats

File Path                          PID    Runtime      # DAGs    # Errors  Last Runtime    Last Run
---------------------------------  -----  ---------  --------  ----------  --------------  -------------------
/opt/airflow/dags/ETL_pipeline.py                           1           0  0.22s           2026-03-18T12:04:16
================================================================================
[2026-03-18T12:05:15.336+0000] {manager.py:879} INFO - 
================================================================================
DAG File Processing Stats

File Path                          PID    Runtime      # DAGs    # Errors  Last Runtime    Last Run
---------------------------------  -----  ---------  --------  ----------  --------------  -------------------
/opt/airflow/dags/ETL_pipeline.py                           1           0  0.40s           2026-03-18T12:04:47
================================================================================
[2026-03-18T12:05:45.857+0000] {manager.py:879} INFO - 
================================================================================
DAG File Processing Stats

File Path                          PID    Runtime      # DAGs    # Errors  Last Runtime    Last Run
---------------------------------  -----  ---------  --------  ----------  --------------  -------------------
/opt/airflow/dags/ETL_pipeline.py                           1           0  0.36s           2026-03-18T12:05:17
================================================================================
[2026-03-18T12:06:16.445+0000] {manager.py:879} INFO - 
================================================================================
DAG File Processing Stats

File Path                          PID    Runtime      # DAGs    # Errors  Last Runtime    Last Run
---------------------------------  -----  ---------  --------  ----------  --------------  -------------------
/opt/airflow/dags/ETL_pipeline.py                           1           0  0.53s           2026-03-18T12:05:48
================================================================================
[2026-03-18T12:06:47.328+0000] {manager.py:879} INFO - 
================================================================================
DAG File Processing Stats

File Path                          PID    Runtime      # DAGs    # Errors  Last Runtime    Last Run
---------------------------------  -----  ---------  --------  ----------  --------------  -------------------
/opt/airflow/dags/ETL_pipeline.py                           1           0  0.37s           2026-03-18T12:06:18
================================================================================
[2026-03-18T12:07:17.368+0000] {manager.py:879} INFO - 
================================================================================
DAG File Processing Stats

File Path                          PID    Runtime      # DAGs    # Errors  Last Runtime    Last Run
---------------------------------  -----  ---------  --------  ----------  --------------  -------------------
/opt/airflow/dags/ETL_pipeline.py                           1           0  1.56s           2026-03-18T12:06:51
================================================================================
[2026-03-18T12:07:47.697+0000] {manager.py:879} INFO - 
================================================================================
DAG File Processing Stats

File Path                          PID    Runtime      # DAGs    # Errors  Last Runtime    Last Run
---------------------------------  -----  ---------  --------  ----------  --------------  -------------------
/opt/airflow/dags/ETL_pipeline.py                           1           0  0.24s           2026-03-18T12:07:21
================================================================================
[2026-03-18T12:08:18.230+0000] {manager.py:879} INFO - 
================================================================================
DAG File Processing Stats

File Path                          PID    Runtime      # DAGs    # Errors  Last Runtime    Last Run
---------------------------------  -----  ---------  --------  ----------  --------------  -------------------
/opt/airflow/dags/ETL_pipeline.py                           1           0  0.29s           2026-03-18T12:07:52
================================================================================
[2026-03-18T12:08:48.606+0000] {manager.py:879} INFO - 
================================================================================
DAG File Processing Stats

File Path                          PID    Runtime      # DAGs    # Errors  Last Runtime    Last Run
---------------------------------  -----  ---------  --------  ----------  --------------  -------------------
/opt/airflow/dags/ETL_pipeline.py                           1           0  0.25s           2026-03-18T12:08:22
================================================================================
[2026-03-18T12:09:19.083+0000] {manager.py:879} INFO - 
================================================================================
DAG File Processing Stats

File Path                          PID    Runtime      # DAGs    # Errors  Last Runtime    Last Run
---------------------------------  -----  ---------  --------  ----------  --------------  -------------------
/opt/airflow/dags/ETL_pipeline.py                           1           0  0.25s           2026-03-18T12:08:52
================================================================================
[2026-03-18T12:09:30.526+0000] {manager.py:738} INFO - Searching for files in /opt/airflow/dags
[2026-03-18T12:09:30.586+0000] {manager.py:741} INFO - There are 1 files in /opt/airflow/dags
[2026-03-18T12:09:49.485+0000] {manager.py:879} INFO - 
================================================================================
DAG File Processing Stats

File Path                          PID    Runtime      # DAGs    # Errors  Last Runtime    Last Run
---------------------------------  -----  ---------  --------  ----------  --------------  -------------------
/opt/airflow/dags/ETL_pipeline.py                           1           0  0.28s           2026-03-18T12:09:23
================================================================================
[2026-03-18T12:10:19.801+0000] {manager.py:879} INFO - 
================================================================================
DAG File Processing Stats

File Path                          PID    Runtime      # DAGs    # Errors  Last Runtime    Last Run
---------------------------------  -----  ---------  --------  ----------  --------------  -------------------
/opt/airflow/dags/ETL_pipeline.py                           1           0  0.29s           2026-03-18T12:09:53
================================================================================
[2026-03-18T12:10:50.360+0000] {manager.py:879} INFO - 
================================================================================
DAG File Processing Stats

File Path                          PID    Runtime      # DAGs    # Errors  Last Runtime    Last Run
---------------------------------  -----  ---------  --------  ----------  --------------  -------------------
/opt/airflow/dags/ETL_pipeline.py                           1           0  0.26s           2026-03-18T12:10:24
================================================================================
[2026-03-18T12:11:20.733+0000] {manager.py:879} INFO - 
================================================================================
DAG File Processing Stats

File Path                          PID    Runtime      # DAGs    # Errors  Last Runtime    Last Run
---------------------------------  -----  ---------  --------  ----------  --------------  -------------------
/opt/airflow/dags/ETL_pipeline.py                           1           0  0.50s           2026-03-18T12:10:54
================================================================================
[2026-03-18T12:11:50.836+0000] {manager.py:879} INFO - 
================================================================================
DAG File Processing Stats

File Path                          PID    Runtime      # DAGs    # Errors  Last Runtime    Last Run
---------------------------------  -----  ---------  --------  ----------  --------------  -------------------
/opt/airflow/dags/ETL_pipeline.py                           1           0  0.32s           2026-03-18T12:11:25
================================================================================
[2026-03-18T12:12:21.132+0000] {manager.py:879} INFO - 
================================================================================
DAG File Processing Stats

File Path                          PID    Runtime      # DAGs    # Errors  Last Runtime    Last Run
---------------------------------  -----  ---------  --------  ----------  --------------  -------------------
/opt/airflow/dags/ETL_pipeline.py                           1           0  0.36s           2026-03-18T12:11:56
================================================================================
[2026-03-18T12:12:51.779+0000] {manager.py:879} INFO - 
================================================================================
DAG File Processing Stats

File Path                          PID    Runtime      # DAGs    # Errors  Last Runtime    Last Run
---------------------------------  -----  ---------  --------  ----------  --------------  -------------------
/opt/airflow/dags/ETL_pipeline.py                           1           0  0.29s           2026-03-18T12:12:26
================================================================================
[2026-03-18T12:13:22.284+0000] {manager.py:879} INFO - 
================================================================================
DAG File Processing Stats

File Path                          PID    Runtime      # DAGs    # Errors  Last Runtime    Last Run
---------------------------------  -----  ---------  --------  ----------  --------------  -------------------
/opt/airflow/dags/ETL_pipeline.py                           1           0  0.28s           2026-03-18T12:12:57
================================================================================
[2026-03-18T12:13:52.957+0000] {manager.py:879} INFO - 
================================================================================
DAG File Processing Stats

File Path                          PID    Runtime      # DAGs    # Errors  Last Runtime    Last Run
---------------------------------  -----  ---------  --------  ----------  --------------  -------------------
/opt/airflow/dags/ETL_pipeline.py                           1           0  0.34s           2026-03-18T12:13:27
================================================================================
[2026-03-18T12:14:23.521+0000] {manager.py:879} INFO - 
================================================================================
DAG File Processing Stats

File Path                          PID    Runtime      # DAGs    # Errors  Last Runtime    Last Run
---------------------------------  -----  ---------  --------  ----------  --------------  -------------------
/opt/airflow/dags/ETL_pipeline.py                           1           0  0.34s           2026-03-18T12:13:58
================================================================================
[2026-03-18T12:14:30.676+0000] {manager.py:738} INFO - Searching for files in /opt/airflow/dags
[2026-03-18T12:14:30.748+0000] {manager.py:741} INFO - There are 1 files in /opt/airflow/dags
[2026-03-18T12:14:54.059+0000] {manager.py:879} INFO - 
================================================================================
DAG File Processing Stats

File Path                          PID    Runtime      # DAGs    # Errors  Last Runtime    Last Run
---------------------------------  -----  ---------  --------  ----------  --------------  -------------------
/opt/airflow/dags/ETL_pipeline.py                           1           0  0.37s           2026-03-18T12:14:28
================================================================================
[2026-03-18T12:15:24.683+0000] {manager.py:879} INFO - 
================================================================================
DAG File Processing Stats

File Path                          PID    Runtime      # DAGs    # Errors  Last Runtime    Last Run
---------------------------------  -----  ---------  --------  ----------  --------------  -------------------
/opt/airflow/dags/ETL_pipeline.py                           1           0  1.31s           2026-03-18T12:15:00
================================================================================
[2026-03-18T12:15:55.125+0000] {manager.py:879} INFO - 
================================================================================
DAG File Processing Stats

File Path                          PID    Runtime      # DAGs    # Errors  Last Runtime    Last Run
---------------------------------  -----  ---------  --------  ----------  --------------  -------------------
/opt/airflow/dags/ETL_pipeline.py                           1           0  0.44s           2026-03-18T12:15:31
================================================================================
[2026-03-18T12:16:25.350+0000] {manager.py:879} INFO - 
================================================================================
DAG File Processing Stats

File Path                          PID    Runtime      # DAGs    # Errors  Last Runtime    Last Run
---------------------------------  -----  ---------  --------  ----------  --------------  -------------------
/opt/airflow/dags/ETL_pipeline.py                           1           0  0.43s           2026-03-18T12:16:02
================================================================================
[2026-03-18T12:16:56.038+0000] {manager.py:879} INFO - 
================================================================================
DAG File Processing Stats

File Path                          PID    Runtime      # DAGs    # Errors  Last Runtime    Last Run
---------------------------------  -----  ---------  --------  ----------  --------------  -------------------
/opt/airflow/dags/ETL_pipeline.py                           1           0  0.32s           2026-03-18T12:16:32
================================================================================
[2026-03-18T12:17:26.761+0000] {manager.py:879} INFO - 
================================================================================
DAG File Processing Stats

File Path                          PID    Runtime      # DAGs    # Errors  Last Runtime    Last Run
---------------------------------  -----  ---------  --------  ----------  --------------  -------------------
/opt/airflow/dags/ETL_pipeline.py                           1           0  1.60s           2026-03-18T12:17:04
================================================================================
[2026-03-18T12:17:57.357+0000] {manager.py:879} INFO - 
================================================================================
DAG File Processing Stats

File Path                          PID    Runtime      # DAGs    # Errors  Last Runtime    Last Run
---------------------------------  -----  ---------  --------  ----------  --------------  -------------------
/opt/airflow/dags/ETL_pipeline.py                           1           0  0.51s           2026-03-18T12:17:35
================================================================================
[2026-03-18T12:18:28.120+0000] {manager.py:879} INFO - 
================================================================================
DAG File Processing Stats

File Path                          PID    Runtime      # DAGs    # Errors  Last Runtime    Last Run
---------------------------------  -----  ---------  --------  ----------  --------------  -------------------
/opt/airflow/dags/ETL_pipeline.py                           1           0  0.47s           2026-03-18T12:18:06
================================================================================
[2026-03-18T12:18:58.619+0000] {manager.py:879} INFO - 
================================================================================
DAG File Processing Stats

File Path                          PID    Runtime      # DAGs    # Errors  Last Runtime    Last Run
---------------------------------  -----  ---------  --------  ----------  --------------  -------------------
/opt/airflow/dags/ETL_pipeline.py                           1           0  0.39s           2026-03-18T12:18:36
================================================================================
[2026-03-18T12:19:29.158+0000] {manager.py:879} INFO - 
================================================================================
DAG File Processing Stats

File Path                          PID    Runtime      # DAGs    # Errors  Last Runtime    Last Run
---------------------------------  -----  ---------  --------  ----------  --------------  -------------------
/opt/airflow/dags/ETL_pipeline.py                           1           0  0.47s           2026-03-18T12:19:07
================================================================================
[2026-03-18T12:19:31.176+0000] {manager.py:738} INFO - Searching for files in /opt/airflow/dags
[2026-03-18T12:19:31.227+0000] {manager.py:741} INFO - There are 1 files in /opt/airflow/dags
[2026-03-18T12:19:59.849+0000] {manager.py:879} INFO - 
================================================================================
DAG File Processing Stats

File Path                          PID    Runtime      # DAGs    # Errors  Last Runtime    Last Run
---------------------------------  -----  ---------  --------  ----------  --------------  -------------------
/opt/airflow/dags/ETL_pipeline.py                           1           0  0.38s           2026-03-18T12:19:37
================================================================================
[2026-03-18T12:20:30.311+0000] {manager.py:879} INFO - 
================================================================================
DAG File Processing Stats

File Path                          PID    Runtime      # DAGs    # Errors  Last Runtime    Last Run
---------------------------------  -----  ---------  --------  ----------  --------------  -------------------
/opt/airflow/dags/ETL_pipeline.py                           1           0  0.41s           2026-03-18T12:20:08
================================================================================
[2026-03-18T12:21:01.011+0000] {manager.py:879} INFO - 
================================================================================
DAG File Processing Stats

File Path                          PID    Runtime      # DAGs    # Errors  Last Runtime    Last Run
---------------------------------  -----  ---------  --------  ----------  --------------  -------------------
/opt/airflow/dags/ETL_pipeline.py                           1           0  0.46s           2026-03-18T12:20:38
================================================================================
[2026-03-18T12:21:31.377+0000] {manager.py:879} INFO - 
================================================================================
DAG File Processing Stats

File Path                          PID    Runtime      # DAGs    # Errors  Last Runtime    Last Run
---------------------------------  -----  ---------  --------  ----------  --------------  -------------------
/opt/airflow/dags/ETL_pipeline.py                           1           0  0.38s           2026-03-18T12:21:09
================================================================================
[2026-03-18T12:22:01.977+0000] {manager.py:879} INFO - 
================================================================================
DAG File Processing Stats

File Path                          PID    Runtime      # DAGs    # Errors  Last Runtime    Last Run
---------------------------------  -----  ---------  --------  ----------  --------------  -------------------
/opt/airflow/dags/ETL_pipeline.py                           1           0  0.28s           2026-03-18T12:21:40
================================================================================
[2026-03-18T12:22:32.582+0000] {manager.py:879} INFO - 
================================================================================
DAG File Processing Stats

File Path                          PID    Runtime      # DAGs    # Errors  Last Runtime    Last Run
---------------------------------  -----  ---------  --------  ----------  --------------  -------------------
/opt/airflow/dags/ETL_pipeline.py                           1           0  0.39s           2026-03-18T12:22:10
================================================================================
[2026-03-18T12:23:02.957+0000] {manager.py:879} INFO - 
================================================================================
DAG File Processing Stats

File Path                          PID    Runtime      # DAGs    # Errors  Last Runtime    Last Run
---------------------------------  -----  ---------  --------  ----------  --------------  -------------------
/opt/airflow/dags/ETL_pipeline.py                           1           0  0.38s           2026-03-18T12:22:41
================================================================================
[2026-03-18T12:23:33.526+0000] {manager.py:879} INFO - 
================================================================================
DAG File Processing Stats

File Path                          PID    Runtime      # DAGs    # Errors  Last Runtime    Last Run
---------------------------------  -----  ---------  --------  ----------  --------------  -------------------
/opt/airflow/dags/ETL_pipeline.py                           1           0  0.29s           2026-03-18T12:23:11
================================================================================
[2026-03-18T12:24:03.828+0000] {manager.py:879} INFO - 
================================================================================
DAG File Processing Stats

File Path                          PID    Runtime      # DAGs    # Errors  Last Runtime    Last Run
---------------------------------  -----  ---------  --------  ----------  --------------  -------------------
/opt/airflow/dags/ETL_pipeline.py                           1           0  1.05s           2026-03-18T12:23:42
================================================================================
[2026-03-18T12:24:31.213+0000] {manager.py:738} INFO - Searching for files in /opt/airflow/dags
[2026-03-18T12:24:31.272+0000] {manager.py:741} INFO - There are 1 files in /opt/airflow/dags
[2026-03-18T12:24:34.335+0000] {manager.py:879} INFO - 
================================================================================
DAG File Processing Stats

File Path                          PID    Runtime      # DAGs    # Errors  Last Runtime    Last Run
---------------------------------  -----  ---------  --------  ----------  --------------  -------------------
/opt/airflow/dags/ETL_pipeline.py                           1           0  0.58s           2026-03-18T12:24:13
================================================================================
[2026-03-18T12:25:04.385+0000] {manager.py:879} INFO - 
================================================================================
DAG File Processing Stats

File Path                          PID    Runtime      # DAGs    # Errors  Last Runtime    Last Run
---------------------------------  -----  ---------  --------  ----------  --------------  -------------------
/opt/airflow/dags/ETL_pipeline.py                           1           0  0.75s           2026-03-18T12:24:45
================================================================================
[2026-03-18T12:25:34.759+0000] {manager.py:879} INFO - 
================================================================================
DAG File Processing Stats

File Path                          PID    Runtime      # DAGs    # Errors  Last Runtime    Last Run
---------------------------------  -----  ---------  --------  ----------  --------------  -------------------
/opt/airflow/dags/ETL_pipeline.py                           1           0  0.38s           2026-03-18T12:25:15
================================================================================
[2026-03-18T12:26:04.853+0000] {manager.py:879} INFO - 
================================================================================
DAG File Processing Stats

File Path                          PID    Runtime      # DAGs    # Errors  Last Runtime    Last Run
---------------------------------  -----  ---------  --------  ----------  --------------  -------------------
/opt/airflow/dags/ETL_pipeline.py                           1           0  0.34s           2026-03-18T12:25:46
================================================================================
[2026-03-18T12:26:35.137+0000] {manager.py:879} INFO - 
================================================================================
DAG File Processing Stats

File Path                          PID    Runtime      # DAGs    # Errors  Last Runtime    Last Run
---------------------------------  -----  ---------  --------  ----------  --------------  -------------------
/opt/airflow/dags/ETL_pipeline.py                           1           0  0.35s           2026-03-18T12:26:17
================================================================================
[2026-03-18T12:27:05.757+0000] {manager.py:879} INFO - 
================================================================================
DAG File Processing Stats

File Path                          PID    Runtime      # DAGs    # Errors  Last Runtime    Last Run
---------------------------------  -----  ---------  --------  ----------  --------------  -------------------
/opt/airflow/dags/ETL_pipeline.py                           1           0  0.31s           2026-03-18T12:26:47
================================================================================
[2026-03-18T12:27:36.339+0000] {manager.py:879} INFO - 
================================================================================
DAG File Processing Stats

File Path                          PID    Runtime      # DAGs    # Errors  Last Runtime    Last Run
---------------------------------  -----  ---------  --------  ----------  --------------  -------------------
/opt/airflow/dags/ETL_pipeline.py                           1           0  0.33s           2026-03-18T12:27:18
================================================================================
[2026-03-18T12:28:06.966+0000] {manager.py:879} INFO - 
================================================================================
DAG File Processing Stats

File Path                          PID    Runtime      # DAGs    # Errors  Last Runtime    Last Run
---------------------------------  -----  ---------  --------  ----------  --------------  -------------------
/opt/airflow/dags/ETL_pipeline.py                           1           0  0.35s           2026-03-18T12:27:49
================================================================================
[2026-03-18T12:28:37.581+0000] {manager.py:879} INFO - 
================================================================================
DAG File Processing Stats

File Path                          PID    Runtime      # DAGs    # Errors  Last Runtime    Last Run
---------------------------------  -----  ---------  --------  ----------  --------------  -------------------
/opt/airflow/dags/ETL_pipeline.py                           1           0  0.37s           2026-03-18T12:28:19
================================================================================
[2026-03-18T12:29:07.747+0000] {manager.py:879} INFO - 
================================================================================
DAG File Processing Stats

File Path                          PID    Runtime      # DAGs    # Errors  Last Runtime    Last Run
---------------------------------  -----  ---------  --------  ----------  --------------  -------------------
/opt/airflow/dags/ETL_pipeline.py                           1           0  0.35s           2026-03-18T12:28:50
================================================================================
[2026-03-18T12:29:31.293+0000] {manager.py:738} INFO - Searching for files in /opt/airflow/dags
[2026-03-18T12:29:31.336+0000] {manager.py:741} INFO - There are 1 files in /opt/airflow/dags
[2026-03-18T12:29:38.159+0000] {manager.py:879} INFO - 
================================================================================
DAG File Processing Stats

File Path                          PID    Runtime      # DAGs    # Errors  Last Runtime    Last Run
---------------------------------  -----  ---------  --------  ----------  --------------  -------------------
/opt/airflow/dags/ETL_pipeline.py                           1           0  0.31s           2026-03-18T12:29:21
================================================================================
[2026-03-18T12:30:08.685+0000] {manager.py:879} INFO - 
================================================================================
DAG File Processing Stats

File Path                          PID    Runtime      # DAGs    # Errors  Last Runtime    Last Run
---------------------------------  -----  ---------  --------  ----------  --------------  -------------------
/opt/airflow/dags/ETL_pipeline.py                           1           0  0.37s           2026-03-18T12:29:51
================================================================================
[2026-03-18T12:30:39.147+0000] {manager.py:879} INFO - 
================================================================================
DAG File Processing Stats

File Path                          PID    Runtime      # DAGs    # Errors  Last Runtime    Last Run
---------------------------------  -----  ---------  --------  ----------  --------------  -------------------
/opt/airflow/dags/ETL_pipeline.py                           1           0  0.34s           2026-03-18T12:30:22
================================================================================
[2026-03-18T12:31:09.588+0000] {manager.py:879} INFO - 
================================================================================
DAG File Processing Stats

File Path                          PID    Runtime      # DAGs    # Errors  Last Runtime    Last Run
---------------------------------  -----  ---------  --------  ----------  --------------  -------------------
/opt/airflow/dags/ETL_pipeline.py                           1           0  0.48s           2026-03-18T12:30:52
================================================================================
[2026-03-18T12:31:39.788+0000] {manager.py:879} INFO - 
================================================================================
DAG File Processing Stats

File Path                          PID    Runtime      # DAGs    # Errors  Last Runtime    Last Run
---------------------------------  -----  ---------  --------  ----------  --------------  -------------------
/opt/airflow/dags/ETL_pipeline.py                           1           0  0.39s           2026-03-18T12:31:23
================================================================================
[2026-03-18T12:32:10.074+0000] {manager.py:879} INFO - 
================================================================================
DAG File Processing Stats

File Path                          PID    Runtime      # DAGs    # Errors  Last Runtime    Last Run
---------------------------------  -----  ---------  --------  ----------  --------------  -------------------
/opt/airflow/dags/ETL_pipeline.py                           1           0  0.32s           2026-03-18T12:31:54
================================================================================
[2026-03-18T12:32:40.388+0000] {manager.py:879} INFO - 
================================================================================
DAG File Processing Stats

File Path                          PID    Runtime      # DAGs    # Errors  Last Runtime    Last Run
---------------------------------  -----  ---------  --------  ----------  --------------  -------------------
/opt/airflow/dags/ETL_pipeline.py                           1           0  0.68s           2026-03-18T12:32:25
================================================================================
[2026-03-18T12:33:10.661+0000] {manager.py:879} INFO - 
================================================================================
DAG File Processing Stats

File Path                          PID    Runtime      # DAGs    # Errors  Last Runtime    Last Run
---------------------------------  -----  ---------  --------  ----------  --------------  -------------------
/opt/airflow/dags/ETL_pipeline.py                           1           0  0.32s           2026-03-18T12:32:55
================================================================================
[2026-03-18T12:33:40.707+0000] {manager.py:879} INFO - 
================================================================================
DAG File Processing Stats

File Path                          PID    Runtime      # DAGs    # Errors  Last Runtime    Last Run
---------------------------------  -----  ---------  --------  ----------  --------------  -------------------
/opt/airflow/dags/ETL_pipeline.py                           1           0  0.28s           2026-03-18T12:33:26
================================================================================
[2026-03-18T12:34:10.985+0000] {manager.py:879} INFO - 
================================================================================
DAG File Processing Stats

File Path                          PID    Runtime      # DAGs    # Errors  Last Runtime    Last Run
---------------------------------  -----  ---------  --------  ----------  --------------  -------------------
/opt/airflow/dags/ETL_pipeline.py                           1           0  0.36s           2026-03-18T12:33:57
================================================================================
[2026-03-18T12:34:31.566+0000] {manager.py:738} INFO - Searching for files in /opt/airflow/dags
[2026-03-18T12:34:31.624+0000] {manager.py:741} INFO - There are 1 files in /opt/airflow/dags
[2026-03-18T12:34:41.070+0000] {manager.py:879} INFO - 
================================================================================
DAG File Processing Stats

File Path                          PID    Runtime      # DAGs    # Errors  Last Runtime    Last Run
---------------------------------  -----  ---------  --------  ----------  --------------  -------------------
/opt/airflow/dags/ETL_pipeline.py                           1           0  0.37s           2026-03-18T12:34:27
================================================================================
[2026-03-18T12:35:11.083+0000] {manager.py:879} INFO - 
================================================================================
DAG File Processing Stats

File Path                          PID    Runtime      # DAGs    # Errors  Last Runtime    Last Run
---------------------------------  -----  ---------  --------  ----------  --------------  -------------------
/opt/airflow/dags/ETL_pipeline.py                           1           0  0.32s           2026-03-18T12:34:58
================================================================================
[2026-03-18T12:35:41.086+0000] {manager.py:879} INFO - 
================================================================================
DAG File Processing Stats

File Path                          PID    Runtime      # DAGs    # Errors  Last Runtime    Last Run
---------------------------------  -----  ---------  --------  ----------  --------------  -------------------
/opt/airflow/dags/ETL_pipeline.py                           1           0  0.39s           2026-03-18T12:35:28
================================================================================
[2026-03-18T12:36:11.404+0000] {manager.py:879} INFO - 
================================================================================
DAG File Processing Stats

File Path                          PID    Runtime      # DAGs    # Errors  Last Runtime    Last Run
---------------------------------  -----  ---------  --------  ----------  --------------  -------------------
/opt/airflow/dags/ETL_pipeline.py                           1           0  0.40s           2026-03-18T12:35:59
================================================================================
[2026-03-18T12:36:42.071+0000] {manager.py:879} INFO - 
================================================================================
DAG File Processing Stats

File Path                          PID    Runtime      # DAGs    # Errors  Last Runtime    Last Run
---------------------------------  -----  ---------  --------  ----------  --------------  -------------------
/opt/airflow/dags/ETL_pipeline.py                           1           0  0.27s           2026-03-18T12:36:30
================================================================================
[2026-03-18T12:37:12.641+0000] {manager.py:879} INFO - 
================================================================================
DAG File Processing Stats

File Path                          PID    Runtime      # DAGs    # Errors  Last Runtime    Last Run
---------------------------------  -----  ---------  --------  ----------  --------------  -------------------
/opt/airflow/dags/ETL_pipeline.py                           1           0  0.33s           2026-03-18T12:37:00
================================================================================
[2026-03-18T12:37:43.169+0000] {manager.py:879} INFO - 
================================================================================
DAG File Processing Stats

File Path                          PID    Runtime      # DAGs    # Errors  Last Runtime    Last Run
---------------------------------  -----  ---------  --------  ----------  --------------  -------------------
/opt/airflow/dags/ETL_pipeline.py                           1           0  0.35s           2026-03-18T12:37:31
================================================================================
[2026-03-18T12:38:13.800+0000] {manager.py:879} INFO - 
================================================================================
DAG File Processing Stats

File Path                          PID    Runtime      # DAGs    # Errors  Last Runtime    Last Run
---------------------------------  -----  ---------  --------  ----------  --------------  -------------------
/opt/airflow/dags/ETL_pipeline.py                           1           0  0.33s           2026-03-18T12:38:01
================================================================================
[2026-03-18T12:38:44.082+0000] {manager.py:879} INFO - 
================================================================================
DAG File Processing Stats

File Path                          PID    Runtime      # DAGs    # Errors  Last Runtime    Last Run
---------------------------------  -----  ---------  --------  ----------  --------------  -------------------
/opt/airflow/dags/ETL_pipeline.py                           1           0  0.27s           2026-03-18T12:38:32
================================================================================
[2026-03-18T12:39:14.599+0000] {manager.py:879} INFO - 
================================================================================
DAG File Processing Stats

File Path                          PID    Runtime      # DAGs    # Errors  Last Runtime    Last Run
---------------------------------  -----  ---------  --------  ----------  --------------  -------------------
/opt/airflow/dags/ETL_pipeline.py                           1           0  0.32s           2026-03-18T12:39:02
================================================================================
[2026-03-18T12:39:31.774+0000] {manager.py:738} INFO - Searching for files in /opt/airflow/dags
[2026-03-18T12:39:31.829+0000] {manager.py:741} INFO - There are 1 files in /opt/airflow/dags
[2026-03-18T12:39:45.343+0000] {manager.py:879} INFO - 
================================================================================
DAG File Processing Stats

File Path                          PID    Runtime      # DAGs    # Errors  Last Runtime    Last Run
---------------------------------  -----  ---------  --------  ----------  --------------  -------------------
/opt/airflow/dags/ETL_pipeline.py                           1           0  0.34s           2026-03-18T12:39:33
================================================================================
[2026-03-18T12:40:15.674+0000] {manager.py:879} INFO - 
================================================================================
DAG File Processing Stats

File Path                          PID    Runtime      # DAGs    # Errors  Last Runtime    Last Run
---------------------------------  -----  ---------  --------  ----------  --------------  -------------------
/opt/airflow/dags/ETL_pipeline.py                           1           0  0.37s           2026-03-18T12:40:03
================================================================================
[2026-03-18T12:40:46.307+0000] {manager.py:879} INFO - 
================================================================================
DAG File Processing Stats

File Path                          PID    Runtime      # DAGs    # Errors  Last Runtime    Last Run
---------------------------------  -----  ---------  --------  ----------  --------------  -------------------
/opt/airflow/dags/ETL_pipeline.py                           1           0  0.31s           2026-03-18T12:40:34
================================================================================
[2026-03-18T12:41:16.516+0000] {manager.py:879} INFO - 
================================================================================
DAG File Processing Stats

File Path                          PID    Runtime      # DAGs    # Errors  Last Runtime    Last Run
---------------------------------  -----  ---------  --------  ----------  --------------  -------------------
/opt/airflow/dags/ETL_pipeline.py                           1           0  0.52s           2026-03-18T12:41:05
================================================================================
[2026-03-18T12:41:46.842+0000] {manager.py:879} INFO - 
================================================================================
DAG File Processing Stats

File Path                          PID    Runtime      # DAGs    # Errors  Last Runtime    Last Run
---------------------------------  -----  ---------  --------  ----------  --------------  -------------------
/opt/airflow/dags/ETL_pipeline.py                           1           0  0.36s           2026-03-18T12:41:36
================================================================================
[2026-03-18T12:42:16.864+0000] {manager.py:879} INFO - 
================================================================================
DAG File Processing Stats

File Path                          PID    Runtime      # DAGs    # Errors  Last Runtime    Last Run
---------------------------------  -----  ---------  --------  ----------  --------------  -------------------
/opt/airflow/dags/ETL_pipeline.py                           1           0  0.34s           2026-03-18T12:42:06
================================================================================
[2026-03-18T12:42:47.120+0000] {manager.py:879} INFO - 
================================================================================
DAG File Processing Stats

File Path                          PID    Runtime      # DAGs    # Errors  Last Runtime    Last Run
---------------------------------  -----  ---------  --------  ----------  --------------  -------------------
/opt/airflow/dags/ETL_pipeline.py                           1           0  0.33s           2026-03-18T12:42:37
================================================================================
[2026-03-18T12:43:17.418+0000] {manager.py:879} INFO - 
================================================================================
DAG File Processing Stats

File Path                          PID    Runtime      # DAGs    # Errors  Last Runtime    Last Run
---------------------------------  -----  ---------  --------  ----------  --------------  -------------------
/opt/airflow/dags/ETL_pipeline.py                           1           0  0.36s           2026-03-18T12:43:07
================================================================================
[2026-03-18T12:43:48.039+0000] {manager.py:879} INFO - 
================================================================================
DAG File Processing Stats

File Path                          PID    Runtime      # DAGs    # Errors  Last Runtime    Last Run
---------------------------------  -----  ---------  --------  ----------  --------------  -------------------
/opt/airflow/dags/ETL_pipeline.py                           1           0  0.32s           2026-03-18T12:43:38
================================================================================
[2026-03-18T12:44:18.657+0000] {manager.py:879} INFO - 
================================================================================
DAG File Processing Stats

File Path                          PID    Runtime      # DAGs    # Errors  Last Runtime    Last Run
---------------------------------  -----  ---------  --------  ----------  --------------  -------------------
/opt/airflow/dags/ETL_pipeline.py                           1           0  0.32s           2026-03-18T12:44:08
================================================================================
[2026-03-18T12:44:31.782+0000] {manager.py:738} INFO - Searching for files in /opt/airflow/dags
[2026-03-18T12:44:31.814+0000] {manager.py:741} INFO - There are 1 files in /opt/airflow/dags
[2026-03-18T12:44:49.055+0000] {manager.py:879} INFO - 
================================================================================
DAG File Processing Stats

File Path                          PID    Runtime      # DAGs    # Errors  Last Runtime    Last Run
---------------------------------  -----  ---------  --------  ----------  --------------  -------------------
/opt/airflow/dags/ETL_pipeline.py                           1           0  0.33s           2026-03-18T12:44:39
================================================================================
[2026-03-18T12:45:19.350+0000] {manager.py:879} INFO - 
================================================================================
DAG File Processing Stats

File Path                          PID    Runtime      # DAGs    # Errors  Last Runtime    Last Run
---------------------------------  -----  ---------  --------  ----------  --------------  -------------------
/opt/airflow/dags/ETL_pipeline.py                           1           0  0.21s           2026-03-18T12:45:09
================================================================================
[2026-03-18T12:45:49.936+0000] {manager.py:879} INFO - 
================================================================================
DAG File Processing Stats

File Path                          PID    Runtime      # DAGs    # Errors  Last Runtime    Last Run
---------------------------------  -----  ---------  --------  ----------  --------------  -------------------
/opt/airflow/dags/ETL_pipeline.py                           1           0  0.23s           2026-03-18T12:45:39
================================================================================
[2026-03-18T12:46:20.320+0000] {manager.py:879} INFO - 
================================================================================
DAG File Processing Stats

File Path                          PID    Runtime      # DAGs    # Errors  Last Runtime    Last Run
---------------------------------  -----  ---------  --------  ----------  --------------  -------------------
/opt/airflow/dags/ETL_pipeline.py                           1           0  0.28s           2026-03-18T12:46:10
================================================================================
[2026-03-18T12:46:50.796+0000] {manager.py:879} INFO - 
================================================================================
DAG File Processing Stats

File Path                          PID    Runtime      # DAGs    # Errors  Last Runtime    Last Run
---------------------------------  -----  ---------  --------  ----------  --------------  -------------------
/opt/airflow/dags/ETL_pipeline.py                           1           0  0.30s           2026-03-18T12:46:40
================================================================================
[2026-03-18T12:47:21.240+0000] {manager.py:879} INFO - 
================================================================================
DAG File Processing Stats

File Path                          PID    Runtime      # DAGs    # Errors  Last Runtime    Last Run
---------------------------------  -----  ---------  --------  ----------  --------------  -------------------
/opt/airflow/dags/ETL_pipeline.py                           1           0  0.30s           2026-03-18T12:47:11
================================================================================
[2026-03-18T12:47:51.660+0000] {manager.py:879} INFO - 
================================================================================
DAG File Processing Stats

File Path                          PID    Runtime      # DAGs    # Errors  Last Runtime    Last Run
---------------------------------  -----  ---------  --------  ----------  --------------  -------------------
/opt/airflow/dags/ETL_pipeline.py                           1           0  0.36s           2026-03-18T12:47:41
================================================================================
[2026-03-18T12:48:22.005+0000] {manager.py:879} INFO - 
================================================================================
DAG File Processing Stats

File Path                          PID    Runtime      # DAGs    # Errors  Last Runtime    Last Run
---------------------------------  -----  ---------  --------  ----------  --------------  -------------------
/opt/airflow/dags/ETL_pipeline.py                           1           0  0.25s           2026-03-18T12:48:12
================================================================================
[2026-03-18T12:48:52.547+0000] {manager.py:879} INFO - 
================================================================================
DAG File Processing Stats

File Path                          PID    Runtime      # DAGs    # Errors  Last Runtime    Last Run
---------------------------------  -----  ---------  --------  ----------  --------------  -------------------
/opt/airflow/dags/ETL_pipeline.py                           1           0  0.41s           2026-03-18T12:48:42
================================================================================
[2026-03-18T12:49:22.888+0000] {manager.py:879} INFO - 
================================================================================
DAG File Processing Stats

File Path                          PID    Runtime      # DAGs    # Errors  Last Runtime    Last Run
---------------------------------  -----  ---------  --------  ----------  --------------  -------------------
/opt/airflow/dags/ETL_pipeline.py                           1           0  0.21s           2026-03-18T12:49:12
================================================================================
[2026-03-18T12:49:31.985+0000] {manager.py:738} INFO - Searching for files in /opt/airflow/dags
[2026-03-18T12:49:32.020+0000] {manager.py:741} INFO - There are 1 files in /opt/airflow/dags
[2026-03-18T12:49:53.409+0000] {manager.py:879} INFO - 
================================================================================
DAG File Processing Stats

File Path                          PID    Runtime      # DAGs    # Errors  Last Runtime    Last Run
---------------------------------  -----  ---------  --------  ----------  --------------  -------------------
/opt/airflow/dags/ETL_pipeline.py                           1           0  0.21s           2026-03-18T12:49:43
================================================================================
[2026-03-18T12:50:23.755+0000] {manager.py:879} INFO - 
================================================================================
DAG File Processing Stats

File Path                          PID    Runtime      # DAGs    # Errors  Last Runtime    Last Run
---------------------------------  -----  ---------  --------  ----------  --------------  -------------------
/opt/airflow/dags/ETL_pipeline.py                           1           0  0.22s           2026-03-18T12:50:13
================================================================================
[2026-03-18T12:50:54.241+0000] {manager.py:879} INFO - 
================================================================================
DAG File Processing Stats

File Path                          PID    Runtime      # DAGs    # Errors  Last Runtime    Last Run
---------------------------------  -----  ---------  --------  ----------  --------------  -------------------
/opt/airflow/dags/ETL_pipeline.py                           1           0  0.26s           2026-03-18T12:50:44
================================================================================
[2026-03-18T12:51:24.593+0000] {manager.py:879} INFO - 
================================================================================
DAG File Processing Stats

File Path                          PID    Runtime      # DAGs    # Errors  Last Runtime    Last Run
---------------------------------  -----  ---------  --------  ----------  --------------  -------------------
/opt/airflow/dags/ETL_pipeline.py                           1           0  0.40s           2026-03-18T12:51:14
================================================================================
[2026-03-18T12:51:55.280+0000] {manager.py:879} INFO - 
================================================================================
DAG File Processing Stats

File Path                          PID    Runtime      # DAGs    # Errors  Last Runtime    Last Run
---------------------------------  -----  ---------  --------  ----------  --------------  -------------------
/opt/airflow/dags/ETL_pipeline.py                           1           0  0.26s           2026-03-18T12:51:45
================================================================================
[2026-03-18T12:52:25.721+0000] {manager.py:879} INFO - 
================================================================================
DAG File Processing Stats

File Path                          PID    Runtime      # DAGs    # Errors  Last Runtime    Last Run
---------------------------------  -----  ---------  --------  ----------  --------------  -------------------
/opt/airflow/dags/ETL_pipeline.py                           1           0  0.31s           2026-03-18T12:52:15
================================================================================
[2026-03-18T12:52:56.207+0000] {manager.py:879} INFO - 
================================================================================
DAG File Processing Stats

File Path                          PID    Runtime      # DAGs    # Errors  Last Runtime    Last Run
---------------------------------  -----  ---------  --------  ----------  --------------  -------------------
/opt/airflow/dags/ETL_pipeline.py                           1           0  0.39s           2026-03-18T12:52:46
================================================================================
[2026-03-18T12:53:26.740+0000] {manager.py:879} INFO - 
================================================================================
DAG File Processing Stats

File Path                          PID    Runtime      # DAGs    # Errors  Last Runtime    Last Run
---------------------------------  -----  ---------  --------  ----------  --------------  -------------------
/opt/airflow/dags/ETL_pipeline.py                           1           0  0.22s           2026-03-18T12:53:16
================================================================================
[2026-03-18T12:53:57.098+0000] {manager.py:879} INFO - 
================================================================================
DAG File Processing Stats

File Path                          PID    Runtime      # DAGs    # Errors  Last Runtime    Last Run
---------------------------------  -----  ---------  --------  ----------  --------------  -------------------
/opt/airflow/dags/ETL_pipeline.py                           1           0  0.26s           2026-03-18T12:53:47
================================================================================
[2026-03-18T12:54:27.564+0000] {manager.py:879} INFO - 
================================================================================
DAG File Processing Stats

File Path                          PID    Runtime      # DAGs    # Errors  Last Runtime    Last Run
---------------------------------  -----  ---------  --------  ----------  --------------  -------------------
/opt/airflow/dags/ETL_pipeline.py                           1           0  0.28s           2026-03-18T12:54:17
================================================================================
[2026-03-18T12:54:32.604+0000] {manager.py:738} INFO - Searching for files in /opt/airflow/dags
[2026-03-18T12:54:32.643+0000] {manager.py:741} INFO - There are 1 files in /opt/airflow/dags
[2026-03-18T12:54:58.044+0000] {manager.py:879} INFO - 
================================================================================
DAG File Processing Stats

File Path                          PID    Runtime      # DAGs    # Errors  Last Runtime    Last Run
---------------------------------  -----  ---------  --------  ----------  --------------  -------------------
/opt/airflow/dags/ETL_pipeline.py                           1           0  0.29s           2026-03-18T12:54:48
================================================================================
[2026-03-18T12:55:28.487+0000] {manager.py:879} INFO - 
================================================================================
DAG File Processing Stats

File Path                          PID    Runtime      # DAGs    # Errors  Last Runtime    Last Run
---------------------------------  -----  ---------  --------  ----------  --------------  -------------------
/opt/airflow/dags/ETL_pipeline.py                           1           0  0.30s           2026-03-18T12:55:18
================================================================================
[2026-03-18T12:55:58.890+0000] {manager.py:879} INFO - 
================================================================================
DAG File Processing Stats

File Path                          PID    Runtime      # DAGs    # Errors  Last Runtime    Last Run
---------------------------------  -----  ---------  --------  ----------  --------------  -------------------
/opt/airflow/dags/ETL_pipeline.py                           1           0  0.27s           2026-03-18T12:55:48
================================================================================
[2026-03-18T12:56:29.416+0000] {manager.py:879} INFO - 
================================================================================
DAG File Processing Stats

File Path                          PID    Runtime      # DAGs    # Errors  Last Runtime    Last Run
---------------------------------  -----  ---------  --------  ----------  --------------  -------------------
/opt/airflow/dags/ETL_pipeline.py                           1           0  0.21s           2026-03-18T12:56:19
================================================================================
[2026-03-18T12:56:59.720+0000] {manager.py:879} INFO - 
================================================================================
DAG File Processing Stats

File Path                          PID    Runtime      # DAGs    # Errors  Last Runtime    Last Run
---------------------------------  -----  ---------  --------  ----------  --------------  -------------------
/opt/airflow/dags/ETL_pipeline.py                           1           0  0.21s           2026-03-18T12:56:49
================================================================================
[2026-03-18T12:57:30.193+0000] {manager.py:879} INFO - 
================================================================================
DAG File Processing Stats

File Path                          PID    Runtime      # DAGs    # Errors  Last Runtime    Last Run
---------------------------------  -----  ---------  --------  ----------  --------------  -------------------
/opt/airflow/dags/ETL_pipeline.py                           1           0  0.21s           2026-03-18T12:57:20
================================================================================
[2026-03-18T12:58:00.582+0000] {manager.py:879} INFO - 
================================================================================
DAG File Processing Stats

File Path                          PID    Runtime      # DAGs    # Errors  Last Runtime    Last Run
---------------------------------  -----  ---------  --------  ----------  --------------  -------------------
/opt/airflow/dags/ETL_pipeline.py                           1           0  0.22s           2026-03-18T12:57:50
================================================================================
[2026-03-18T12:58:31.070+0000] {manager.py:879} INFO - 
================================================================================
DAG File Processing Stats

File Path                          PID    Runtime      # DAGs    # Errors  Last Runtime    Last Run
---------------------------------  -----  ---------  --------  ----------  --------------  -------------------
/opt/airflow/dags/ETL_pipeline.py                           1           0  0.21s           2026-03-18T12:58:21
================================================================================
[2026-03-18T12:59:01.489+0000] {manager.py:879} INFO - 
================================================================================
DAG File Processing Stats

File Path                          PID    Runtime      # DAGs    # Errors  Last Runtime    Last Run
---------------------------------  -----  ---------  --------  ----------  --------------  -------------------
/opt/airflow/dags/ETL_pipeline.py                           1           0  0.21s           2026-03-18T12:58:51
================================================================================
[2026-03-18T12:59:32.062+0000] {manager.py:879} INFO - 
================================================================================
DAG File Processing Stats

File Path                          PID    Runtime      # DAGs    # Errors  Last Runtime    Last Run
---------------------------------  -----  ---------  --------  ----------  --------------  -------------------
/opt/airflow/dags/ETL_pipeline.py                           1           0  0.22s           2026-03-18T12:59:21
================================================================================
[2026-03-18T12:59:33.074+0000] {manager.py:738} INFO - Searching for files in /opt/airflow/dags
[2026-03-18T12:59:33.118+0000] {manager.py:741} INFO - There are 1 files in /opt/airflow/dags
[2026-03-18T13:00:02.485+0000] {manager.py:879} INFO - 
================================================================================
DAG File Processing Stats

File Path                          PID    Runtime      # DAGs    # Errors  Last Runtime    Last Run
---------------------------------  -----  ---------  --------  ----------  --------------  -------------------
/opt/airflow/dags/ETL_pipeline.py                           1           0  0.21s           2026-03-18T12:59:52
================================================================================
[2026-03-18T13:00:32.967+0000] {manager.py:879} INFO - 
================================================================================
DAG File Processing Stats

File Path                          PID    Runtime      # DAGs    # Errors  Last Runtime    Last Run
---------------------------------  -----  ---------  --------  ----------  --------------  -------------------
/opt/airflow/dags/ETL_pipeline.py                           1           0  0.21s           2026-03-18T13:00:22
================================================================================
[2026-03-18T13:01:03.254+0000] {manager.py:879} INFO - 
================================================================================
DAG File Processing Stats

File Path                          PID    Runtime      # DAGs    # Errors  Last Runtime    Last Run
---------------------------------  -----  ---------  --------  ----------  --------------  -------------------
/opt/airflow/dags/ETL_pipeline.py                           1           0  0.26s           2026-03-18T13:00:53
================================================================================
[2026-03-18T13:01:33.765+0000] {manager.py:879} INFO - 
================================================================================
DAG File Processing Stats

File Path                          PID    Runtime      # DAGs    # Errors  Last Runtime    Last Run
---------------------------------  -----  ---------  --------  ----------  --------------  -------------------
/opt/airflow/dags/ETL_pipeline.py                           1           0  0.22s           2026-03-18T13:01:23
================================================================================
[2026-03-18T13:02:04.053+0000] {manager.py:879} INFO - 
================================================================================
DAG File Processing Stats

File Path                          PID    Runtime      # DAGs    # Errors  Last Runtime    Last Run
---------------------------------  -----  ---------  --------  ----------  --------------  -------------------
/opt/airflow/dags/ETL_pipeline.py                           1           0  0.20s           2026-03-18T13:01:54
================================================================================
[2026-03-18T13:02:34.481+0000] {manager.py:879} INFO - 
================================================================================
DAG File Processing Stats

File Path                          PID    Runtime      # DAGs    # Errors  Last Runtime    Last Run
---------------------------------  -----  ---------  --------  ----------  --------------  -------------------
/opt/airflow/dags/ETL_pipeline.py                           1           0  0.23s           2026-03-18T13:02:24
================================================================================
[2026-03-18T13:03:04.808+0000] {manager.py:879} INFO - 
================================================================================
DAG File Processing Stats

File Path                          PID    Runtime      # DAGs    # Errors  Last Runtime    Last Run
---------------------------------  -----  ---------  --------  ----------  --------------  -------------------
/opt/airflow/dags/ETL_pipeline.py                           1           0  0.44s           2026-03-18T13:02:55
================================================================================
[2026-03-18T13:03:35.505+0000] {manager.py:879} INFO - 
================================================================================
DAG File Processing Stats

File Path                          PID    Runtime      # DAGs    # Errors  Last Runtime    Last Run
---------------------------------  -----  ---------  --------  ----------  --------------  -------------------
/opt/airflow/dags/ETL_pipeline.py                           1           0  0.22s           2026-03-18T13:03:25
================================================================================
[2026-03-18T13:04:05.984+0000] {manager.py:879} INFO - 
================================================================================
DAG File Processing Stats

File Path                          PID    Runtime      # DAGs    # Errors  Last Runtime    Last Run
---------------------------------  -----  ---------  --------  ----------  --------------  -------------------
/opt/airflow/dags/ETL_pipeline.py                           1           0  0.22s           2026-03-18T13:03:55
================================================================================
[2026-03-18T13:04:33.273+0000] {manager.py:738} INFO - Searching for files in /opt/airflow/dags
[2026-03-18T13:04:33.328+0000] {manager.py:741} INFO - There are 1 files in /opt/airflow/dags
[2026-03-18T13:04:36.389+0000] {manager.py:879} INFO - 
================================================================================
DAG File Processing Stats

File Path                          PID    Runtime      # DAGs    # Errors  Last Runtime    Last Run
---------------------------------  -----  ---------  --------  ----------  --------------  -------------------
/opt/airflow/dags/ETL_pipeline.py                           1           0  0.23s           2026-03-18T13:04:26
================================================================================
[2026-03-18T13:05:06.792+0000] {manager.py:879} INFO - 
================================================================================
DAG File Processing Stats

File Path                          PID    Runtime      # DAGs    # Errors  Last Runtime    Last Run
---------------------------------  -----  ---------  --------  ----------  --------------  -------------------
/opt/airflow/dags/ETL_pipeline.py                           1           0  0.22s           2026-03-18T13:04:56
================================================================================
[2026-03-18T13:05:37.224+0000] {manager.py:879} INFO - 
================================================================================
DAG File Processing Stats

File Path                          PID    Runtime      # DAGs    # Errors  Last Runtime    Last Run
---------------------------------  -----  ---------  --------  ----------  --------------  -------------------
/opt/airflow/dags/ETL_pipeline.py                           1           0  0.28s           2026-03-18T13:05:27
================================================================================
[2026-03-18T13:06:07.630+0000] {manager.py:879} INFO - 
================================================================================
DAG File Processing Stats

File Path                          PID    Runtime      # DAGs    # Errors  Last Runtime    Last Run
---------------------------------  -----  ---------  --------  ----------  --------------  -------------------
/opt/airflow/dags/ETL_pipeline.py                           1           0  0.24s           2026-03-18T13:05:57
================================================================================
[2026-03-18T13:06:37.975+0000] {manager.py:879} INFO - 
================================================================================
DAG File Processing Stats

File Path                          PID    Runtime      # DAGs    # Errors  Last Runtime    Last Run
---------------------------------  -----  ---------  --------  ----------  --------------  -------------------
/opt/airflow/dags/ETL_pipeline.py                           1           0  0.20s           2026-03-18T13:06:28
================================================================================
[2026-03-18T13:07:08.401+0000] {manager.py:879} INFO - 
================================================================================
DAG File Processing Stats

File Path                          PID    Runtime      # DAGs    # Errors  Last Runtime    Last Run
---------------------------------  -----  ---------  --------  ----------  --------------  -------------------
/opt/airflow/dags/ETL_pipeline.py                           1           0  0.22s           2026-03-18T13:06:58
================================================================================
[2026-03-18T13:07:38.728+0000] {manager.py:879} INFO - 
================================================================================
DAG File Processing Stats

File Path                          PID    Runtime      # DAGs    # Errors  Last Runtime    Last Run
---------------------------------  -----  ---------  --------  ----------  --------------  -------------------
/opt/airflow/dags/ETL_pipeline.py                           1           0  0.23s           2026-03-18T13:07:28
================================================================================
[2026-03-18T13:08:09.168+0000] {manager.py:879} INFO - 
================================================================================
DAG File Processing Stats

File Path                          PID    Runtime      # DAGs    # Errors  Last Runtime    Last Run
---------------------------------  -----  ---------  --------  ----------  --------------  -------------------
/opt/airflow/dags/ETL_pipeline.py                           1           0  0.26s           2026-03-18T13:07:59
================================================================================
[2026-03-18T13:08:39.501+0000] {manager.py:879} INFO - 
================================================================================
DAG File Processing Stats

File Path                          PID    Runtime      # DAGs    # Errors  Last Runtime    Last Run
---------------------------------  -----  ---------  --------  ----------  --------------  -------------------
/opt/airflow/dags/ETL_pipeline.py                           1           0  0.52s           2026-03-18T13:08:29
================================================================================
[2026-03-18T13:09:10.242+0000] {manager.py:879} INFO - 
================================================================================
DAG File Processing Stats

File Path                          PID    Runtime      # DAGs    # Errors  Last Runtime    Last Run
---------------------------------  -----  ---------  --------  ----------  --------------  -------------------
/opt/airflow/dags/ETL_pipeline.py                           1           0  0.25s           2026-03-18T13:09:00
================================================================================
[2026-03-18T13:09:33.665+0000] {manager.py:738} INFO - Searching for files in /opt/airflow/dags
[2026-03-18T13:09:33.697+0000] {manager.py:741} INFO - There are 1 files in /opt/airflow/dags
[2026-03-18T13:09:40.832+0000] {manager.py:879} INFO - 
================================================================================
DAG File Processing Stats

File Path                          PID    Runtime      # DAGs    # Errors  Last Runtime    Last Run
---------------------------------  -----  ---------  --------  ----------  --------------  -------------------
/opt/airflow/dags/ETL_pipeline.py                           1           0  0.25s           2026-03-18T13:09:30
================================================================================
[2026-03-18T13:10:04.333+0000] {manager.py:451} INFO - Exiting gracefully upon receiving signal 15
[2026-03-18T15:04:21.326+0000] {manager.py:469} INFO - Processing files using up to 2 processes at a time 
[2026-03-18T15:04:21.329+0000] {manager.py:470} INFO - Process each file at most once every 30 seconds
[2026-03-18T15:04:21.330+0000] {manager.py:471} INFO - Checking for new files in /opt/airflow/dags every 300 seconds
[2026-03-18T15:04:21.333+0000] {manager.py:738} INFO - Searching for files in /opt/airflow/dags
[2026-03-18T15:04:21.417+0000] {manager.py:741} INFO - There are 1 files in /opt/airflow/dags
[2026-03-18T15:04:21.749+0000] {manager.py:879} INFO - 
================================================================================
DAG File Processing Stats

File Path                            PID  Runtime      # DAGs    # Errors  Last Runtime    Last Run
---------------------------------  -----  ---------  --------  ----------  --------------  ----------
/opt/airflow/dags/ETL_pipeline.py    167  0.14s             0           0
================================================================================
[2026-03-18T15:04:52.263+0000] {manager.py:879} INFO - 
================================================================================
DAG File Processing Stats

File Path                            PID  Runtime      # DAGs    # Errors  Last Runtime    Last Run
---------------------------------  -----  ---------  --------  ----------  --------------  -------------------
/opt/airflow/dags/ETL_pipeline.py    172  0.07s             1           0  0.43s           2026-03-18T15:04:22
================================================================================
[2026-03-18T15:05:22.683+0000] {manager.py:879} INFO - 
================================================================================
DAG File Processing Stats

File Path                          PID    Runtime      # DAGs    # Errors  Last Runtime    Last Run
---------------------------------  -----  ---------  --------  ----------  --------------  -------------------
/opt/airflow/dags/ETL_pipeline.py                           1           0  2.27s           2026-03-18T15:04:54
================================================================================
[2026-03-18T15:05:53.045+0000] {manager.py:879} INFO - 
================================================================================
DAG File Processing Stats

File Path                          PID    Runtime      # DAGs    # Errors  Last Runtime    Last Run
---------------------------------  -----  ---------  --------  ----------  --------------  -------------------
/opt/airflow/dags/ETL_pipeline.py                           1           0  0.27s           2026-03-18T15:05:24
================================================================================
[2026-03-18T15:06:23.688+0000] {manager.py:879} INFO - 
================================================================================
DAG File Processing Stats

File Path                          PID    Runtime      # DAGs    # Errors  Last Runtime    Last Run
---------------------------------  -----  ---------  --------  ----------  --------------  -------------------
/opt/airflow/dags/ETL_pipeline.py                           1           0  0.22s           2026-03-18T15:05:55
================================================================================
[2026-03-18T15:06:53.966+0000] {manager.py:879} INFO - 
================================================================================
DAG File Processing Stats

File Path                          PID    Runtime      # DAGs    # Errors  Last Runtime    Last Run
---------------------------------  -----  ---------  --------  ----------  --------------  -------------------
/opt/airflow/dags/ETL_pipeline.py                           1           0  0.73s           2026-03-18T15:06:26
================================================================================
[2026-03-18T15:07:24.621+0000] {manager.py:879} INFO - 
================================================================================
DAG File Processing Stats

File Path                          PID    Runtime      # DAGs    # Errors  Last Runtime    Last Run
---------------------------------  -----  ---------  --------  ----------  --------------  -------------------
/opt/airflow/dags/ETL_pipeline.py                           1           0  0.30s           2026-03-18T15:06:57
================================================================================
[2026-03-18T15:07:54.925+0000] {manager.py:879} INFO - 
================================================================================
DAG File Processing Stats

File Path                          PID    Runtime      # DAGs    # Errors  Last Runtime    Last Run
---------------------------------  -----  ---------  --------  ----------  --------------  -------------------
/opt/airflow/dags/ETL_pipeline.py                           1           0  0.38s           2026-03-18T15:07:28
================================================================================
[2026-03-18T15:08:25.189+0000] {manager.py:879} INFO - 
================================================================================
DAG File Processing Stats

File Path                          PID    Runtime      # DAGs    # Errors  Last Runtime    Last Run
---------------------------------  -----  ---------  --------  ----------  --------------  -------------------
/opt/airflow/dags/ETL_pipeline.py                           1           0  0.68s           2026-03-18T15:07:59
================================================================================
[2026-03-18T15:08:55.532+0000] {manager.py:879} INFO - 
================================================================================
DAG File Processing Stats

File Path                          PID    Runtime      # DAGs    # Errors  Last Runtime    Last Run
---------------------------------  -----  ---------  --------  ----------  --------------  -------------------
/opt/airflow/dags/ETL_pipeline.py                           1           0  0.39s           2026-03-18T15:08:29
================================================================================
[2026-03-18T15:09:21.657+0000] {manager.py:738} INFO - Searching for files in /opt/airflow/dags
[2026-03-18T15:09:21.712+0000] {manager.py:741} INFO - There are 1 files in /opt/airflow/dags
[2026-03-18T15:09:25.795+0000] {manager.py:879} INFO - 
================================================================================
DAG File Processing Stats

File Path                          PID    Runtime      # DAGs    # Errors  Last Runtime    Last Run
---------------------------------  -----  ---------  --------  ----------  --------------  -------------------
/opt/airflow/dags/ETL_pipeline.py                           1           0  0.40s           2026-03-18T15:09:00
================================================================================
[2026-03-18T15:09:56.075+0000] {manager.py:879} INFO - 
================================================================================
DAG File Processing Stats

File Path                          PID    Runtime      # DAGs    # Errors  Last Runtime    Last Run
---------------------------------  -----  ---------  --------  ----------  --------------  -------------------
/opt/airflow/dags/ETL_pipeline.py                           1           0  0.25s           2026-03-18T15:09:31
================================================================================
[2026-03-18T15:10:26.588+0000] {manager.py:879} INFO - 
================================================================================
DAG File Processing Stats

File Path                          PID    Runtime      # DAGs    # Errors  Last Runtime    Last Run
---------------------------------  -----  ---------  --------  ----------  --------------  -------------------
/opt/airflow/dags/ETL_pipeline.py                           1           0  0.23s           2026-03-18T15:10:01
================================================================================
[2026-03-18T15:10:57.189+0000] {manager.py:879} INFO - 
================================================================================
DAG File Processing Stats

File Path                          PID    Runtime      # DAGs    # Errors  Last Runtime    Last Run
---------------------------------  -----  ---------  --------  ----------  --------------  -------------------
/opt/airflow/dags/ETL_pipeline.py                           1           0  3.22s           2026-03-18T15:10:34
================================================================================
[2026-03-18T15:11:27.535+0000] {manager.py:879} INFO - 
================================================================================
DAG File Processing Stats

File Path                          PID    Runtime      # DAGs    # Errors  Last Runtime    Last Run
---------------------------------  -----  ---------  --------  ----------  --------------  -------------------
/opt/airflow/dags/ETL_pipeline.py                           1           0  0.23s           2026-03-18T15:11:05
================================================================================
[2026-03-18T15:11:57.970+0000] {manager.py:879} INFO - 
================================================================================
DAG File Processing Stats

File Path                          PID    Runtime      # DAGs    # Errors  Last Runtime    Last Run
---------------------------------  -----  ---------  --------  ----------  --------------  -------------------
/opt/airflow/dags/ETL_pipeline.py                           1           0  0.24s           2026-03-18T15:11:35
================================================================================
[2026-03-18T15:12:28.034+0000] {manager.py:879} INFO - 
================================================================================
DAG File Processing Stats

File Path                          PID    Runtime      # DAGs    # Errors  Last Runtime    Last Run
---------------------------------  -----  ---------  --------  ----------  --------------  -------------------
/opt/airflow/dags/ETL_pipeline.py                           1           0  0.61s           2026-03-18T15:12:06
================================================================================
[2026-03-18T15:12:58.470+0000] {manager.py:879} INFO - 
================================================================================
DAG File Processing Stats

File Path                          PID    Runtime      # DAGs    # Errors  Last Runtime    Last Run
---------------------------------  -----  ---------  --------  ----------  --------------  -------------------
/opt/airflow/dags/ETL_pipeline.py                           1           0  0.35s           2026-03-18T15:12:37
================================================================================
[2026-03-18T15:13:28.924+0000] {manager.py:879} INFO - 
================================================================================
DAG File Processing Stats

File Path                          PID    Runtime      # DAGs    # Errors  Last Runtime    Last Run
---------------------------------  -----  ---------  --------  ----------  --------------  -------------------
/opt/airflow/dags/ETL_pipeline.py                           1           0  0.21s           2026-03-18T15:13:07
================================================================================
[2026-03-18T15:13:59.266+0000] {manager.py:879} INFO - 
================================================================================
DAG File Processing Stats

File Path                          PID    Runtime      # DAGs    # Errors  Last Runtime    Last Run
---------------------------------  -----  ---------  --------  ----------  --------------  -------------------
/opt/airflow/dags/ETL_pipeline.py                           1           0  0.20s           2026-03-18T15:13:38
================================================================================
[2026-03-18T15:14:21.694+0000] {manager.py:738} INFO - Searching for files in /opt/airflow/dags
[2026-03-18T15:14:21.757+0000] {manager.py:741} INFO - There are 1 files in /opt/airflow/dags
[2026-03-18T15:14:29.898+0000] {manager.py:879} INFO - 
================================================================================
DAG File Processing Stats

File Path                          PID    Runtime      # DAGs    # Errors  Last Runtime    Last Run
---------------------------------  -----  ---------  --------  ----------  --------------  -------------------
/opt/airflow/dags/ETL_pipeline.py                           1           0  0.36s           2026-03-18T15:14:08
================================================================================
[2026-03-18T15:15:00.275+0000] {manager.py:879} INFO - 
================================================================================
DAG File Processing Stats

File Path                          PID    Runtime      # DAGs    # Errors  Last Runtime    Last Run
---------------------------------  -----  ---------  --------  ----------  --------------  -------------------
/opt/airflow/dags/ETL_pipeline.py                           1           0  0.28s           2026-03-18T15:14:39
================================================================================
[2026-03-18T15:15:30.818+0000] {manager.py:879} INFO - 
================================================================================
DAG File Processing Stats

File Path                          PID    Runtime      # DAGs    # Errors  Last Runtime    Last Run
---------------------------------  -----  ---------  --------  ----------  --------------  -------------------
/opt/airflow/dags/ETL_pipeline.py                           1           0  0.32s           2026-03-18T15:15:09
================================================================================
[2026-03-18T15:16:01.198+0000] {manager.py:879} INFO - 
================================================================================
DAG File Processing Stats

File Path                          PID    Runtime      # DAGs    # Errors  Last Runtime    Last Run
---------------------------------  -----  ---------  --------  ----------  --------------  -------------------
/opt/airflow/dags/ETL_pipeline.py                           1           0  0.21s           2026-03-18T15:15:40
================================================================================
[2026-03-18T15:16:31.613+0000] {manager.py:879} INFO - 
================================================================================
DAG File Processing Stats

File Path                          PID    Runtime      # DAGs    # Errors  Last Runtime    Last Run
---------------------------------  -----  ---------  --------  ----------  --------------  -------------------
/opt/airflow/dags/ETL_pipeline.py                           1           0  0.33s           2026-03-18T15:16:10
================================================================================
[2026-03-18T15:17:02.097+0000] {manager.py:879} INFO - 
================================================================================
DAG File Processing Stats

File Path                          PID    Runtime      # DAGs    # Errors  Last Runtime    Last Run
---------------------------------  -----  ---------  --------  ----------  --------------  -------------------
/opt/airflow/dags/ETL_pipeline.py                           1           0  0.21s           2026-03-18T15:16:40
================================================================================
[2026-03-18T15:17:32.497+0000] {manager.py:879} INFO - 
================================================================================
DAG File Processing Stats

File Path                          PID    Runtime      # DAGs    # Errors  Last Runtime    Last Run
---------------------------------  -----  ---------  --------  ----------  --------------  -------------------
/opt/airflow/dags/ETL_pipeline.py                           1           0  0.28s           2026-03-18T15:17:11
================================================================================
[2026-03-18T15:18:03.058+0000] {manager.py:879} INFO - 
================================================================================
DAG File Processing Stats

File Path                          PID    Runtime      # DAGs    # Errors  Last Runtime    Last Run
---------------------------------  -----  ---------  --------  ----------  --------------  -------------------
/opt/airflow/dags/ETL_pipeline.py                           1           0  0.33s           2026-03-18T15:17:41
================================================================================
[2026-03-18T15:18:33.415+0000] {manager.py:879} INFO - 
================================================================================
DAG File Processing Stats

File Path                          PID    Runtime      # DAGs    # Errors  Last Runtime    Last Run
---------------------------------  -----  ---------  --------  ----------  --------------  -------------------
/opt/airflow/dags/ETL_pipeline.py                           1           0  0.20s           2026-03-18T15:18:12
================================================================================
[2026-03-18T15:19:03.845+0000] {manager.py:879} INFO - 
================================================================================
DAG File Processing Stats

File Path                          PID    Runtime      # DAGs    # Errors  Last Runtime    Last Run
---------------------------------  -----  ---------  --------  ----------  --------------  -------------------
/opt/airflow/dags/ETL_pipeline.py                           1           0  0.23s           2026-03-18T15:18:42
================================================================================
[2026-03-18T15:19:22.127+0000] {manager.py:738} INFO - Searching for files in /opt/airflow/dags
[2026-03-18T15:19:22.166+0000] {manager.py:741} INFO - There are 1 files in /opt/airflow/dags
[2026-03-18T15:19:34.287+0000] {manager.py:879} INFO - 
================================================================================
DAG File Processing Stats

File Path                          PID    Runtime      # DAGs    # Errors  Last Runtime    Last Run
---------------------------------  -----  ---------  --------  ----------  --------------  -------------------
/opt/airflow/dags/ETL_pipeline.py                           1           0  0.26s           2026-03-18T15:19:13
================================================================================
[2026-03-18T15:20:04.658+0000] {manager.py:879} INFO - 
================================================================================
DAG File Processing Stats

File Path                          PID    Runtime      # DAGs    # Errors  Last Runtime    Last Run
---------------------------------  -----  ---------  --------  ----------  --------------  -------------------
/opt/airflow/dags/ETL_pipeline.py                           1           0  0.20s           2026-03-18T15:19:43
================================================================================
[2026-03-18T15:20:35.252+0000] {manager.py:879} INFO - 
================================================================================
DAG File Processing Stats

File Path                          PID    Runtime      # DAGs    # Errors  Last Runtime    Last Run
---------------------------------  -----  ---------  --------  ----------  --------------  -------------------
/opt/airflow/dags/ETL_pipeline.py                           1           0  0.63s           2026-03-18T15:20:14
================================================================================
[2026-03-18T15:21:05.843+0000] {manager.py:879} INFO - 
================================================================================
DAG File Processing Stats

File Path                          PID    Runtime      # DAGs    # Errors  Last Runtime    Last Run
---------------------------------  -----  ---------  --------  ----------  --------------  -------------------
/opt/airflow/dags/ETL_pipeline.py                           1           0  0.22s           2026-03-18T15:20:44
================================================================================
[2026-03-18T15:21:36.337+0000] {manager.py:879} INFO - 
================================================================================
DAG File Processing Stats

File Path                          PID    Runtime      # DAGs    # Errors  Last Runtime    Last Run
---------------------------------  -----  ---------  --------  ----------  --------------  -------------------
/opt/airflow/dags/ETL_pipeline.py                           1           0  0.25s           2026-03-18T15:21:15
================================================================================
[2026-03-18T15:22:06.669+0000] {manager.py:879} INFO - 
================================================================================
DAG File Processing Stats

File Path                          PID    Runtime      # DAGs    # Errors  Last Runtime    Last Run
---------------------------------  -----  ---------  --------  ----------  --------------  -------------------
/opt/airflow/dags/ETL_pipeline.py                           1           0  0.48s           2026-03-18T15:21:45
================================================================================
[2026-03-18T15:22:36.962+0000] {manager.py:879} INFO - 
================================================================================
DAG File Processing Stats

File Path                          PID    Runtime      # DAGs    # Errors  Last Runtime    Last Run
---------------------------------  -----  ---------  --------  ----------  --------------  -------------------
/opt/airflow/dags/ETL_pipeline.py                           1           0  0.67s           2026-03-18T15:22:16
================================================================================
[2026-03-18T15:23:07.093+0000] {manager.py:879} INFO - 
================================================================================
DAG File Processing Stats

File Path                          PID    Runtime      # DAGs    # Errors  Last Runtime    Last Run
---------------------------------  -----  ---------  --------  ----------  --------------  -------------------
/opt/airflow/dags/ETL_pipeline.py                           1           0  4.71s           2026-03-18T15:22:51
================================================================================
[2026-03-18T15:23:37.286+0000] {manager.py:879} INFO - 
================================================================================
DAG File Processing Stats

File Path                          PID    Runtime      # DAGs    # Errors  Last Runtime    Last Run
---------------------------------  -----  ---------  --------  ----------  --------------  -------------------
/opt/airflow/dags/ETL_pipeline.py                           1           0  1.36s           2026-03-18T15:23:23
================================================================================
[2026-03-18T15:24:07.476+0000] {manager.py:879} INFO - 
================================================================================
DAG File Processing Stats

File Path                          PID    Runtime      # DAGs    # Errors  Last Runtime    Last Run
---------------------------------  -----  ---------  --------  ----------  --------------  -------------------
/opt/airflow/dags/ETL_pipeline.py                           1           0  0.79s           2026-03-18T15:23:54
================================================================================
[2026-03-18T15:24:22.632+0000] {manager.py:738} INFO - Searching for files in /opt/airflow/dags
[2026-03-18T15:24:22.678+0000] {manager.py:741} INFO - There are 1 files in /opt/airflow/dags
[2026-03-18T15:24:38.272+0000] {manager.py:879} INFO - 
================================================================================
DAG File Processing Stats

File Path                          PID    Runtime      # DAGs    # Errors  Last Runtime    Last Run
---------------------------------  -----  ---------  --------  ----------  --------------  -------------------
/opt/airflow/dags/ETL_pipeline.py                           1           0  0.47s           2026-03-18T15:24:25
================================================================================
[2026-03-18T15:25:08.317+0000] {manager.py:879} INFO - 
================================================================================
DAG File Processing Stats

File Path                          PID    Runtime      # DAGs    # Errors  Last Runtime    Last Run
---------------------------------  -----  ---------  --------  ----------  --------------  -------------------
/opt/airflow/dags/ETL_pipeline.py                           1           0  6.15s           2026-03-18T15:25:01
================================================================================
[2026-03-18T15:25:38.667+0000] {manager.py:879} INFO - 
================================================================================
DAG File Processing Stats

File Path                          PID    Runtime      # DAGs    # Errors  Last Runtime    Last Run
---------------------------------  -----  ---------  --------  ----------  --------------  -------------------
/opt/airflow/dags/ETL_pipeline.py                           1           0  0.58s           2026-03-18T15:25:33
================================================================================
[2026-03-18T15:26:09.081+0000] {manager.py:879} INFO - 
================================================================================
DAG File Processing Stats

File Path                          PID    Runtime      # DAGs    # Errors  Last Runtime    Last Run
---------------------------------  -----  ---------  --------  ----------  --------------  -------------------
/opt/airflow/dags/ETL_pipeline.py                           1           0  0.77s           2026-03-18T15:26:04
================================================================================
[2026-03-18T15:26:39.418+0000] {manager.py:879} INFO - 
================================================================================
DAG File Processing Stats

File Path                          PID    Runtime      # DAGs    # Errors  Last Runtime    Last Run
---------------------------------  -----  ---------  --------  ----------  --------------  -------------------
/opt/airflow/dags/ETL_pipeline.py                           1           0  0.88s           2026-03-18T15:26:35
================================================================================
[2026-03-18T15:27:09.991+0000] {manager.py:879} INFO - 
================================================================================
DAG File Processing Stats

File Path                          PID    Runtime      # DAGs    # Errors  Last Runtime    Last Run
---------------------------------  -----  ---------  --------  ----------  --------------  -------------------
/opt/airflow/dags/ETL_pipeline.py                           1           0  0.43s           2026-03-18T15:27:06
================================================================================
[2026-03-18T15:27:40.436+0000] {manager.py:879} INFO - 
================================================================================
DAG File Processing Stats

File Path                          PID    Runtime      # DAGs    # Errors  Last Runtime    Last Run
---------------------------------  -----  ---------  --------  ----------  --------------  -------------------
/opt/airflow/dags/ETL_pipeline.py                           1           0  0.27s           2026-03-18T15:27:36
================================================================================
[2026-03-18T15:28:10.825+0000] {manager.py:879} INFO - 
================================================================================
DAG File Processing Stats

File Path                          PID    Runtime      # DAGs    # Errors  Last Runtime    Last Run
---------------------------------  -----  ---------  --------  ----------  --------------  -------------------
/opt/airflow/dags/ETL_pipeline.py                           1           0  0.25s           2026-03-18T15:28:06
================================================================================
[2026-03-18T15:28:41.219+0000] {manager.py:879} INFO - 
================================================================================
DAG File Processing Stats

File Path                          PID    Runtime      # DAGs    # Errors  Last Runtime    Last Run
---------------------------------  -----  ---------  --------  ----------  --------------  -------------------
/opt/airflow/dags/ETL_pipeline.py                           1           0  0.25s           2026-03-18T15:28:37
================================================================================
[2026-03-18T15:29:11.645+0000] {manager.py:879} INFO - 
================================================================================
DAG File Processing Stats

File Path                          PID    Runtime      # DAGs    # Errors  Last Runtime    Last Run
---------------------------------  -----  ---------  --------  ----------  --------------  -------------------
/opt/airflow/dags/ETL_pipeline.py                           1           0  0.26s           2026-03-18T15:29:07
================================================================================
[2026-03-18T15:29:22.740+0000] {manager.py:738} INFO - Searching for files in /opt/airflow/dags
[2026-03-18T15:29:22.780+0000] {manager.py:741} INFO - There are 1 files in /opt/airflow/dags
[2026-03-18T15:29:42.056+0000] {manager.py:879} INFO - 
================================================================================
DAG File Processing Stats

File Path                          PID    Runtime      # DAGs    # Errors  Last Runtime    Last Run
---------------------------------  -----  ---------  --------  ----------  --------------  -------------------
/opt/airflow/dags/ETL_pipeline.py                           1           0  0.31s           2026-03-18T15:29:38
================================================================================
[2026-03-18T15:30:12.620+0000] {manager.py:879} INFO - 
================================================================================
DAG File Processing Stats

File Path                          PID    Runtime      # DAGs    # Errors  Last Runtime    Last Run
---------------------------------  -----  ---------  --------  ----------  --------------  -------------------
/opt/airflow/dags/ETL_pipeline.py                           1           0  0.50s           2026-03-18T15:30:08
================================================================================
[2026-03-18T15:30:42.636+0000] {manager.py:879} INFO - 
================================================================================
DAG File Processing Stats

File Path                          PID    Runtime      # DAGs    # Errors  Last Runtime    Last Run
---------------------------------  -----  ---------  --------  ----------  --------------  -------------------
/opt/airflow/dags/ETL_pipeline.py                           1           0  0.34s           2026-03-18T15:30:39
================================================================================
[2026-03-18T15:31:12.917+0000] {manager.py:879} INFO - 
================================================================================
DAG File Processing Stats

File Path                          PID    Runtime      # DAGs    # Errors  Last Runtime    Last Run
---------------------------------  -----  ---------  --------  ----------  --------------  -------------------
/opt/airflow/dags/ETL_pipeline.py                           1           0  0.41s           2026-03-18T15:31:10
================================================================================
[2026-03-18T15:31:43.045+0000] {manager.py:879} INFO - 
================================================================================
DAG File Processing Stats

File Path                          PID    Runtime      # DAGs    # Errors  Last Runtime    Last Run
---------------------------------  -----  ---------  --------  ----------  --------------  -------------------
/opt/airflow/dags/ETL_pipeline.py                           1           0  0.46s           2026-03-18T15:31:40
================================================================================
[2026-03-18T15:32:13.304+0000] {manager.py:879} INFO - 
================================================================================
DAG File Processing Stats

File Path                          PID    Runtime      # DAGs    # Errors  Last Runtime    Last Run
---------------------------------  -----  ---------  --------  ----------  --------------  -------------------
/opt/airflow/dags/ETL_pipeline.py                           1           0  0.32s           2026-03-18T15:32:11
================================================================================
[2026-03-18T15:32:43.526+0000] {manager.py:879} INFO - 
================================================================================
DAG File Processing Stats

File Path                          PID    Runtime      # DAGs    # Errors  Last Runtime    Last Run
---------------------------------  -----  ---------  --------  ----------  --------------  -------------------
/opt/airflow/dags/ETL_pipeline.py                           1           0  0.61s           2026-03-18T15:32:42
================================================================================
[2026-03-18T15:33:13.783+0000] {manager.py:879} INFO - 
================================================================================
DAG File Processing Stats

File Path                          PID    Runtime      # DAGs    # Errors  Last Runtime    Last Run
---------------------------------  -----  ---------  --------  ----------  --------------  -------------------
/opt/airflow/dags/ETL_pipeline.py                           1           0  0.26s           2026-03-18T15:33:13
================================================================================
[2026-03-18T15:33:44.282+0000] {manager.py:879} INFO - 
================================================================================
DAG File Processing Stats

File Path                          PID    Runtime      # DAGs    # Errors  Last Runtime    Last Run
---------------------------------  -----  ---------  --------  ----------  --------------  -------------------
/opt/airflow/dags/ETL_pipeline.py                           1           0  0.50s           2026-03-18T15:33:43
================================================================================
[2026-03-18T15:34:14.841+0000] {manager.py:879} INFO - 
================================================================================
DAG File Processing Stats

File Path                          PID    Runtime      # DAGs    # Errors  Last Runtime    Last Run
---------------------------------  -----  ---------  --------  ----------  --------------  -------------------
/opt/airflow/dags/ETL_pipeline.py                           1           0  0.39s           2026-03-18T15:34:14
================================================================================
[2026-03-18T15:34:22.947+0000] {manager.py:738} INFO - Searching for files in /opt/airflow/dags
[2026-03-18T15:34:22.990+0000] {manager.py:741} INFO - There are 1 files in /opt/airflow/dags
[2026-03-18T15:34:45.464+0000] {manager.py:879} INFO - 
================================================================================
DAG File Processing Stats

File Path                          PID    Runtime      # DAGs    # Errors  Last Runtime    Last Run
---------------------------------  -----  ---------  --------  ----------  --------------  -------------------
/opt/airflow/dags/ETL_pipeline.py                           1           0  0.25s           2026-03-18T15:34:44
================================================================================
[2026-03-18T15:35:16.018+0000] {manager.py:879} INFO - 
================================================================================
DAG File Processing Stats

File Path                          PID    Runtime      # DAGs    # Errors  Last Runtime    Last Run
---------------------------------  -----  ---------  --------  ----------  --------------  -------------------
/opt/airflow/dags/ETL_pipeline.py                           1           0  0.41s           2026-03-18T15:35:15
================================================================================
[2026-03-18T15:35:46.380+0000] {manager.py:879} INFO - 
================================================================================
DAG File Processing Stats

File Path                          PID    Runtime      # DAGs    # Errors  Last Runtime    Last Run
---------------------------------  -----  ---------  --------  ----------  --------------  -------------------
/opt/airflow/dags/ETL_pipeline.py                           1           0  0.25s           2026-03-18T15:35:45
================================================================================
[2026-03-18T15:36:16.733+0000] {manager.py:879} INFO - 
================================================================================
DAG File Processing Stats

File Path                          PID    Runtime      # DAGs    # Errors  Last Runtime    Last Run
---------------------------------  -----  ---------  --------  ----------  --------------  -------------------
/opt/airflow/dags/ETL_pipeline.py                           1           0  0.27s           2026-03-18T15:36:15
================================================================================
[2026-03-18T15:36:47.083+0000] {manager.py:879} INFO - 
================================================================================
DAG File Processing Stats

File Path                          PID    Runtime      # DAGs    # Errors  Last Runtime    Last Run
---------------------------------  -----  ---------  --------  ----------  --------------  -------------------
/opt/airflow/dags/ETL_pipeline.py                           1           0  0.23s           2026-03-18T15:36:46
================================================================================
[2026-03-18T15:37:17.427+0000] {manager.py:879} INFO - 
================================================================================
DAG File Processing Stats

File Path                          PID    Runtime      # DAGs    # Errors  Last Runtime    Last Run
---------------------------------  -----  ---------  --------  ----------  --------------  -------------------
/opt/airflow/dags/ETL_pipeline.py                           1           0  0.32s           2026-03-18T15:37:16
================================================================================
[2026-03-18T15:37:47.961+0000] {manager.py:879} INFO - 
================================================================================
DAG File Processing Stats

File Path                          PID    Runtime      # DAGs    # Errors  Last Runtime    Last Run
---------------------------------  -----  ---------  --------  ----------  --------------  -------------------
/opt/airflow/dags/ETL_pipeline.py                           1           0  0.25s           2026-03-18T15:37:47
================================================================================
[2026-03-18T15:38:18.478+0000] {manager.py:879} INFO - 
================================================================================
DAG File Processing Stats

File Path                          PID    Runtime      # DAGs    # Errors  Last Runtime    Last Run
---------------------------------  -----  ---------  --------  ----------  --------------  -------------------
/opt/airflow/dags/ETL_pipeline.py                           1           0  0.32s           2026-03-18T15:38:17
================================================================================
[2026-03-18T15:38:48.834+0000] {manager.py:879} INFO - 
================================================================================
DAG File Processing Stats

File Path                          PID    Runtime      # DAGs    # Errors  Last Runtime    Last Run
---------------------------------  -----  ---------  --------  ----------  --------------  -------------------
/opt/airflow/dags/ETL_pipeline.py                           1           0  0.34s           2026-03-18T15:38:48
================================================================================
[2026-03-18T15:39:19.415+0000] {manager.py:879} INFO - 
================================================================================
DAG File Processing Stats

File Path                          PID    Runtime      # DAGs    # Errors  Last Runtime    Last Run
---------------------------------  -----  ---------  --------  ----------  --------------  -------------------
/opt/airflow/dags/ETL_pipeline.py                           1           0  0.31s           2026-03-18T15:39:18
================================================================================
[2026-03-18T15:39:23.444+0000] {manager.py:738} INFO - Searching for files in /opt/airflow/dags
[2026-03-18T15:39:23.490+0000] {manager.py:741} INFO - There are 1 files in /opt/airflow/dags
[2026-03-18T15:39:50.003+0000] {manager.py:879} INFO - 
================================================================================
DAG File Processing Stats

File Path                          PID    Runtime      # DAGs    # Errors  Last Runtime    Last Run
---------------------------------  -----  ---------  --------  ----------  --------------  -------------------
/opt/airflow/dags/ETL_pipeline.py                           1           0  0.33s           2026-03-18T15:39:49
================================================================================
[2026-03-18T15:40:20.469+0000] {manager.py:879} INFO - 
================================================================================
DAG File Processing Stats

File Path                          PID    Runtime      # DAGs    # Errors  Last Runtime    Last Run
---------------------------------  -----  ---------  --------  ----------  --------------  -------------------
/opt/airflow/dags/ETL_pipeline.py                           1           0  0.46s           2026-03-18T15:40:19
================================================================================
[2026-03-18T15:40:51.072+0000] {manager.py:879} INFO - 
================================================================================
DAG File Processing Stats

File Path                          PID    Runtime      # DAGs    # Errors  Last Runtime    Last Run
---------------------------------  -----  ---------  --------  ----------  --------------  -------------------
/opt/airflow/dags/ETL_pipeline.py                           1           0  0.51s           2026-03-18T15:40:50
================================================================================
[2026-03-18T15:41:21.718+0000] {manager.py:879} INFO - 
================================================================================
DAG File Processing Stats

File Path                            PID  Runtime      # DAGs    # Errors  Last Runtime    Last Run
---------------------------------  -----  ---------  --------  ----------  --------------  -------------------
/opt/airflow/dags/ETL_pipeline.py   1137  1.10s             1           0  0.51s           2026-03-18T15:40:50
================================================================================
[2026-03-18T15:41:52.237+0000] {manager.py:879} INFO - 
================================================================================
DAG File Processing Stats

File Path                          PID    Runtime      # DAGs    # Errors  Last Runtime    Last Run
---------------------------------  -----  ---------  --------  ----------  --------------  -------------------
/opt/airflow/dags/ETL_pipeline.py                           1           0  2.67s           2026-03-18T15:41:23
================================================================================
[2026-03-18T15:42:22.661+0000] {manager.py:879} INFO - 
================================================================================
DAG File Processing Stats

File Path                          PID    Runtime      # DAGs    # Errors  Last Runtime    Last Run
---------------------------------  -----  ---------  --------  ----------  --------------  -------------------
/opt/airflow/dags/ETL_pipeline.py                           1           0  2.15s           2026-03-18T15:41:55
================================================================================
[2026-03-18T15:42:52.700+0000] {manager.py:879} INFO - 
================================================================================
DAG File Processing Stats

File Path                          PID    Runtime      # DAGs    # Errors  Last Runtime    Last Run
---------------------------------  -----  ---------  --------  ----------  --------------  -------------------
/opt/airflow/dags/ETL_pipeline.py                           1           0  0.62s           2026-03-18T15:42:26
================================================================================
[2026-03-18T15:43:23.513+0000] {manager.py:879} INFO - 
================================================================================
DAG File Processing Stats

File Path                          PID    Runtime      # DAGs    # Errors  Last Runtime    Last Run
---------------------------------  -----  ---------  --------  ----------  --------------  -------------------
/opt/airflow/dags/ETL_pipeline.py                           1           0  0.52s           2026-03-18T15:42:57
================================================================================
[2026-03-18T15:43:54.404+0000] {manager.py:879} INFO - 
================================================================================
DAG File Processing Stats

File Path                          PID    Runtime      # DAGs    # Errors  Last Runtime    Last Run
---------------------------------  -----  ---------  --------  ----------  --------------  -------------------
/opt/airflow/dags/ETL_pipeline.py                           1           0  2.19s           2026-03-18T15:43:29
================================================================================
[2026-03-18T15:44:23.948+0000] {manager.py:738} INFO - Searching for files in /opt/airflow/dags
[2026-03-18T15:44:23.987+0000] {manager.py:741} INFO - There are 1 files in /opt/airflow/dags
[2026-03-18T15:44:25.049+0000] {manager.py:879} INFO - 
================================================================================
DAG File Processing Stats

File Path                          PID    Runtime      # DAGs    # Errors  Last Runtime    Last Run
---------------------------------  -----  ---------  --------  ----------  --------------  -------------------
/opt/airflow/dags/ETL_pipeline.py                           1           0  4.22s           2026-03-18T15:44:04
================================================================================
[2026-03-18T15:44:55.480+0000] {manager.py:879} INFO - 
================================================================================
DAG File Processing Stats

File Path                          PID    Runtime      # DAGs    # Errors  Last Runtime    Last Run
---------------------------------  -----  ---------  --------  ----------  --------------  -------------------
/opt/airflow/dags/ETL_pipeline.py                           1           0  0.42s           2026-03-18T15:44:35
================================================================================
[2026-03-18T15:45:25.948+0000] {manager.py:879} INFO - 
================================================================================
DAG File Processing Stats

File Path                          PID    Runtime      # DAGs    # Errors  Last Runtime    Last Run
---------------------------------  -----  ---------  --------  ----------  --------------  -------------------
/opt/airflow/dags/ETL_pipeline.py                           1           0  0.80s           2026-03-18T15:45:06
================================================================================
[2026-03-18T15:45:56.500+0000] {manager.py:879} INFO - 
================================================================================
DAG File Processing Stats

File Path                          PID    Runtime      # DAGs    # Errors  Last Runtime    Last Run
---------------------------------  -----  ---------  --------  ----------  --------------  -------------------
/opt/airflow/dags/ETL_pipeline.py                           1           0  0.47s           2026-03-18T15:45:37
================================================================================
[2026-03-18T15:46:26.976+0000] {manager.py:879} INFO - 
================================================================================
DAG File Processing Stats

File Path                          PID    Runtime      # DAGs    # Errors  Last Runtime    Last Run
---------------------------------  -----  ---------  --------  ----------  --------------  -------------------
/opt/airflow/dags/ETL_pipeline.py                           1           0  0.30s           2026-03-18T15:46:07
================================================================================
[2026-03-18T15:46:57.300+0000] {manager.py:879} INFO - 
================================================================================
DAG File Processing Stats

File Path                          PID    Runtime      # DAGs    # Errors  Last Runtime    Last Run
---------------------------------  -----  ---------  --------  ----------  --------------  -------------------
/opt/airflow/dags/ETL_pipeline.py                           1           0  0.31s           2026-03-18T15:46:38
================================================================================
[2026-03-18T15:47:27.795+0000] {manager.py:879} INFO - 
================================================================================
DAG File Processing Stats

File Path                          PID    Runtime      # DAGs    # Errors  Last Runtime    Last Run
---------------------------------  -----  ---------  --------  ----------  --------------  -------------------
/opt/airflow/dags/ETL_pipeline.py                           1           0  0.28s           2026-03-18T15:47:08
================================================================================
[2026-03-18T15:47:58.297+0000] {manager.py:879} INFO - 
================================================================================
DAG File Processing Stats

File Path                          PID    Runtime      # DAGs    # Errors  Last Runtime    Last Run
---------------------------------  -----  ---------  --------  ----------  --------------  -------------------
/opt/airflow/dags/ETL_pipeline.py                           1           0  0.26s           2026-03-18T15:47:39
================================================================================
[2026-03-18T15:48:28.787+0000] {manager.py:879} INFO - 
================================================================================
DAG File Processing Stats

File Path                          PID    Runtime      # DAGs    # Errors  Last Runtime    Last Run
---------------------------------  -----  ---------  --------  ----------  --------------  -------------------
/opt/airflow/dags/ETL_pipeline.py                           1           0  0.25s           2026-03-18T15:48:09
================================================================================
[2026-03-18T15:48:59.415+0000] {manager.py:879} INFO - 
================================================================================
DAG File Processing Stats

File Path                          PID    Runtime      # DAGs    # Errors  Last Runtime    Last Run
---------------------------------  -----  ---------  --------  ----------  --------------  -------------------
/opt/airflow/dags/ETL_pipeline.py                           1           0  0.44s           2026-03-18T15:48:40
================================================================================
[2026-03-18T15:49:24.240+0000] {manager.py:738} INFO - Searching for files in /opt/airflow/dags
[2026-03-18T15:49:24.284+0000] {manager.py:741} INFO - There are 1 files in /opt/airflow/dags
[2026-03-18T15:49:29.974+0000] {manager.py:879} INFO - 
================================================================================
DAG File Processing Stats

File Path                          PID    Runtime      # DAGs    # Errors  Last Runtime    Last Run
---------------------------------  -----  ---------  --------  ----------  --------------  -------------------
/opt/airflow/dags/ETL_pipeline.py                           1           0  0.48s           2026-03-18T15:49:11
================================================================================
[2026-03-18T15:50:00.058+0000] {manager.py:879} INFO - 
================================================================================
DAG File Processing Stats

File Path                          PID    Runtime      # DAGs    # Errors  Last Runtime    Last Run
---------------------------------  -----  ---------  --------  ----------  --------------  -------------------
/opt/airflow/dags/ETL_pipeline.py                           1           0  0.67s           2026-03-18T15:49:41
================================================================================
[2026-03-18T15:50:30.107+0000] {manager.py:879} INFO - 
================================================================================
DAG File Processing Stats

File Path                          PID    Runtime      # DAGs    # Errors  Last Runtime    Last Run
---------------------------------  -----  ---------  --------  ----------  --------------  -------------------
/opt/airflow/dags/ETL_pipeline.py                           1           0  0.96s           2026-03-18T15:50:12
================================================================================
[2026-03-18T15:51:01.041+0000] {manager.py:879} INFO - 
================================================================================
DAG File Processing Stats

File Path                          PID    Runtime      # DAGs    # Errors  Last Runtime    Last Run
---------------------------------  -----  ---------  --------  ----------  --------------  -------------------
/opt/airflow/dags/ETL_pipeline.py                           1           0  1.88s           2026-03-18T15:50:44
================================================================================
[2026-03-18T15:51:31.741+0000] {manager.py:879} INFO - 
================================================================================
DAG File Processing Stats

File Path                          PID    Runtime      # DAGs    # Errors  Last Runtime    Last Run
---------------------------------  -----  ---------  --------  ----------  --------------  -------------------
/opt/airflow/dags/ETL_pipeline.py                           1           0  0.99s           2026-03-18T15:51:16
================================================================================
[2026-03-18T15:52:02.128+0000] {manager.py:879} INFO - 
================================================================================
DAG File Processing Stats

File Path                          PID    Runtime      # DAGs    # Errors  Last Runtime    Last Run
---------------------------------  -----  ---------  --------  ----------  --------------  -------------------
/opt/airflow/dags/ETL_pipeline.py                           1           0  0.68s           2026-03-18T15:51:47
================================================================================
[2026-03-18T15:52:32.157+0000] {manager.py:879} INFO - 
================================================================================
DAG File Processing Stats

File Path                          PID    Runtime      # DAGs    # Errors  Last Runtime    Last Run
---------------------------------  -----  ---------  --------  ----------  --------------  -------------------
/opt/airflow/dags/ETL_pipeline.py                           1           0  1.95s           2026-03-18T15:52:20
================================================================================
[2026-03-18T15:53:03.087+0000] {manager.py:879} INFO - 
================================================================================
DAG File Processing Stats

File Path                          PID    Runtime      # DAGs    # Errors  Last Runtime    Last Run
---------------------------------  -----  ---------  --------  ----------  --------------  -------------------
/opt/airflow/dags/ETL_pipeline.py                           1           0  1.08s           2026-03-18T15:52:51
================================================================================
[2026-03-18T15:53:32.838+0000] {manager.py:451} INFO - Exiting gracefully upon receiving signal 15
[2026-03-27T16:02:42.555+0000] {manager.py:469} INFO - Processing files using up to 2 processes at a time 
[2026-03-27T16:02:42.558+0000] {manager.py:470} INFO - Process each file at most once every 30 seconds
[2026-03-27T16:02:42.560+0000] {manager.py:471} INFO - Checking for new files in /opt/airflow/dags every 300 seconds
[2026-03-27T16:02:42.562+0000] {manager.py:738} INFO - Searching for files in /opt/airflow/dags
[2026-03-27T16:02:42.628+0000] {manager.py:741} INFO - There are 1 files in /opt/airflow/dags
[2026-03-27T16:02:43.650+0000] {manager.py:879} INFO - 
================================================================================
DAG File Processing Stats

File Path                            PID  Runtime      # DAGs    # Errors  Last Runtime    Last Run
---------------------------------  -----  ---------  --------  ----------  --------------  ----------
/opt/airflow/dags/ETL_pipeline.py    167  0.65s             0           0
================================================================================
[2026-03-27T16:03:13.791+0000] {manager.py:879} INFO - 
================================================================================
DAG File Processing Stats

File Path                          PID    Runtime      # DAGs    # Errors  Last Runtime    Last Run
---------------------------------  -----  ---------  --------  ----------  --------------  -------------------
/opt/airflow/dags/ETL_pipeline.py                           1           0  1.50s           2026-03-27T16:02:44
================================================================================
[2026-03-27T16:03:44.013+0000] {manager.py:879} INFO - 
================================================================================
DAG File Processing Stats

File Path                          PID    Runtime      # DAGs    # Errors  Last Runtime    Last Run
---------------------------------  -----  ---------  --------  ----------  --------------  -------------------
/opt/airflow/dags/ETL_pipeline.py                           1           0  0.96s           2026-03-27T16:03:15
================================================================================
[2026-03-27T16:04:14.298+0000] {manager.py:879} INFO - 
================================================================================
DAG File Processing Stats

File Path                          PID    Runtime      # DAGs    # Errors  Last Runtime    Last Run
---------------------------------  -----  ---------  --------  ----------  --------------  -------------------
/opt/airflow/dags/ETL_pipeline.py                           1           0  0.24s           2026-03-27T16:03:46
================================================================================
[2026-03-27T16:04:44.618+0000] {manager.py:879} INFO - 
================================================================================
DAG File Processing Stats

File Path                          PID    Runtime      # DAGs    # Errors  Last Runtime    Last Run
---------------------------------  -----  ---------  --------  ----------  --------------  -------------------
/opt/airflow/dags/ETL_pipeline.py                           1           0  0.20s           2026-03-27T16:04:16
================================================================================
[2026-03-27T16:05:15.099+0000] {manager.py:879} INFO - 
================================================================================
DAG File Processing Stats

File Path                          PID    Runtime      # DAGs    # Errors  Last Runtime    Last Run
---------------------------------  -----  ---------  --------  ----------  --------------  -------------------
/opt/airflow/dags/ETL_pipeline.py                           1           0  0.19s           2026-03-27T16:04:46
================================================================================
[2026-03-27T16:05:45.418+0000] {manager.py:879} INFO - 
================================================================================
DAG File Processing Stats

File Path                          PID    Runtime      # DAGs    # Errors  Last Runtime    Last Run
---------------------------------  -----  ---------  --------  ----------  --------------  -------------------
/opt/airflow/dags/ETL_pipeline.py                           1           0  0.26s           2026-03-27T16:05:17
================================================================================
[2026-03-27T16:06:15.753+0000] {manager.py:879} INFO - 
================================================================================
DAG File Processing Stats

File Path                          PID    Runtime      # DAGs    # Errors  Last Runtime    Last Run
---------------------------------  -----  ---------  --------  ----------  --------------  -------------------
/opt/airflow/dags/ETL_pipeline.py                           1           0  0.21s           2026-03-27T16:05:47
================================================================================
[2026-03-27T16:06:46.213+0000] {manager.py:879} INFO - 
================================================================================
DAG File Processing Stats

File Path                          PID    Runtime      # DAGs    # Errors  Last Runtime    Last Run
---------------------------------  -----  ---------  --------  ----------  --------------  -------------------
/opt/airflow/dags/ETL_pipeline.py                           1           0  0.21s           2026-03-27T16:06:18
================================================================================
[2026-03-27T16:07:16.563+0000] {manager.py:879} INFO - 
================================================================================
DAG File Processing Stats

File Path                          PID    Runtime      # DAGs    # Errors  Last Runtime    Last Run
---------------------------------  -----  ---------  --------  ----------  --------------  -------------------
/opt/airflow/dags/ETL_pipeline.py                           1           0  0.21s           2026-03-27T16:06:48
================================================================================
[2026-03-27T16:07:43.025+0000] {manager.py:738} INFO - Searching for files in /opt/airflow/dags
[2026-03-27T16:07:43.059+0000] {manager.py:741} INFO - There are 1 files in /opt/airflow/dags
[2026-03-27T16:07:47.113+0000] {manager.py:879} INFO - 
================================================================================
DAG File Processing Stats

File Path                          PID    Runtime      # DAGs    # Errors  Last Runtime    Last Run
---------------------------------  -----  ---------  --------  ----------  --------------  -------------------
/opt/airflow/dags/ETL_pipeline.py                           1           0  0.22s           2026-03-27T16:07:18
================================================================================
[2026-03-27T16:08:17.422+0000] {manager.py:879} INFO - 
================================================================================
DAG File Processing Stats

File Path                          PID    Runtime      # DAGs    # Errors  Last Runtime    Last Run
---------------------------------  -----  ---------  --------  ----------  --------------  -------------------
/opt/airflow/dags/ETL_pipeline.py                           1           0  0.20s           2026-03-27T16:07:49
================================================================================
[2026-03-27T16:08:47.952+0000] {manager.py:879} INFO - 
================================================================================
DAG File Processing Stats

File Path                          PID    Runtime      # DAGs    # Errors  Last Runtime    Last Run
---------------------------------  -----  ---------  --------  ----------  --------------  -------------------
/opt/airflow/dags/ETL_pipeline.py                           1           0  0.36s           2026-03-27T16:08:19
================================================================================
[2026-03-27T16:09:18.384+0000] {manager.py:879} INFO - 
================================================================================
DAG File Processing Stats

File Path                          PID    Runtime      # DAGs    # Errors  Last Runtime    Last Run
---------------------------------  -----  ---------  --------  ----------  --------------  -------------------
/opt/airflow/dags/ETL_pipeline.py                           1           0  0.24s           2026-03-27T16:08:50
================================================================================
[2026-03-27T16:09:48.824+0000] {manager.py:879} INFO - 
================================================================================
DAG File Processing Stats

File Path                          PID    Runtime      # DAGs    # Errors  Last Runtime    Last Run
---------------------------------  -----  ---------  --------  ----------  --------------  -------------------
/opt/airflow/dags/ETL_pipeline.py                           1           0  0.21s           2026-03-27T16:09:20
================================================================================
[2026-03-27T16:10:19.245+0000] {manager.py:879} INFO - 
================================================================================
DAG File Processing Stats

File Path                          PID    Runtime      # DAGs    # Errors  Last Runtime    Last Run
---------------------------------  -----  ---------  --------  ----------  --------------  -------------------
/opt/airflow/dags/ETL_pipeline.py                           1           0  0.43s           2026-03-27T16:09:51
================================================================================
[2026-03-27T16:10:49.367+0000] {manager.py:879} INFO - 
================================================================================
DAG File Processing Stats

File Path                          PID    Runtime      # DAGs    # Errors  Last Runtime    Last Run
---------------------------------  -----  ---------  --------  ----------  --------------  -------------------
/opt/airflow/dags/ETL_pipeline.py                           1           0  0.46s           2026-03-27T16:10:22
================================================================================
[2026-03-27T16:11:19.641+0000] {manager.py:879} INFO - 
================================================================================
DAG File Processing Stats

File Path                          PID    Runtime      # DAGs    # Errors  Last Runtime    Last Run
---------------------------------  -----  ---------  --------  ----------  --------------  -------------------
/opt/airflow/dags/ETL_pipeline.py                           1           0  0.28s           2026-03-27T16:10:52
================================================================================
[2026-03-27T16:11:50.304+0000] {manager.py:879} INFO - 
================================================================================
DAG File Processing Stats

File Path                          PID    Runtime      # DAGs    # Errors  Last Runtime    Last Run
---------------------------------  -----  ---------  --------  ----------  --------------  -------------------
/opt/airflow/dags/ETL_pipeline.py                           1           0  0.21s           2026-03-27T16:11:23
================================================================================
[2026-03-27T16:12:20.839+0000] {manager.py:879} INFO - 
================================================================================
DAG File Processing Stats

File Path                          PID    Runtime      # DAGs    # Errors  Last Runtime    Last Run
---------------------------------  -----  ---------  --------  ----------  --------------  -------------------
/opt/airflow/dags/ETL_pipeline.py                           1           0  0.20s           2026-03-27T16:11:53
================================================================================
[2026-03-27T16:12:43.120+0000] {manager.py:738} INFO - Searching for files in /opt/airflow/dags
[2026-03-27T16:12:43.160+0000] {manager.py:741} INFO - There are 1 files in /opt/airflow/dags
[2026-03-27T16:12:51.322+0000] {manager.py:879} INFO - 
================================================================================
DAG File Processing Stats

File Path                          PID    Runtime      # DAGs    # Errors  Last Runtime    Last Run
---------------------------------  -----  ---------  --------  ----------  --------------  -------------------
/opt/airflow/dags/ETL_pipeline.py                           1           0  0.37s           2026-03-27T16:12:24
================================================================================
[2026-03-27T16:13:21.912+0000] {manager.py:879} INFO - 
================================================================================
DAG File Processing Stats

File Path                          PID    Runtime      # DAGs    # Errors  Last Runtime    Last Run
---------------------------------  -----  ---------  --------  ----------  --------------  -------------------
/opt/airflow/dags/ETL_pipeline.py                           1           0  0.43s           2026-03-27T16:12:54
================================================================================
[2026-03-27T16:13:52.406+0000] {manager.py:879} INFO - 
================================================================================
DAG File Processing Stats

File Path                          PID    Runtime      # DAGs    # Errors  Last Runtime    Last Run
---------------------------------  -----  ---------  --------  ----------  --------------  -------------------
/opt/airflow/dags/ETL_pipeline.py                           1           0  0.20s           2026-03-27T16:13:25
================================================================================
[2026-03-27T16:14:22.756+0000] {manager.py:879} INFO - 
================================================================================
DAG File Processing Stats

File Path                          PID    Runtime      # DAGs    # Errors  Last Runtime    Last Run
---------------------------------  -----  ---------  --------  ----------  --------------  -------------------
/opt/airflow/dags/ETL_pipeline.py                           1           0  0.32s           2026-03-27T16:13:55
================================================================================
[2026-03-27T16:14:53.376+0000] {manager.py:879} INFO - 
================================================================================
DAG File Processing Stats

File Path                          PID    Runtime      # DAGs    # Errors  Last Runtime    Last Run
---------------------------------  -----  ---------  --------  ----------  --------------  -------------------
/opt/airflow/dags/ETL_pipeline.py                           1           0  0.38s           2026-03-27T16:14:26
================================================================================
[2026-03-27T16:15:23.484+0000] {manager.py:879} INFO - 
================================================================================
DAG File Processing Stats

File Path                          PID    Runtime      # DAGs    # Errors  Last Runtime    Last Run
---------------------------------  -----  ---------  --------  ----------  --------------  -------------------
/opt/airflow/dags/ETL_pipeline.py                           1           0  0.64s           2026-03-27T16:14:57
================================================================================
[2026-03-27T16:15:53.693+0000] {manager.py:879} INFO - 
================================================================================
DAG File Processing Stats

File Path                          PID    Runtime      # DAGs    # Errors  Last Runtime    Last Run
---------------------------------  -----  ---------  --------  ----------  --------------  -------------------
/opt/airflow/dags/ETL_pipeline.py                           1           0  0.30s           2026-03-27T16:15:27
================================================================================
[2026-03-27T16:16:24.016+0000] {manager.py:879} INFO - 
================================================================================
DAG File Processing Stats

File Path                          PID    Runtime      # DAGs    # Errors  Last Runtime    Last Run
---------------------------------  -----  ---------  --------  ----------  --------------  -------------------
/opt/airflow/dags/ETL_pipeline.py                           1           0  0.42s           2026-03-27T16:15:57
================================================================================
[2026-03-27T16:16:54.459+0000] {manager.py:879} INFO - 
================================================================================
DAG File Processing Stats

File Path                          PID    Runtime      # DAGs    # Errors  Last Runtime    Last Run
---------------------------------  -----  ---------  --------  ----------  --------------  -------------------
/opt/airflow/dags/ETL_pipeline.py                           1           0  0.21s           2026-03-27T16:16:28
================================================================================
[2026-03-27T16:17:24.840+0000] {manager.py:879} INFO - 
================================================================================
DAG File Processing Stats

File Path                          PID    Runtime      # DAGs    # Errors  Last Runtime    Last Run
---------------------------------  -----  ---------  --------  ----------  --------------  -------------------
/opt/airflow/dags/ETL_pipeline.py                           1           0  0.40s           2026-03-27T16:16:58
================================================================================
[2026-03-27T16:17:43.574+0000] {manager.py:738} INFO - Searching for files in /opt/airflow/dags
[2026-03-27T16:17:44.069+0000] {manager.py:741} INFO - There are 1 files in /opt/airflow/dags
[2026-03-27T16:17:55.316+0000] {manager.py:879} INFO - 
================================================================================
DAG File Processing Stats

File Path                          PID    Runtime      # DAGs    # Errors  Last Runtime    Last Run
---------------------------------  -----  ---------  --------  ----------  --------------  -------------------
/opt/airflow/dags/ETL_pipeline.py                           1           0  0.52s           2026-03-27T16:17:29
================================================================================
[2026-03-27T16:18:25.451+0000] {manager.py:879} INFO - 
================================================================================
DAG File Processing Stats

File Path                          PID    Runtime      # DAGs    # Errors  Last Runtime    Last Run
---------------------------------  -----  ---------  --------  ----------  --------------  -------------------
/opt/airflow/dags/ETL_pipeline.py                           1           0  0.67s           2026-03-27T16:18:01
================================================================================
[2026-03-27T16:18:55.454+0000] {manager.py:879} INFO - 
================================================================================
DAG File Processing Stats

File Path                          PID    Runtime      # DAGs    # Errors  Last Runtime    Last Run
---------------------------------  -----  ---------  --------  ----------  --------------  -------------------
/opt/airflow/dags/ETL_pipeline.py                           1           0  0.53s           2026-03-27T16:18:32
================================================================================
[2026-03-27T16:18:56.522+0000] {manager.py:451} INFO - Exiting gracefully upon receiving signal 15
[2026-03-27T16:19:55.533+0000] {manager.py:469} INFO - Processing files using up to 2 processes at a time 
[2026-03-27T16:19:55.535+0000] {manager.py:470} INFO - Process each file at most once every 30 seconds
[2026-03-27T16:19:55.537+0000] {manager.py:471} INFO - Checking for new files in /opt/airflow/dags every 300 seconds
[2026-03-27T16:19:55.538+0000] {manager.py:738} INFO - Searching for files in /opt/airflow/dags
[2026-03-27T16:19:55.581+0000] {manager.py:741} INFO - There are 1 files in /opt/airflow/dags
[2026-03-27T16:19:55.847+0000] {manager.py:879} INFO - 
================================================================================
DAG File Processing Stats

File Path                            PID  Runtime      # DAGs    # Errors  Last Runtime    Last Run
---------------------------------  -----  ---------  --------  ----------  --------------  ----------
/opt/airflow/dags/ETL_pipeline.py    166  0.16s             0           0
================================================================================
[2026-03-27T16:20:26.229+0000] {manager.py:879} INFO - 
================================================================================
DAG File Processing Stats

File Path                          PID    Runtime      # DAGs    # Errors  Last Runtime    Last Run
---------------------------------  -----  ---------  --------  ----------  --------------  -------------------
/opt/airflow/dags/ETL_pipeline.py                           1           0  0.81s           2026-03-27T16:19:56
================================================================================
[2026-03-27T16:20:56.723+0000] {manager.py:879} INFO - 
================================================================================
DAG File Processing Stats

File Path                          PID    Runtime      # DAGs    # Errors  Last Runtime    Last Run
---------------------------------  -----  ---------  --------  ----------  --------------  -------------------
/opt/airflow/dags/ETL_pipeline.py                           1           0  0.45s           2026-03-27T16:20:27
================================================================================
[2026-03-27T16:21:26.784+0000] {manager.py:879} INFO - 
================================================================================
DAG File Processing Stats

File Path                          PID    Runtime      # DAGs    # Errors  Last Runtime    Last Run
---------------------------------  -----  ---------  --------  ----------  --------------  -------------------
/opt/airflow/dags/ETL_pipeline.py                           1           0  0.49s           2026-03-27T16:20:58
================================================================================
[2026-03-27T16:21:56.897+0000] {manager.py:879} INFO - 
================================================================================
DAG File Processing Stats

File Path                          PID    Runtime      # DAGs    # Errors  Last Runtime    Last Run
---------------------------------  -----  ---------  --------  ----------  --------------  -------------------
/opt/airflow/dags/ETL_pipeline.py                           1           0  0.58s           2026-03-27T16:21:29
================================================================================
[2026-03-27T16:22:27.301+0000] {manager.py:879} INFO - 
================================================================================
DAG File Processing Stats

File Path                          PID    Runtime      # DAGs    # Errors  Last Runtime    Last Run
---------------------------------  -----  ---------  --------  ----------  --------------  -------------------
/opt/airflow/dags/ETL_pipeline.py                           1           0  0.55s           2026-03-27T16:22:00
================================================================================
[2026-03-27T16:22:58.136+0000] {manager.py:879} INFO - 
================================================================================
DAG File Processing Stats

File Path                          PID    Runtime      # DAGs    # Errors  Last Runtime    Last Run
---------------------------------  -----  ---------  --------  ----------  --------------  -------------------
/opt/airflow/dags/ETL_pipeline.py                           1           0  0.50s           2026-03-27T16:22:30
================================================================================
[2026-03-27T16:23:28.615+0000] {manager.py:879} INFO - 
================================================================================
DAG File Processing Stats

File Path                          PID    Runtime      # DAGs    # Errors  Last Runtime    Last Run
---------------------------------  -----  ---------  --------  ----------  --------------  -------------------
/opt/airflow/dags/ETL_pipeline.py                           1           0  0.80s           2026-03-27T16:23:02
================================================================================
[2026-03-27T16:23:59.121+0000] {manager.py:879} INFO - 
================================================================================
DAG File Processing Stats

File Path                          PID    Runtime      # DAGs    # Errors  Last Runtime    Last Run
---------------------------------  -----  ---------  --------  ----------  --------------  -------------------
/opt/airflow/dags/ETL_pipeline.py                           1           0  1.94s           2026-03-27T16:23:34
================================================================================
[2026-03-27T16:24:29.327+0000] {manager.py:879} INFO - 
================================================================================
DAG File Processing Stats

File Path                          PID    Runtime      # DAGs    # Errors  Last Runtime    Last Run
---------------------------------  -----  ---------  --------  ----------  --------------  -------------------
/opt/airflow/dags/ETL_pipeline.py                           1           0  0.92s           2026-03-27T16:24:06
================================================================================
[2026-03-27T16:24:55.585+0000] {manager.py:738} INFO - Searching for files in /opt/airflow/dags
[2026-03-27T16:24:55.781+0000] {manager.py:741} INFO - There are 1 files in /opt/airflow/dags
[2026-03-27T16:25:00.029+0000] {manager.py:879} INFO - 
================================================================================
DAG File Processing Stats

File Path                          PID    Runtime      # DAGs    # Errors  Last Runtime    Last Run
---------------------------------  -----  ---------  --------  ----------  --------------  -------------------
/opt/airflow/dags/ETL_pipeline.py                           1           0  1.29s           2026-03-27T16:24:38
================================================================================
[2026-03-27T16:25:30.307+0000] {manager.py:879} INFO - 
================================================================================
DAG File Processing Stats

File Path                          PID    Runtime      # DAGs    # Errors  Last Runtime    Last Run
---------------------------------  -----  ---------  --------  ----------  --------------  -------------------
/opt/airflow/dags/ETL_pipeline.py                           1           0  2.57s           2026-03-27T16:25:10
================================================================================
[2026-03-27T16:26:00.845+0000] {manager.py:879} INFO - 
================================================================================
DAG File Processing Stats

File Path                          PID    Runtime      # DAGs    # Errors  Last Runtime    Last Run
---------------------------------  -----  ---------  --------  ----------  --------------  -------------------
/opt/airflow/dags/ETL_pipeline.py                           1           0  2.85s           2026-03-27T16:25:44
================================================================================
[2026-03-27T16:26:31.113+0000] {manager.py:879} INFO - 
================================================================================
DAG File Processing Stats

File Path                          PID    Runtime      # DAGs    # Errors  Last Runtime    Last Run
---------------------------------  -----  ---------  --------  ----------  --------------  -------------------
/opt/airflow/dags/ETL_pipeline.py                           1           0  1.05s           2026-03-27T16:26:16
================================================================================
[2026-03-27T16:27:01.423+0000] {manager.py:879} INFO - 
================================================================================
DAG File Processing Stats

File Path                          PID    Runtime      # DAGs    # Errors  Last Runtime    Last Run
---------------------------------  -----  ---------  --------  ----------  --------------  -------------------
/opt/airflow/dags/ETL_pipeline.py                           1           0  1.90s           2026-03-27T16:26:48
================================================================================
[2026-03-27T16:27:31.744+0000] {manager.py:879} INFO - 
================================================================================
DAG File Processing Stats

File Path                            PID  Runtime      # DAGs    # Errors  Last Runtime    Last Run
---------------------------------  -----  ---------  --------  ----------  --------------  -------------------
/opt/airflow/dags/ETL_pipeline.py    668  11.56s            1           0  1.90s           2026-03-27T16:26:48
================================================================================
[2026-03-27T16:28:02.161+0000] {manager.py:879} INFO - 
================================================================================
DAG File Processing Stats

File Path                          PID    Runtime      # DAGs    # Errors  Last Runtime    Last Run
---------------------------------  -----  ---------  --------  ----------  --------------  -------------------
/opt/airflow/dags/ETL_pipeline.py                           1           0  20.37s          2026-03-27T16:27:40
================================================================================
[2026-03-27T16:28:32.556+0000] {manager.py:879} INFO - 
================================================================================
DAG File Processing Stats

File Path                          PID    Runtime      # DAGs    # Errors  Last Runtime    Last Run
---------------------------------  -----  ---------  --------  ----------  --------------  -------------------
/opt/airflow/dags/ETL_pipeline.py                           1           0  9.12s           2026-03-27T16:28:20
================================================================================
[2026-03-27T16:29:02.624+0000] {manager.py:879} INFO - 
================================================================================
DAG File Processing Stats

File Path                          PID    Runtime      # DAGs    # Errors  Last Runtime    Last Run
---------------------------------  -----  ---------  --------  ----------  --------------  -------------------
/opt/airflow/dags/ETL_pipeline.py                           1           0  3.44s           2026-03-27T16:28:54
================================================================================
[2026-03-27T16:29:33.193+0000] {manager.py:879} INFO - 
================================================================================
DAG File Processing Stats

File Path                          PID    Runtime      # DAGs    # Errors  Last Runtime    Last Run
---------------------------------  -----  ---------  --------  ----------  --------------  -------------------
/opt/airflow/dags/ETL_pipeline.py                           1           0  0.89s           2026-03-27T16:29:26
================================================================================
[2026-03-27T16:29:55.653+0000] {manager.py:738} INFO - Searching for files in /opt/airflow/dags
[2026-03-27T16:29:55.780+0000] {manager.py:741} INFO - There are 1 files in /opt/airflow/dags
[2026-03-27T16:30:03.294+0000] {manager.py:879} INFO - 
================================================================================
DAG File Processing Stats

File Path                          PID    Runtime      # DAGs    # Errors  Last Runtime    Last Run
---------------------------------  -----  ---------  --------  ----------  --------------  -------------------
/opt/airflow/dags/ETL_pipeline.py                           1           0  1.18s           2026-03-27T16:29:58
================================================================================
[2026-03-27T16:30:33.377+0000] {manager.py:879} INFO - 
================================================================================
DAG File Processing Stats

File Path                          PID    Runtime      # DAGs    # Errors  Last Runtime    Last Run
---------------------------------  -----  ---------  --------  ----------  --------------  -------------------
/opt/airflow/dags/ETL_pipeline.py                           1           0  2.93s           2026-03-27T16:30:31
================================================================================
[2026-03-27T16:31:03.670+0000] {manager.py:879} INFO - 
================================================================================
DAG File Processing Stats

File Path                            PID  Runtime      # DAGs    # Errors  Last Runtime    Last Run
---------------------------------  -----  ---------  --------  ----------  --------------  -------------------
/opt/airflow/dags/ETL_pipeline.py    708  1.12s             1           0  2.93s           2026-03-27T16:30:31
================================================================================
[2026-03-27T16:31:34.095+0000] {manager.py:879} INFO - 
================================================================================
DAG File Processing Stats

File Path                          PID    Runtime      # DAGs    # Errors  Last Runtime    Last Run
---------------------------------  -----  ---------  --------  ----------  --------------  -------------------
/opt/airflow/dags/ETL_pipeline.py                           1           0  4.17s           2026-03-27T16:31:06
================================================================================
[2026-03-27T16:32:04.692+0000] {manager.py:879} INFO - 
================================================================================
DAG File Processing Stats

File Path                          PID    Runtime      # DAGs    # Errors  Last Runtime    Last Run
---------------------------------  -----  ---------  --------  ----------  --------------  -------------------
/opt/airflow/dags/ETL_pipeline.py                           1           0  2.29s           2026-03-27T16:31:40
================================================================================
[2026-03-27T16:32:35.462+0000] {manager.py:879} INFO - 
================================================================================
DAG File Processing Stats

File Path                          PID    Runtime      # DAGs    # Errors  Last Runtime    Last Run
---------------------------------  -----  ---------  --------  ----------  --------------  -------------------
/opt/airflow/dags/ETL_pipeline.py                           1           0  1.11s           2026-03-27T16:32:11
================================================================================
[2026-03-27T16:33:06.252+0000] {manager.py:879} INFO - 
================================================================================
DAG File Processing Stats

File Path                          PID    Runtime      # DAGs    # Errors  Last Runtime    Last Run
---------------------------------  -----  ---------  --------  ----------  --------------  -------------------
/opt/airflow/dags/ETL_pipeline.py                           1           0  1.20s           2026-03-27T16:32:43
================================================================================
[2026-03-27T16:33:36.589+0000] {manager.py:879} INFO - 
================================================================================
DAG File Processing Stats

File Path                          PID    Runtime      # DAGs    # Errors  Last Runtime    Last Run
---------------------------------  -----  ---------  --------  ----------  --------------  -------------------
/opt/airflow/dags/ETL_pipeline.py                           1           0  1.61s           2026-03-27T16:33:16
================================================================================
[2026-03-27T16:34:06.854+0000] {manager.py:879} INFO - 
================================================================================
DAG File Processing Stats

File Path                          PID    Runtime      # DAGs    # Errors  Last Runtime    Last Run
---------------------------------  -----  ---------  --------  ----------  --------------  -------------------
/opt/airflow/dags/ETL_pipeline.py                           1           0  1.48s           2026-03-27T16:33:47
================================================================================
[2026-03-27T16:34:37.857+0000] {manager.py:879} INFO - 
================================================================================
DAG File Processing Stats

File Path                          PID    Runtime      # DAGs    # Errors  Last Runtime    Last Run
---------------------------------  -----  ---------  --------  ----------  --------------  -------------------
/opt/airflow/dags/ETL_pipeline.py                           1           0  1.30s           2026-03-27T16:34:19
================================================================================
[2026-03-27T16:34:55.892+0000] {manager.py:738} INFO - Searching for files in /opt/airflow/dags
[2026-03-27T16:34:55.988+0000] {manager.py:741} INFO - There are 1 files in /opt/airflow/dags
[2026-03-27T16:35:08.272+0000] {manager.py:879} INFO - 
================================================================================
DAG File Processing Stats

File Path                          PID    Runtime      # DAGs    # Errors  Last Runtime    Last Run
---------------------------------  -----  ---------  --------  ----------  --------------  -------------------
/opt/airflow/dags/ETL_pipeline.py                           1           0  0.61s           2026-03-27T16:34:50
================================================================================
[2026-03-27T16:35:38.808+0000] {manager.py:879} INFO - 
================================================================================
DAG File Processing Stats

File Path                          PID    Runtime      # DAGs    # Errors  Last Runtime    Last Run
---------------------------------  -----  ---------  --------  ----------  --------------  -------------------
/opt/airflow/dags/ETL_pipeline.py                           1           0  0.90s           2026-03-27T16:35:21
================================================================================
[2026-03-27T16:36:09.424+0000] {manager.py:879} INFO - 
================================================================================
DAG File Processing Stats

File Path                          PID    Runtime      # DAGs    # Errors  Last Runtime    Last Run
---------------------------------  -----  ---------  --------  ----------  --------------  -------------------
/opt/airflow/dags/ETL_pipeline.py                           1           0  0.52s           2026-03-27T16:35:52
================================================================================
[2026-03-27T16:36:39.566+0000] {manager.py:879} INFO - 
================================================================================
DAG File Processing Stats

File Path                          PID    Runtime      # DAGs    # Errors  Last Runtime    Last Run
---------------------------------  -----  ---------  --------  ----------  --------------  -------------------
/opt/airflow/dags/ETL_pipeline.py                           1           0  0.56s           2026-03-27T16:36:23
================================================================================
[2026-03-27T16:37:10.384+0000] {manager.py:879} INFO - 
================================================================================
DAG File Processing Stats

File Path                          PID    Runtime      # DAGs    # Errors  Last Runtime    Last Run
---------------------------------  -----  ---------  --------  ----------  --------------  -------------------
/opt/airflow/dags/ETL_pipeline.py                           1           0  0.48s           2026-03-27T16:36:54
================================================================================
[2026-03-27T16:37:40.501+0000] {manager.py:879} INFO - 
================================================================================
DAG File Processing Stats

File Path                          PID    Runtime      # DAGs    # Errors  Last Runtime    Last Run
---------------------------------  -----  ---------  --------  ----------  --------------  -------------------
/opt/airflow/dags/ETL_pipeline.py                           1           0  0.59s           2026-03-27T16:37:25
================================================================================
[2026-03-27T16:38:11.060+0000] {manager.py:879} INFO - 
================================================================================
DAG File Processing Stats

File Path                          PID    Runtime      # DAGs    # Errors  Last Runtime    Last Run
---------------------------------  -----  ---------  --------  ----------  --------------  -------------------
/opt/airflow/dags/ETL_pipeline.py                           1           0  0.76s           2026-03-27T16:37:56
================================================================================
[2026-03-27T16:38:41.353+0000] {manager.py:879} INFO - 
================================================================================
DAG File Processing Stats

File Path                          PID    Runtime      # DAGs    # Errors  Last Runtime    Last Run
---------------------------------  -----  ---------  --------  ----------  --------------  -------------------
/opt/airflow/dags/ETL_pipeline.py                           1           0  0.64s           2026-03-27T16:38:27
================================================================================
[2026-03-27T16:39:12.044+0000] {manager.py:879} INFO - 
================================================================================
DAG File Processing Stats

File Path                          PID    Runtime      # DAGs    # Errors  Last Runtime    Last Run
---------------------------------  -----  ---------  --------  ----------  --------------  -------------------
/opt/airflow/dags/ETL_pipeline.py                           1           0  1.14s           2026-03-27T16:38:58
================================================================================
[2026-03-27T16:39:42.212+0000] {manager.py:879} INFO - 
================================================================================
DAG File Processing Stats

File Path                          PID    Runtime      # DAGs    # Errors  Last Runtime    Last Run
---------------------------------  -----  ---------  --------  ----------  --------------  -------------------
/opt/airflow/dags/ETL_pipeline.py                           1           0  1.62s           2026-03-27T16:39:31
================================================================================
[2026-03-27T16:39:57.699+0000] {manager.py:738} INFO - Searching for files in /opt/airflow/dags
[2026-03-27T16:40:09.229+0000] {manager.py:741} INFO - There are 1 files in /opt/airflow/dags
[2026-03-27T16:40:12.796+0000] {manager.py:879} INFO - 
================================================================================
DAG File Processing Stats

File Path                          PID    Runtime      # DAGs    # Errors  Last Runtime    Last Run
---------------------------------  -----  ---------  --------  ----------  --------------  -------------------
/opt/airflow/dags/ETL_pipeline.py                           1           0  2.61s           2026-03-27T16:40:12
================================================================================
[2026-03-27T16:40:42.796+0000] {manager.py:879} INFO - 
================================================================================
DAG File Processing Stats

File Path                            PID  Runtime      # DAGs    # Errors  Last Runtime    Last Run
---------------------------------  -----  ---------  --------  ----------  --------------  -------------------
/opt/airflow/dags/ETL_pipeline.py    967  0.58s             1           0  2.61s           2026-03-27T16:40:12
================================================================================
[2026-03-27T16:41:13.307+0000] {manager.py:879} INFO - 
================================================================================
DAG File Processing Stats

File Path                          PID    Runtime      # DAGs    # Errors  Last Runtime    Last Run
---------------------------------  -----  ---------  --------  ----------  --------------  -------------------
/opt/airflow/dags/ETL_pipeline.py                           1           0  0.83s           2026-03-27T16:40:43
================================================================================
[2026-03-27T16:41:44.385+0000] {manager.py:879} INFO - 
================================================================================
DAG File Processing Stats

File Path                          PID    Runtime      # DAGs    # Errors  Last Runtime    Last Run
---------------------------------  -----  ---------  --------  ----------  --------------  -------------------
/opt/airflow/dags/ETL_pipeline.py                           1           0  4.23s           2026-03-27T16:41:23
================================================================================
[2026-03-27T16:42:14.463+0000] {manager.py:879} INFO - 
================================================================================
DAG File Processing Stats

File Path                          PID    Runtime      # DAGs    # Errors  Last Runtime    Last Run
---------------------------------  -----  ---------  --------  ----------  --------------  -------------------
/opt/airflow/dags/ETL_pipeline.py                           1           0  0.63s           2026-03-27T16:41:54
================================================================================
[2026-03-27T16:42:44.641+0000] {manager.py:879} INFO - 
================================================================================
DAG File Processing Stats

File Path                          PID    Runtime      # DAGs    # Errors  Last Runtime    Last Run
---------------------------------  -----  ---------  --------  ----------  --------------  -------------------
/opt/airflow/dags/ETL_pipeline.py                           1           0  0.84s           2026-03-27T16:42:25
================================================================================
[2026-03-27T16:43:15.249+0000] {manager.py:879} INFO - 
================================================================================
DAG File Processing Stats

File Path                          PID    Runtime      # DAGs    # Errors  Last Runtime    Last Run
---------------------------------  -----  ---------  --------  ----------  --------------  -------------------
/opt/airflow/dags/ETL_pipeline.py                           1           0  0.95s           2026-03-27T16:42:56
================================================================================
[2026-03-27T16:43:45.993+0000] {manager.py:879} INFO - 
================================================================================
DAG File Processing Stats

File Path                          PID    Runtime      # DAGs    # Errors  Last Runtime    Last Run
---------------------------------  -----  ---------  --------  ----------  --------------  -------------------
/opt/airflow/dags/ETL_pipeline.py                           1           0  1.36s           2026-03-27T16:43:28
================================================================================
[2026-03-27T16:44:16.084+0000] {manager.py:879} INFO - 
================================================================================
DAG File Processing Stats

File Path                          PID    Runtime      # DAGs    # Errors  Last Runtime    Last Run
---------------------------------  -----  ---------  --------  ----------  --------------  -------------------
/opt/airflow/dags/ETL_pipeline.py                           1           0  0.73s           2026-03-27T16:43:59
================================================================================
[2026-03-27T16:44:46.511+0000] {manager.py:879} INFO - 
================================================================================
DAG File Processing Stats

File Path                          PID    Runtime      # DAGs    # Errors  Last Runtime    Last Run
---------------------------------  -----  ---------  --------  ----------  --------------  -------------------
/opt/airflow/dags/ETL_pipeline.py                           1           0  0.96s           2026-03-27T16:44:31
================================================================================
[2026-03-27T16:44:58.056+0000] {manager.py:738} INFO - Searching for files in /opt/airflow/dags
[2026-03-27T16:44:58.104+0000] {manager.py:741} INFO - There are 1 files in /opt/airflow/dags
[2026-03-27T16:45:16.846+0000] {manager.py:879} INFO - 
================================================================================
DAG File Processing Stats

File Path                          PID    Runtime      # DAGs    # Errors  Last Runtime    Last Run
---------------------------------  -----  ---------  --------  ----------  --------------  -------------------
/opt/airflow/dags/ETL_pipeline.py                           1           0  0.32s           2026-03-27T16:45:01
================================================================================
[2026-03-27T16:45:47.489+0000] {manager.py:879} INFO - 
================================================================================
DAG File Processing Stats

File Path                          PID    Runtime      # DAGs    # Errors  Last Runtime    Last Run
---------------------------------  -----  ---------  --------  ----------  --------------  -------------------
/opt/airflow/dags/ETL_pipeline.py                           1           0  0.24s           2026-03-27T16:45:32
================================================================================
[2026-03-27T16:46:18.004+0000] {manager.py:879} INFO - 
================================================================================
DAG File Processing Stats

File Path                          PID    Runtime      # DAGs    # Errors  Last Runtime    Last Run
---------------------------------  -----  ---------  --------  ----------  --------------  -------------------
/opt/airflow/dags/ETL_pipeline.py                           1           0  0.20s           2026-03-27T16:46:02
================================================================================
[2026-03-27T16:46:48.369+0000] {manager.py:879} INFO - 
================================================================================
DAG File Processing Stats

File Path                          PID    Runtime      # DAGs    # Errors  Last Runtime    Last Run
---------------------------------  -----  ---------  --------  ----------  --------------  -------------------
/opt/airflow/dags/ETL_pipeline.py                           1           0  0.21s           2026-03-27T16:46:33
================================================================================
[2026-03-27T16:47:18.864+0000] {manager.py:879} INFO - 
================================================================================
DAG File Processing Stats

File Path                          PID    Runtime      # DAGs    # Errors  Last Runtime    Last Run
---------------------------------  -----  ---------  --------  ----------  --------------  -------------------
/opt/airflow/dags/ETL_pipeline.py                           1           0  0.19s           2026-03-27T16:47:03
================================================================================
[2026-03-27T16:47:49.227+0000] {manager.py:879} INFO - 
================================================================================
DAG File Processing Stats

File Path                          PID    Runtime      # DAGs    # Errors  Last Runtime    Last Run
---------------------------------  -----  ---------  --------  ----------  --------------  -------------------
/opt/airflow/dags/ETL_pipeline.py                           1           0  0.22s           2026-03-27T16:47:34
================================================================================
[2026-03-27T16:48:19.762+0000] {manager.py:879} INFO - 
================================================================================
DAG File Processing Stats

File Path                          PID    Runtime      # DAGs    # Errors  Last Runtime    Last Run
---------------------------------  -----  ---------  --------  ----------  --------------  -------------------
/opt/airflow/dags/ETL_pipeline.py                           1           0  0.23s           2026-03-27T16:48:04
================================================================================
[2026-03-27T16:48:50.162+0000] {manager.py:879} INFO - 
================================================================================
DAG File Processing Stats

File Path                          PID    Runtime      # DAGs    # Errors  Last Runtime    Last Run
---------------------------------  -----  ---------  --------  ----------  --------------  -------------------
/opt/airflow/dags/ETL_pipeline.py                           1           0  0.23s           2026-03-27T16:48:35
================================================================================
[2026-03-27T16:49:20.530+0000] {manager.py:879} INFO - 
================================================================================
DAG File Processing Stats

File Path                          PID    Runtime      # DAGs    # Errors  Last Runtime    Last Run
---------------------------------  -----  ---------  --------  ----------  --------------  -------------------
/opt/airflow/dags/ETL_pipeline.py                           1           0  0.20s           2026-03-27T16:49:05
================================================================================
[2026-03-27T16:49:51.015+0000] {manager.py:879} INFO - 
================================================================================
DAG File Processing Stats

File Path                          PID    Runtime      # DAGs    # Errors  Last Runtime    Last Run
---------------------------------  -----  ---------  --------  ----------  --------------  -------------------
/opt/airflow/dags/ETL_pipeline.py                           1           0  0.21s           2026-03-27T16:49:35
================================================================================
[2026-03-27T16:49:58.116+0000] {manager.py:738} INFO - Searching for files in /opt/airflow/dags
[2026-03-27T16:49:58.150+0000] {manager.py:741} INFO - There are 1 files in /opt/airflow/dags
[2026-03-27T16:50:21.418+0000] {manager.py:879} INFO - 
================================================================================
DAG File Processing Stats

File Path                          PID    Runtime      # DAGs    # Errors  Last Runtime    Last Run
---------------------------------  -----  ---------  --------  ----------  --------------  -------------------
/opt/airflow/dags/ETL_pipeline.py                           1           0  0.20s           2026-03-27T16:50:06
================================================================================
[2026-03-27T16:50:51.955+0000] {manager.py:879} INFO - 
================================================================================
DAG File Processing Stats

File Path                          PID    Runtime      # DAGs    # Errors  Last Runtime    Last Run
---------------------------------  -----  ---------  --------  ----------  --------------  -------------------
/opt/airflow/dags/ETL_pipeline.py                           1           0  0.21s           2026-03-27T16:50:36
================================================================================
[2026-03-27T16:51:22.320+0000] {manager.py:879} INFO - 
================================================================================
DAG File Processing Stats

File Path                          PID    Runtime      # DAGs    # Errors  Last Runtime    Last Run
---------------------------------  -----  ---------  --------  ----------  --------------  -------------------
/opt/airflow/dags/ETL_pipeline.py                           1           0  0.21s           2026-03-27T16:51:07
================================================================================
[2026-03-27T16:51:52.827+0000] {manager.py:879} INFO - 
================================================================================
DAG File Processing Stats

File Path                          PID    Runtime      # DAGs    # Errors  Last Runtime    Last Run
---------------------------------  -----  ---------  --------  ----------  --------------  -------------------
/opt/airflow/dags/ETL_pipeline.py                           1           0  0.20s           2026-03-27T16:51:37
================================================================================
[2026-03-27T16:52:23.185+0000] {manager.py:879} INFO - 
================================================================================
DAG File Processing Stats

File Path                          PID    Runtime      # DAGs    # Errors  Last Runtime    Last Run
---------------------------------  -----  ---------  --------  ----------  --------------  -------------------
/opt/airflow/dags/ETL_pipeline.py                           1           0  0.23s           2026-03-27T16:52:08
================================================================================
[2026-03-27T16:52:53.676+0000] {manager.py:879} INFO - 
================================================================================
DAG File Processing Stats

File Path                          PID    Runtime      # DAGs    # Errors  Last Runtime    Last Run
---------------------------------  -----  ---------  --------  ----------  --------------  -------------------
/opt/airflow/dags/ETL_pipeline.py                           1           0  0.18s           2026-03-27T16:52:38
================================================================================
[2026-03-27T16:53:24.014+0000] {manager.py:879} INFO - 
================================================================================
DAG File Processing Stats

File Path                          PID    Runtime      # DAGs    # Errors  Last Runtime    Last Run
---------------------------------  -----  ---------  --------  ----------  --------------  -------------------
/opt/airflow/dags/ETL_pipeline.py                           1           0  0.20s           2026-03-27T16:53:09
================================================================================
[2026-03-27T16:53:54.434+0000] {manager.py:879} INFO - 
================================================================================
DAG File Processing Stats

File Path                          PID    Runtime      # DAGs    # Errors  Last Runtime    Last Run
---------------------------------  -----  ---------  --------  ----------  --------------  -------------------
/opt/airflow/dags/ETL_pipeline.py                           1           0  0.21s           2026-03-27T16:53:39
================================================================================
[2026-03-27T16:54:24.799+0000] {manager.py:879} INFO - 
================================================================================
DAG File Processing Stats

File Path                          PID    Runtime      # DAGs    # Errors  Last Runtime    Last Run
---------------------------------  -----  ---------  --------  ----------  --------------  -------------------
/opt/airflow/dags/ETL_pipeline.py                           1           0  0.20s           2026-03-27T16:54:09
================================================================================
[2026-03-27T16:54:55.172+0000] {manager.py:879} INFO - 
================================================================================
DAG File Processing Stats

File Path                          PID    Runtime      # DAGs    # Errors  Last Runtime    Last Run
---------------------------------  -----  ---------  --------  ----------  --------------  -------------------
/opt/airflow/dags/ETL_pipeline.py                           1           0  0.19s           2026-03-27T16:54:40
================================================================================
[2026-03-27T16:54:58.205+0000] {manager.py:738} INFO - Searching for files in /opt/airflow/dags
[2026-03-27T16:54:58.249+0000] {manager.py:741} INFO - There are 1 files in /opt/airflow/dags
[2026-03-27T16:55:25.551+0000] {manager.py:879} INFO - 
================================================================================
DAG File Processing Stats

File Path                          PID    Runtime      # DAGs    # Errors  Last Runtime    Last Run
---------------------------------  -----  ---------  --------  ----------  --------------  -------------------
/opt/airflow/dags/ETL_pipeline.py                           1           0  0.20s           2026-03-27T16:55:10
================================================================================
[2026-03-27T16:55:55.978+0000] {manager.py:879} INFO - 
================================================================================
DAG File Processing Stats

File Path                          PID    Runtime      # DAGs    # Errors  Last Runtime    Last Run
---------------------------------  -----  ---------  --------  ----------  --------------  -------------------
/opt/airflow/dags/ETL_pipeline.py                           1           0  0.21s           2026-03-27T16:55:40
================================================================================
[2026-03-27T16:56:26.304+0000] {manager.py:879} INFO - 
================================================================================
DAG File Processing Stats

File Path                          PID    Runtime      # DAGs    # Errors  Last Runtime    Last Run
---------------------------------  -----  ---------  --------  ----------  --------------  -------------------
/opt/airflow/dags/ETL_pipeline.py                           1           0  0.19s           2026-03-27T16:56:11
================================================================================
[2026-03-27T16:56:56.716+0000] {manager.py:879} INFO - 
================================================================================
DAG File Processing Stats

File Path                          PID    Runtime      # DAGs    # Errors  Last Runtime    Last Run
---------------------------------  -----  ---------  --------  ----------  --------------  -------------------
/opt/airflow/dags/ETL_pipeline.py                           1           0  0.22s           2026-03-27T16:56:41
================================================================================
[2026-03-27T16:57:27.100+0000] {manager.py:879} INFO - 
================================================================================
DAG File Processing Stats

File Path                          PID    Runtime      # DAGs    # Errors  Last Runtime    Last Run
---------------------------------  -----  ---------  --------  ----------  --------------  -------------------
/opt/airflow/dags/ETL_pipeline.py                           1           0  0.19s           2026-03-27T16:57:12
================================================================================
[2026-03-27T16:57:57.475+0000] {manager.py:879} INFO - 
================================================================================
DAG File Processing Stats

File Path                          PID    Runtime      # DAGs    # Errors  Last Runtime    Last Run
---------------------------------  -----  ---------  --------  ----------  --------------  -------------------
/opt/airflow/dags/ETL_pipeline.py                           1           0  0.22s           2026-03-27T16:57:42
================================================================================
[2026-03-27T16:58:27.859+0000] {manager.py:879} INFO - 
================================================================================
DAG File Processing Stats

File Path                          PID    Runtime      # DAGs    # Errors  Last Runtime    Last Run
---------------------------------  -----  ---------  --------  ----------  --------------  -------------------
/opt/airflow/dags/ETL_pipeline.py                           1           0  0.19s           2026-03-27T16:58:12
================================================================================
[2026-03-27T16:58:36.984+0000] {manager.py:451} INFO - Exiting gracefully upon receiving signal 15
