[2026-03-17T10:09:08.024+0000] {processor.py:161} INFO - Started process (PID=167) to work on /opt/airflow/dags/ETL_pipeline.py
[2026-03-17T10:09:08.029+0000] {processor.py:830} INFO - Processing file /opt/airflow/dags/ETL_pipeline.py for tasks to queue
[2026-03-17T10:09:08.032+0000] {logging_mixin.py:188} INFO - [2026-03-17T10:09:08.031+0000] {dagbag.py:538} INFO - Filling up the DagBag from /opt/airflow/dags/ETL_pipeline.py
[2026-03-17T10:09:08.145+0000] {processor.py:840} INFO - DAG(s) 'etl_books_pipeline_finale' retrieved from /opt/airflow/dags/ETL_pipeline.py
[2026-03-17T10:09:08.214+0000] {logging_mixin.py:188} INFO - [2026-03-17T10:09:08.213+0000] {dag.py:3036} INFO - Sync 1 DAGs
[2026-03-17T10:09:08.267+0000] {logging_mixin.py:188} INFO - [2026-03-17T10:09:08.267+0000] {dag.py:3823} INFO - Setting next_dagrun for etl_books_pipeline_finale to 2026-03-16 23:00:00+00:00, run_after=2026-03-17 23:00:00+00:00
[2026-03-17T10:09:08.346+0000] {processor.py:183} INFO - Processing /opt/airflow/dags/ETL_pipeline.py took 0.342 seconds
[2026-03-17T10:09:38.608+0000] {processor.py:161} INFO - Started process (PID=172) to work on /opt/airflow/dags/ETL_pipeline.py
[2026-03-17T10:09:38.619+0000] {processor.py:830} INFO - Processing file /opt/airflow/dags/ETL_pipeline.py for tasks to queue
[2026-03-17T10:09:38.628+0000] {logging_mixin.py:188} INFO - [2026-03-17T10:09:38.624+0000] {dagbag.py:538} INFO - Filling up the DagBag from /opt/airflow/dags/ETL_pipeline.py
[2026-03-17T10:09:38.931+0000] {processor.py:840} INFO - DAG(s) 'etl_books_pipeline_finale' retrieved from /opt/airflow/dags/ETL_pipeline.py
[2026-03-17T10:09:42.744+0000] {logging_mixin.py:188} INFO - [2026-03-17T10:09:42.744+0000] {dag.py:3036} INFO - Sync 1 DAGs
[2026-03-17T10:09:42.805+0000] {logging_mixin.py:188} INFO - [2026-03-17T10:09:42.804+0000] {dag.py:3823} INFO - Setting next_dagrun for etl_books_pipeline_finale to 2026-03-16 23:00:00+00:00, run_after=2026-03-17 23:00:00+00:00
[2026-03-17T10:09:42.957+0000] {processor.py:183} INFO - Processing /opt/airflow/dags/ETL_pipeline.py took 4.385 seconds
[2026-03-17T10:10:13.303+0000] {processor.py:161} INFO - Started process (PID=177) to work on /opt/airflow/dags/ETL_pipeline.py
[2026-03-17T10:10:13.307+0000] {processor.py:830} INFO - Processing file /opt/airflow/dags/ETL_pipeline.py for tasks to queue
[2026-03-17T10:10:13.310+0000] {logging_mixin.py:188} INFO - [2026-03-17T10:10:13.309+0000] {dagbag.py:538} INFO - Filling up the DagBag from /opt/airflow/dags/ETL_pipeline.py
[2026-03-17T10:10:13.385+0000] {processor.py:840} INFO - DAG(s) 'etl_books_pipeline_finale' retrieved from /opt/airflow/dags/ETL_pipeline.py
[2026-03-17T10:10:13.485+0000] {logging_mixin.py:188} INFO - [2026-03-17T10:10:13.484+0000] {dag.py:3036} INFO - Sync 1 DAGs
[2026-03-17T10:10:13.540+0000] {logging_mixin.py:188} INFO - [2026-03-17T10:10:13.539+0000] {dag.py:3823} INFO - Setting next_dagrun for etl_books_pipeline_finale to 2026-03-16 23:00:00+00:00, run_after=2026-03-17 23:00:00+00:00
[2026-03-17T10:10:13.604+0000] {processor.py:183} INFO - Processing /opt/airflow/dags/ETL_pipeline.py took 0.307 seconds
[2026-03-17T10:10:43.970+0000] {processor.py:161} INFO - Started process (PID=182) to work on /opt/airflow/dags/ETL_pipeline.py
[2026-03-17T10:10:43.975+0000] {processor.py:830} INFO - Processing file /opt/airflow/dags/ETL_pipeline.py for tasks to queue
[2026-03-17T10:10:43.979+0000] {logging_mixin.py:188} INFO - [2026-03-17T10:10:43.977+0000] {dagbag.py:538} INFO - Filling up the DagBag from /opt/airflow/dags/ETL_pipeline.py
[2026-03-17T10:10:44.048+0000] {processor.py:840} INFO - DAG(s) 'etl_books_pipeline_finale' retrieved from /opt/airflow/dags/ETL_pipeline.py
[2026-03-17T10:10:44.130+0000] {logging_mixin.py:188} INFO - [2026-03-17T10:10:44.129+0000] {dag.py:3036} INFO - Sync 1 DAGs
[2026-03-17T10:10:44.185+0000] {logging_mixin.py:188} INFO - [2026-03-17T10:10:44.185+0000] {dag.py:3823} INFO - Setting next_dagrun for etl_books_pipeline_finale to 2026-03-16 23:00:00+00:00, run_after=2026-03-17 23:00:00+00:00
[2026-03-17T10:10:44.247+0000] {processor.py:183} INFO - Processing /opt/airflow/dags/ETL_pipeline.py took 0.287 seconds
[2026-03-17T10:11:14.601+0000] {processor.py:161} INFO - Started process (PID=187) to work on /opt/airflow/dags/ETL_pipeline.py
[2026-03-17T10:11:14.603+0000] {processor.py:830} INFO - Processing file /opt/airflow/dags/ETL_pipeline.py for tasks to queue
[2026-03-17T10:11:14.606+0000] {logging_mixin.py:188} INFO - [2026-03-17T10:11:14.605+0000] {dagbag.py:538} INFO - Filling up the DagBag from /opt/airflow/dags/ETL_pipeline.py
[2026-03-17T10:11:14.662+0000] {processor.py:840} INFO - DAG(s) 'etl_books_pipeline_finale' retrieved from /opt/airflow/dags/ETL_pipeline.py
[2026-03-17T10:11:14.736+0000] {logging_mixin.py:188} INFO - [2026-03-17T10:11:14.736+0000] {dag.py:3036} INFO - Sync 1 DAGs
[2026-03-17T10:11:14.814+0000] {logging_mixin.py:188} INFO - [2026-03-17T10:11:14.814+0000] {dag.py:3823} INFO - Setting next_dagrun for etl_books_pipeline_finale to 2026-03-16 23:00:00+00:00, run_after=2026-03-17 23:00:00+00:00
[2026-03-17T10:11:14.891+0000] {processor.py:183} INFO - Processing /opt/airflow/dags/ETL_pipeline.py took 0.297 seconds
[2026-03-17T10:11:45.165+0000] {processor.py:161} INFO - Started process (PID=278) to work on /opt/airflow/dags/ETL_pipeline.py
[2026-03-17T10:11:45.176+0000] {processor.py:830} INFO - Processing file /opt/airflow/dags/ETL_pipeline.py for tasks to queue
[2026-03-17T10:11:45.186+0000] {logging_mixin.py:188} INFO - [2026-03-17T10:11:45.184+0000] {dagbag.py:538} INFO - Filling up the DagBag from /opt/airflow/dags/ETL_pipeline.py
[2026-03-17T10:11:45.429+0000] {processor.py:840} INFO - DAG(s) 'etl_books_pipeline_finale' retrieved from /opt/airflow/dags/ETL_pipeline.py
[2026-03-17T10:11:45.720+0000] {logging_mixin.py:188} INFO - [2026-03-17T10:11:45.719+0000] {dag.py:3036} INFO - Sync 1 DAGs
[2026-03-17T10:11:45.926+0000] {logging_mixin.py:188} INFO - [2026-03-17T10:11:45.925+0000] {dag.py:3823} INFO - Setting next_dagrun for etl_books_pipeline_finale to 2026-03-16 23:00:00+00:00, run_after=2026-03-17 23:00:00+00:00
[2026-03-17T10:11:46.091+0000] {processor.py:183} INFO - Processing /opt/airflow/dags/ETL_pipeline.py took 0.966 seconds
[2026-03-17T10:12:17.200+0000] {processor.py:161} INFO - Started process (PID=283) to work on /opt/airflow/dags/ETL_pipeline.py
[2026-03-17T10:12:17.215+0000] {processor.py:830} INFO - Processing file /opt/airflow/dags/ETL_pipeline.py for tasks to queue
[2026-03-17T10:12:17.227+0000] {logging_mixin.py:188} INFO - [2026-03-17T10:12:17.223+0000] {dagbag.py:538} INFO - Filling up the DagBag from /opt/airflow/dags/ETL_pipeline.py
[2026-03-17T10:12:17.536+0000] {processor.py:840} INFO - DAG(s) 'etl_books_pipeline_finale' retrieved from /opt/airflow/dags/ETL_pipeline.py
[2026-03-17T10:12:17.967+0000] {logging_mixin.py:188} INFO - [2026-03-17T10:12:17.966+0000] {dag.py:3036} INFO - Sync 1 DAGs
[2026-03-17T10:12:18.279+0000] {logging_mixin.py:188} INFO - [2026-03-17T10:12:18.278+0000] {dag.py:3823} INFO - Setting next_dagrun for etl_books_pipeline_finale to 2026-03-16 23:00:00+00:00, run_after=2026-03-17 23:00:00+00:00
[2026-03-17T10:12:18.523+0000] {processor.py:183} INFO - Processing /opt/airflow/dags/ETL_pipeline.py took 1.368 seconds
[2026-03-17T10:12:49.346+0000] {processor.py:161} INFO - Started process (PID=352) to work on /opt/airflow/dags/ETL_pipeline.py
[2026-03-17T10:12:49.356+0000] {processor.py:830} INFO - Processing file /opt/airflow/dags/ETL_pipeline.py for tasks to queue
[2026-03-17T10:12:49.366+0000] {logging_mixin.py:188} INFO - [2026-03-17T10:12:49.362+0000] {dagbag.py:538} INFO - Filling up the DagBag from /opt/airflow/dags/ETL_pipeline.py
[2026-03-17T10:12:49.843+0000] {processor.py:840} INFO - DAG(s) 'etl_books_pipeline_finale' retrieved from /opt/airflow/dags/ETL_pipeline.py
[2026-03-17T10:12:50.115+0000] {logging_mixin.py:188} INFO - [2026-03-17T10:12:50.115+0000] {dag.py:3036} INFO - Sync 1 DAGs
[2026-03-17T10:12:50.326+0000] {logging_mixin.py:188} INFO - [2026-03-17T10:12:50.325+0000] {dag.py:3823} INFO - Setting next_dagrun for etl_books_pipeline_finale to 2026-03-16 23:00:00+00:00, run_after=2026-03-17 23:00:00+00:00
[2026-03-17T10:12:50.589+0000] {processor.py:183} INFO - Processing /opt/airflow/dags/ETL_pipeline.py took 1.375 seconds
[2026-03-17T10:13:21.047+0000] {processor.py:161} INFO - Started process (PID=402) to work on /opt/airflow/dags/ETL_pipeline.py
[2026-03-17T10:13:21.057+0000] {processor.py:830} INFO - Processing file /opt/airflow/dags/ETL_pipeline.py for tasks to queue
[2026-03-17T10:13:21.070+0000] {logging_mixin.py:188} INFO - [2026-03-17T10:13:21.067+0000] {dagbag.py:538} INFO - Filling up the DagBag from /opt/airflow/dags/ETL_pipeline.py
[2026-03-17T10:13:21.519+0000] {processor.py:840} INFO - DAG(s) 'etl_books_pipeline_finale' retrieved from /opt/airflow/dags/ETL_pipeline.py
[2026-03-17T10:13:22.105+0000] {logging_mixin.py:188} INFO - [2026-03-17T10:13:22.104+0000] {dag.py:3036} INFO - Sync 1 DAGs
[2026-03-17T10:13:22.569+0000] {logging_mixin.py:188} INFO - [2026-03-17T10:13:22.568+0000] {dag.py:3823} INFO - Setting next_dagrun for etl_books_pipeline_finale to 2026-03-16 23:00:00+00:00, run_after=2026-03-17 23:00:00+00:00
[2026-03-17T10:13:22.691+0000] {processor.py:183} INFO - Processing /opt/airflow/dags/ETL_pipeline.py took 1.691 seconds
[2026-03-17T10:13:53.121+0000] {processor.py:161} INFO - Started process (PID=657) to work on /opt/airflow/dags/ETL_pipeline.py
[2026-03-17T10:13:53.123+0000] {processor.py:830} INFO - Processing file /opt/airflow/dags/ETL_pipeline.py for tasks to queue
[2026-03-17T10:13:53.126+0000] {logging_mixin.py:188} INFO - [2026-03-17T10:13:53.125+0000] {dagbag.py:538} INFO - Filling up the DagBag from /opt/airflow/dags/ETL_pipeline.py
[2026-03-17T10:13:53.181+0000] {processor.py:840} INFO - DAG(s) 'etl_books_pipeline_finale' retrieved from /opt/airflow/dags/ETL_pipeline.py
[2026-03-17T10:13:53.234+0000] {logging_mixin.py:188} INFO - [2026-03-17T10:13:53.233+0000] {dag.py:3036} INFO - Sync 1 DAGs
[2026-03-17T10:13:53.274+0000] {logging_mixin.py:188} INFO - [2026-03-17T10:13:53.273+0000] {dag.py:3823} INFO - Setting next_dagrun for etl_books_pipeline_finale to 2026-03-16 23:00:00+00:00, run_after=2026-03-17 23:00:00+00:00
[2026-03-17T10:13:53.327+0000] {processor.py:183} INFO - Processing /opt/airflow/dags/ETL_pipeline.py took 0.214 seconds
[2026-03-17T10:14:23.569+0000] {processor.py:161} INFO - Started process (PID=662) to work on /opt/airflow/dags/ETL_pipeline.py
[2026-03-17T10:14:23.571+0000] {processor.py:830} INFO - Processing file /opt/airflow/dags/ETL_pipeline.py for tasks to queue
[2026-03-17T10:14:23.573+0000] {logging_mixin.py:188} INFO - [2026-03-17T10:14:23.573+0000] {dagbag.py:538} INFO - Filling up the DagBag from /opt/airflow/dags/ETL_pipeline.py
[2026-03-17T10:14:23.615+0000] {processor.py:840} INFO - DAG(s) 'etl_books_pipeline_finale' retrieved from /opt/airflow/dags/ETL_pipeline.py
[2026-03-17T10:14:23.656+0000] {logging_mixin.py:188} INFO - [2026-03-17T10:14:23.656+0000] {dag.py:3036} INFO - Sync 1 DAGs
[2026-03-17T10:14:23.692+0000] {logging_mixin.py:188} INFO - [2026-03-17T10:14:23.692+0000] {dag.py:3823} INFO - Setting next_dagrun for etl_books_pipeline_finale to 2026-03-16 23:00:00+00:00, run_after=2026-03-17 23:00:00+00:00
[2026-03-17T10:14:23.739+0000] {processor.py:183} INFO - Processing /opt/airflow/dags/ETL_pipeline.py took 0.176 seconds
[2026-03-17T10:14:53.955+0000] {processor.py:161} INFO - Started process (PID=680) to work on /opt/airflow/dags/ETL_pipeline.py
[2026-03-17T10:14:53.957+0000] {processor.py:830} INFO - Processing file /opt/airflow/dags/ETL_pipeline.py for tasks to queue
[2026-03-17T10:14:53.959+0000] {logging_mixin.py:188} INFO - [2026-03-17T10:14:53.958+0000] {dagbag.py:538} INFO - Filling up the DagBag from /opt/airflow/dags/ETL_pipeline.py
[2026-03-17T10:14:53.995+0000] {processor.py:840} INFO - DAG(s) 'etl_books_pipeline_finale' retrieved from /opt/airflow/dags/ETL_pipeline.py
[2026-03-17T10:14:54.031+0000] {logging_mixin.py:188} INFO - [2026-03-17T10:14:54.031+0000] {dag.py:3036} INFO - Sync 1 DAGs
[2026-03-17T10:14:54.057+0000] {logging_mixin.py:188} INFO - [2026-03-17T10:14:54.057+0000] {dag.py:3823} INFO - Setting next_dagrun for etl_books_pipeline_finale to 2026-03-16 23:00:00+00:00, run_after=2026-03-17 23:00:00+00:00
[2026-03-17T10:14:54.102+0000] {processor.py:183} INFO - Processing /opt/airflow/dags/ETL_pipeline.py took 0.150 seconds
[2026-03-17T10:15:24.432+0000] {processor.py:161} INFO - Started process (PID=685) to work on /opt/airflow/dags/ETL_pipeline.py
[2026-03-17T10:15:24.435+0000] {processor.py:830} INFO - Processing file /opt/airflow/dags/ETL_pipeline.py for tasks to queue
[2026-03-17T10:15:24.437+0000] {logging_mixin.py:188} INFO - [2026-03-17T10:15:24.436+0000] {dagbag.py:538} INFO - Filling up the DagBag from /opt/airflow/dags/ETL_pipeline.py
[2026-03-17T10:15:24.498+0000] {processor.py:840} INFO - DAG(s) 'etl_books_pipeline_finale' retrieved from /opt/airflow/dags/ETL_pipeline.py
[2026-03-17T10:15:24.539+0000] {logging_mixin.py:188} INFO - [2026-03-17T10:15:24.539+0000] {dag.py:3036} INFO - Sync 1 DAGs
[2026-03-17T10:15:24.583+0000] {logging_mixin.py:188} INFO - [2026-03-17T10:15:24.583+0000] {dag.py:3823} INFO - Setting next_dagrun for etl_books_pipeline_finale to 2026-03-16 23:00:00+00:00, run_after=2026-03-17 23:00:00+00:00
[2026-03-17T10:15:24.633+0000] {processor.py:183} INFO - Processing /opt/airflow/dags/ETL_pipeline.py took 0.207 seconds
[2026-03-17T10:15:54.728+0000] {processor.py:161} INFO - Started process (PID=690) to work on /opt/airflow/dags/ETL_pipeline.py
[2026-03-17T10:15:54.730+0000] {processor.py:830} INFO - Processing file /opt/airflow/dags/ETL_pipeline.py for tasks to queue
[2026-03-17T10:15:54.731+0000] {logging_mixin.py:188} INFO - [2026-03-17T10:15:54.731+0000] {dagbag.py:538} INFO - Filling up the DagBag from /opt/airflow/dags/ETL_pipeline.py
[2026-03-17T10:15:54.768+0000] {processor.py:840} INFO - DAG(s) 'etl_books_pipeline_finale' retrieved from /opt/airflow/dags/ETL_pipeline.py
[2026-03-17T10:15:54.805+0000] {logging_mixin.py:188} INFO - [2026-03-17T10:15:54.804+0000] {dag.py:3036} INFO - Sync 1 DAGs
[2026-03-17T10:15:54.830+0000] {logging_mixin.py:188} INFO - [2026-03-17T10:15:54.830+0000] {dag.py:3823} INFO - Setting next_dagrun for etl_books_pipeline_finale to 2026-03-16 23:00:00+00:00, run_after=2026-03-17 23:00:00+00:00
[2026-03-17T10:15:54.876+0000] {processor.py:183} INFO - Processing /opt/airflow/dags/ETL_pipeline.py took 0.152 seconds
[2026-03-17T10:16:25.013+0000] {processor.py:161} INFO - Started process (PID=695) to work on /opt/airflow/dags/ETL_pipeline.py
[2026-03-17T10:16:25.014+0000] {processor.py:830} INFO - Processing file /opt/airflow/dags/ETL_pipeline.py for tasks to queue
[2026-03-17T10:16:25.016+0000] {logging_mixin.py:188} INFO - [2026-03-17T10:16:25.015+0000] {dagbag.py:538} INFO - Filling up the DagBag from /opt/airflow/dags/ETL_pipeline.py
[2026-03-17T10:16:25.053+0000] {processor.py:840} INFO - DAG(s) 'etl_books_pipeline_finale' retrieved from /opt/airflow/dags/ETL_pipeline.py
[2026-03-17T10:16:25.087+0000] {logging_mixin.py:188} INFO - [2026-03-17T10:16:25.087+0000] {dag.py:3036} INFO - Sync 1 DAGs
[2026-03-17T10:16:25.117+0000] {logging_mixin.py:188} INFO - [2026-03-17T10:16:25.117+0000] {dag.py:3823} INFO - Setting next_dagrun for etl_books_pipeline_finale to 2026-03-16 23:00:00+00:00, run_after=2026-03-17 23:00:00+00:00
[2026-03-17T10:16:25.162+0000] {processor.py:183} INFO - Processing /opt/airflow/dags/ETL_pipeline.py took 0.153 seconds
[2026-03-17T10:16:55.457+0000] {processor.py:161} INFO - Started process (PID=700) to work on /opt/airflow/dags/ETL_pipeline.py
[2026-03-17T10:16:55.458+0000] {processor.py:830} INFO - Processing file /opt/airflow/dags/ETL_pipeline.py for tasks to queue
[2026-03-17T10:16:55.459+0000] {logging_mixin.py:188} INFO - [2026-03-17T10:16:55.459+0000] {dagbag.py:538} INFO - Filling up the DagBag from /opt/airflow/dags/ETL_pipeline.py
[2026-03-17T10:16:55.495+0000] {processor.py:840} INFO - DAG(s) 'etl_books_pipeline_finale' retrieved from /opt/airflow/dags/ETL_pipeline.py
[2026-03-17T10:16:55.532+0000] {logging_mixin.py:188} INFO - [2026-03-17T10:16:55.532+0000] {dag.py:3036} INFO - Sync 1 DAGs
[2026-03-17T10:16:55.562+0000] {logging_mixin.py:188} INFO - [2026-03-17T10:16:55.562+0000] {dag.py:3823} INFO - Setting next_dagrun for etl_books_pipeline_finale to 2026-03-16 23:00:00+00:00, run_after=2026-03-17 23:00:00+00:00
[2026-03-17T10:16:55.626+0000] {processor.py:183} INFO - Processing /opt/airflow/dags/ETL_pipeline.py took 0.173 seconds
[2026-03-17T10:17:25.729+0000] {processor.py:161} INFO - Started process (PID=705) to work on /opt/airflow/dags/ETL_pipeline.py
[2026-03-17T10:17:25.731+0000] {processor.py:830} INFO - Processing file /opt/airflow/dags/ETL_pipeline.py for tasks to queue
[2026-03-17T10:17:25.732+0000] {logging_mixin.py:188} INFO - [2026-03-17T10:17:25.732+0000] {dagbag.py:538} INFO - Filling up the DagBag from /opt/airflow/dags/ETL_pipeline.py
[2026-03-17T10:17:25.770+0000] {processor.py:840} INFO - DAG(s) 'etl_books_pipeline_finale' retrieved from /opt/airflow/dags/ETL_pipeline.py
[2026-03-17T10:17:25.804+0000] {logging_mixin.py:188} INFO - [2026-03-17T10:17:25.803+0000] {dag.py:3036} INFO - Sync 1 DAGs
[2026-03-17T10:17:25.831+0000] {logging_mixin.py:188} INFO - [2026-03-17T10:17:25.831+0000] {dag.py:3823} INFO - Setting next_dagrun for etl_books_pipeline_finale to 2026-03-16 23:00:00+00:00, run_after=2026-03-17 23:00:00+00:00
[2026-03-17T10:17:25.899+0000] {processor.py:183} INFO - Processing /opt/airflow/dags/ETL_pipeline.py took 0.173 seconds
[2026-03-17T10:17:56.209+0000] {processor.py:161} INFO - Started process (PID=710) to work on /opt/airflow/dags/ETL_pipeline.py
[2026-03-17T10:17:56.211+0000] {processor.py:830} INFO - Processing file /opt/airflow/dags/ETL_pipeline.py for tasks to queue
[2026-03-17T10:17:56.212+0000] {logging_mixin.py:188} INFO - [2026-03-17T10:17:56.212+0000] {dagbag.py:538} INFO - Filling up the DagBag from /opt/airflow/dags/ETL_pipeline.py
[2026-03-17T10:17:56.253+0000] {processor.py:840} INFO - DAG(s) 'etl_books_pipeline_finale' retrieved from /opt/airflow/dags/ETL_pipeline.py
[2026-03-17T10:17:56.288+0000] {logging_mixin.py:188} INFO - [2026-03-17T10:17:56.287+0000] {dag.py:3036} INFO - Sync 1 DAGs
[2026-03-17T10:17:56.313+0000] {logging_mixin.py:188} INFO - [2026-03-17T10:17:56.313+0000] {dag.py:3823} INFO - Setting next_dagrun for etl_books_pipeline_finale to 2026-03-16 23:00:00+00:00, run_after=2026-03-17 23:00:00+00:00
[2026-03-17T10:17:56.359+0000] {processor.py:183} INFO - Processing /opt/airflow/dags/ETL_pipeline.py took 0.153 seconds
[2026-03-17T10:18:26.501+0000] {processor.py:161} INFO - Started process (PID=715) to work on /opt/airflow/dags/ETL_pipeline.py
[2026-03-17T10:18:26.502+0000] {processor.py:830} INFO - Processing file /opt/airflow/dags/ETL_pipeline.py for tasks to queue
[2026-03-17T10:18:26.504+0000] {logging_mixin.py:188} INFO - [2026-03-17T10:18:26.503+0000] {dagbag.py:538} INFO - Filling up the DagBag from /opt/airflow/dags/ETL_pipeline.py
[2026-03-17T10:18:26.540+0000] {processor.py:840} INFO - DAG(s) 'etl_books_pipeline_finale' retrieved from /opt/airflow/dags/ETL_pipeline.py
[2026-03-17T10:18:26.575+0000] {logging_mixin.py:188} INFO - [2026-03-17T10:18:26.574+0000] {dag.py:3036} INFO - Sync 1 DAGs
[2026-03-17T10:18:26.600+0000] {logging_mixin.py:188} INFO - [2026-03-17T10:18:26.600+0000] {dag.py:3823} INFO - Setting next_dagrun for etl_books_pipeline_finale to 2026-03-16 23:00:00+00:00, run_after=2026-03-17 23:00:00+00:00
[2026-03-17T10:18:26.663+0000] {processor.py:183} INFO - Processing /opt/airflow/dags/ETL_pipeline.py took 0.166 seconds
[2026-03-17T10:18:56.943+0000] {processor.py:161} INFO - Started process (PID=720) to work on /opt/airflow/dags/ETL_pipeline.py
[2026-03-17T10:18:56.945+0000] {processor.py:830} INFO - Processing file /opt/airflow/dags/ETL_pipeline.py for tasks to queue
[2026-03-17T10:18:56.948+0000] {logging_mixin.py:188} INFO - [2026-03-17T10:18:56.947+0000] {dagbag.py:538} INFO - Filling up the DagBag from /opt/airflow/dags/ETL_pipeline.py
[2026-03-17T10:18:57.007+0000] {processor.py:840} INFO - DAG(s) 'etl_books_pipeline_finale' retrieved from /opt/airflow/dags/ETL_pipeline.py
[2026-03-17T10:18:57.106+0000] {logging_mixin.py:188} INFO - [2026-03-17T10:18:57.105+0000] {dag.py:3036} INFO - Sync 1 DAGs
[2026-03-17T10:18:57.173+0000] {logging_mixin.py:188} INFO - [2026-03-17T10:18:57.173+0000] {dag.py:3823} INFO - Setting next_dagrun for etl_books_pipeline_finale to 2026-03-16 23:00:00+00:00, run_after=2026-03-17 23:00:00+00:00
[2026-03-17T10:18:57.229+0000] {processor.py:183} INFO - Processing /opt/airflow/dags/ETL_pipeline.py took 0.297 seconds
[2026-03-17T10:19:27.598+0000] {processor.py:161} INFO - Started process (PID=725) to work on /opt/airflow/dags/ETL_pipeline.py
[2026-03-17T10:19:27.599+0000] {processor.py:830} INFO - Processing file /opt/airflow/dags/ETL_pipeline.py for tasks to queue
[2026-03-17T10:19:27.601+0000] {logging_mixin.py:188} INFO - [2026-03-17T10:19:27.600+0000] {dagbag.py:538} INFO - Filling up the DagBag from /opt/airflow/dags/ETL_pipeline.py
[2026-03-17T10:19:27.640+0000] {processor.py:840} INFO - DAG(s) 'etl_books_pipeline_finale' retrieved from /opt/airflow/dags/ETL_pipeline.py
[2026-03-17T10:19:27.680+0000] {logging_mixin.py:188} INFO - [2026-03-17T10:19:27.680+0000] {dag.py:3036} INFO - Sync 1 DAGs
[2026-03-17T10:19:27.713+0000] {logging_mixin.py:188} INFO - [2026-03-17T10:19:27.713+0000] {dag.py:3823} INFO - Setting next_dagrun for etl_books_pipeline_finale to 2026-03-16 23:00:00+00:00, run_after=2026-03-17 23:00:00+00:00
[2026-03-17T10:19:27.766+0000] {processor.py:183} INFO - Processing /opt/airflow/dags/ETL_pipeline.py took 0.172 seconds
[2026-03-17T10:19:57.859+0000] {processor.py:161} INFO - Started process (PID=730) to work on /opt/airflow/dags/ETL_pipeline.py
[2026-03-17T10:19:57.860+0000] {processor.py:830} INFO - Processing file /opt/airflow/dags/ETL_pipeline.py for tasks to queue
[2026-03-17T10:19:57.862+0000] {logging_mixin.py:188} INFO - [2026-03-17T10:19:57.862+0000] {dagbag.py:538} INFO - Filling up the DagBag from /opt/airflow/dags/ETL_pipeline.py
[2026-03-17T10:19:57.899+0000] {processor.py:840} INFO - DAG(s) 'etl_books_pipeline_finale' retrieved from /opt/airflow/dags/ETL_pipeline.py
[2026-03-17T10:19:57.935+0000] {logging_mixin.py:188} INFO - [2026-03-17T10:19:57.935+0000] {dag.py:3036} INFO - Sync 1 DAGs
[2026-03-17T10:19:57.964+0000] {logging_mixin.py:188} INFO - [2026-03-17T10:19:57.964+0000] {dag.py:3823} INFO - Setting next_dagrun for etl_books_pipeline_finale to 2026-03-16 23:00:00+00:00, run_after=2026-03-17 23:00:00+00:00
[2026-03-17T10:19:58.010+0000] {processor.py:183} INFO - Processing /opt/airflow/dags/ETL_pipeline.py took 0.156 seconds
[2026-03-17T10:20:28.131+0000] {processor.py:161} INFO - Started process (PID=735) to work on /opt/airflow/dags/ETL_pipeline.py
[2026-03-17T10:20:28.133+0000] {processor.py:830} INFO - Processing file /opt/airflow/dags/ETL_pipeline.py for tasks to queue
[2026-03-17T10:20:28.135+0000] {logging_mixin.py:188} INFO - [2026-03-17T10:20:28.134+0000] {dagbag.py:538} INFO - Filling up the DagBag from /opt/airflow/dags/ETL_pipeline.py
[2026-03-17T10:20:28.172+0000] {processor.py:840} INFO - DAG(s) 'etl_books_pipeline_finale' retrieved from /opt/airflow/dags/ETL_pipeline.py
[2026-03-17T10:20:28.209+0000] {logging_mixin.py:188} INFO - [2026-03-17T10:20:28.208+0000] {dag.py:3036} INFO - Sync 1 DAGs
[2026-03-17T10:20:28.243+0000] {logging_mixin.py:188} INFO - [2026-03-17T10:20:28.243+0000] {dag.py:3823} INFO - Setting next_dagrun for etl_books_pipeline_finale to 2026-03-16 23:00:00+00:00, run_after=2026-03-17 23:00:00+00:00
[2026-03-17T10:20:28.292+0000] {processor.py:183} INFO - Processing /opt/airflow/dags/ETL_pipeline.py took 0.165 seconds
[2026-03-17T10:20:58.602+0000] {processor.py:161} INFO - Started process (PID=740) to work on /opt/airflow/dags/ETL_pipeline.py
[2026-03-17T10:20:58.603+0000] {processor.py:830} INFO - Processing file /opt/airflow/dags/ETL_pipeline.py for tasks to queue
[2026-03-17T10:20:58.605+0000] {logging_mixin.py:188} INFO - [2026-03-17T10:20:58.604+0000] {dagbag.py:538} INFO - Filling up the DagBag from /opt/airflow/dags/ETL_pipeline.py
[2026-03-17T10:20:58.643+0000] {processor.py:840} INFO - DAG(s) 'etl_books_pipeline_finale' retrieved from /opt/airflow/dags/ETL_pipeline.py
[2026-03-17T10:20:58.694+0000] {logging_mixin.py:188} INFO - [2026-03-17T10:20:58.694+0000] {dag.py:3036} INFO - Sync 1 DAGs
[2026-03-17T10:20:58.762+0000] {logging_mixin.py:188} INFO - [2026-03-17T10:20:58.762+0000] {dag.py:3823} INFO - Setting next_dagrun for etl_books_pipeline_finale to 2026-03-16 23:00:00+00:00, run_after=2026-03-17 23:00:00+00:00
[2026-03-17T10:20:58.851+0000] {processor.py:183} INFO - Processing /opt/airflow/dags/ETL_pipeline.py took 0.253 seconds
[2026-03-17T10:21:29.184+0000] {processor.py:161} INFO - Started process (PID=752) to work on /opt/airflow/dags/ETL_pipeline.py
[2026-03-17T10:21:29.186+0000] {processor.py:830} INFO - Processing file /opt/airflow/dags/ETL_pipeline.py for tasks to queue
[2026-03-17T10:21:29.189+0000] {logging_mixin.py:188} INFO - [2026-03-17T10:21:29.188+0000] {dagbag.py:538} INFO - Filling up the DagBag from /opt/airflow/dags/ETL_pipeline.py
[2026-03-17T10:21:29.234+0000] {processor.py:840} INFO - DAG(s) 'etl_books_pipeline_finale' retrieved from /opt/airflow/dags/ETL_pipeline.py
[2026-03-17T10:21:29.289+0000] {logging_mixin.py:188} INFO - [2026-03-17T10:21:29.289+0000] {dag.py:3036} INFO - Sync 1 DAGs
[2026-03-17T10:21:29.323+0000] {logging_mixin.py:188} INFO - [2026-03-17T10:21:29.323+0000] {dag.py:3823} INFO - Setting next_dagrun for etl_books_pipeline_finale to 2026-03-16 23:00:00+00:00, run_after=2026-03-17 23:00:00+00:00
[2026-03-17T10:21:29.372+0000] {processor.py:183} INFO - Processing /opt/airflow/dags/ETL_pipeline.py took 0.196 seconds
[2026-03-17T10:21:59.443+0000] {processor.py:161} INFO - Started process (PID=757) to work on /opt/airflow/dags/ETL_pipeline.py
[2026-03-17T10:21:59.445+0000] {processor.py:830} INFO - Processing file /opt/airflow/dags/ETL_pipeline.py for tasks to queue
[2026-03-17T10:21:59.446+0000] {logging_mixin.py:188} INFO - [2026-03-17T10:21:59.446+0000] {dagbag.py:538} INFO - Filling up the DagBag from /opt/airflow/dags/ETL_pipeline.py
[2026-03-17T10:21:59.488+0000] {processor.py:840} INFO - DAG(s) 'etl_books_pipeline_finale' retrieved from /opt/airflow/dags/ETL_pipeline.py
[2026-03-17T10:21:59.528+0000] {logging_mixin.py:188} INFO - [2026-03-17T10:21:59.527+0000] {dag.py:3036} INFO - Sync 1 DAGs
[2026-03-17T10:21:59.560+0000] {logging_mixin.py:188} INFO - [2026-03-17T10:21:59.560+0000] {dag.py:3823} INFO - Setting next_dagrun for etl_books_pipeline_finale to 2026-03-16 23:00:00+00:00, run_after=2026-03-17 23:00:00+00:00
[2026-03-17T10:21:59.623+0000] {processor.py:183} INFO - Processing /opt/airflow/dags/ETL_pipeline.py took 0.184 seconds
[2026-03-17T10:22:29.941+0000] {processor.py:161} INFO - Started process (PID=762) to work on /opt/airflow/dags/ETL_pipeline.py
[2026-03-17T10:22:29.943+0000] {processor.py:830} INFO - Processing file /opt/airflow/dags/ETL_pipeline.py for tasks to queue
[2026-03-17T10:22:29.944+0000] {logging_mixin.py:188} INFO - [2026-03-17T10:22:29.944+0000] {dagbag.py:538} INFO - Filling up the DagBag from /opt/airflow/dags/ETL_pipeline.py
[2026-03-17T10:22:29.985+0000] {processor.py:840} INFO - DAG(s) 'etl_books_pipeline_finale' retrieved from /opt/airflow/dags/ETL_pipeline.py
[2026-03-17T10:22:30.027+0000] {logging_mixin.py:188} INFO - [2026-03-17T10:22:30.026+0000] {dag.py:3036} INFO - Sync 1 DAGs
[2026-03-17T10:22:30.067+0000] {logging_mixin.py:188} INFO - [2026-03-17T10:22:30.067+0000] {dag.py:3823} INFO - Setting next_dagrun for etl_books_pipeline_finale to 2026-03-16 23:00:00+00:00, run_after=2026-03-17 23:00:00+00:00
[2026-03-17T10:22:30.117+0000] {processor.py:183} INFO - Processing /opt/airflow/dags/ETL_pipeline.py took 0.179 seconds
[2026-03-17T10:23:00.256+0000] {processor.py:161} INFO - Started process (PID=767) to work on /opt/airflow/dags/ETL_pipeline.py
[2026-03-17T10:23:00.257+0000] {processor.py:830} INFO - Processing file /opt/airflow/dags/ETL_pipeline.py for tasks to queue
[2026-03-17T10:23:00.259+0000] {logging_mixin.py:188} INFO - [2026-03-17T10:23:00.258+0000] {dagbag.py:538} INFO - Filling up the DagBag from /opt/airflow/dags/ETL_pipeline.py
[2026-03-17T10:23:00.297+0000] {processor.py:840} INFO - DAG(s) 'etl_books_pipeline_finale' retrieved from /opt/airflow/dags/ETL_pipeline.py
[2026-03-17T10:23:00.333+0000] {logging_mixin.py:188} INFO - [2026-03-17T10:23:00.333+0000] {dag.py:3036} INFO - Sync 1 DAGs
[2026-03-17T10:23:00.363+0000] {logging_mixin.py:188} INFO - [2026-03-17T10:23:00.362+0000] {dag.py:3823} INFO - Setting next_dagrun for etl_books_pipeline_finale to 2026-03-16 23:00:00+00:00, run_after=2026-03-17 23:00:00+00:00
[2026-03-17T10:23:00.409+0000] {processor.py:183} INFO - Processing /opt/airflow/dags/ETL_pipeline.py took 0.157 seconds
[2026-03-17T10:23:30.540+0000] {processor.py:161} INFO - Started process (PID=772) to work on /opt/airflow/dags/ETL_pipeline.py
[2026-03-17T10:23:30.542+0000] {processor.py:830} INFO - Processing file /opt/airflow/dags/ETL_pipeline.py for tasks to queue
[2026-03-17T10:23:30.544+0000] {logging_mixin.py:188} INFO - [2026-03-17T10:23:30.543+0000] {dagbag.py:538} INFO - Filling up the DagBag from /opt/airflow/dags/ETL_pipeline.py
[2026-03-17T10:23:30.587+0000] {processor.py:840} INFO - DAG(s) 'etl_books_pipeline_finale' retrieved from /opt/airflow/dags/ETL_pipeline.py
[2026-03-17T10:23:30.630+0000] {logging_mixin.py:188} INFO - [2026-03-17T10:23:30.630+0000] {dag.py:3036} INFO - Sync 1 DAGs
[2026-03-17T10:23:30.662+0000] {logging_mixin.py:188} INFO - [2026-03-17T10:23:30.661+0000] {dag.py:3823} INFO - Setting next_dagrun for etl_books_pipeline_finale to 2026-03-16 23:00:00+00:00, run_after=2026-03-17 23:00:00+00:00
[2026-03-17T10:23:30.711+0000] {processor.py:183} INFO - Processing /opt/airflow/dags/ETL_pipeline.py took 0.174 seconds
[2026-03-17T10:24:00.993+0000] {processor.py:161} INFO - Started process (PID=777) to work on /opt/airflow/dags/ETL_pipeline.py
[2026-03-17T10:24:00.995+0000] {processor.py:830} INFO - Processing file /opt/airflow/dags/ETL_pipeline.py for tasks to queue
[2026-03-17T10:24:00.998+0000] {logging_mixin.py:188} INFO - [2026-03-17T10:24:00.997+0000] {dagbag.py:538} INFO - Filling up the DagBag from /opt/airflow/dags/ETL_pipeline.py
[2026-03-17T10:24:01.059+0000] {processor.py:840} INFO - DAG(s) 'etl_books_pipeline_finale' retrieved from /opt/airflow/dags/ETL_pipeline.py
[2026-03-17T10:24:01.192+0000] {logging_mixin.py:188} INFO - [2026-03-17T10:24:01.191+0000] {dag.py:3036} INFO - Sync 1 DAGs
[2026-03-17T10:24:01.315+0000] {logging_mixin.py:188} INFO - [2026-03-17T10:24:01.314+0000] {dag.py:3823} INFO - Setting next_dagrun for etl_books_pipeline_finale to 2026-03-16 23:00:00+00:00, run_after=2026-03-17 23:00:00+00:00
[2026-03-17T10:24:01.400+0000] {processor.py:183} INFO - Processing /opt/airflow/dags/ETL_pipeline.py took 0.413 seconds
[2026-03-17T10:24:31.845+0000] {processor.py:161} INFO - Started process (PID=782) to work on /opt/airflow/dags/ETL_pipeline.py
[2026-03-17T10:24:31.847+0000] {processor.py:830} INFO - Processing file /opt/airflow/dags/ETL_pipeline.py for tasks to queue
[2026-03-17T10:24:31.849+0000] {logging_mixin.py:188} INFO - [2026-03-17T10:24:31.849+0000] {dagbag.py:538} INFO - Filling up the DagBag from /opt/airflow/dags/ETL_pipeline.py
[2026-03-17T10:24:31.895+0000] {processor.py:840} INFO - DAG(s) 'etl_books_pipeline_finale' retrieved from /opt/airflow/dags/ETL_pipeline.py
[2026-03-17T10:24:31.936+0000] {logging_mixin.py:188} INFO - [2026-03-17T10:24:31.936+0000] {dag.py:3036} INFO - Sync 1 DAGs
[2026-03-17T10:24:31.968+0000] {logging_mixin.py:188} INFO - [2026-03-17T10:24:31.967+0000] {dag.py:3823} INFO - Setting next_dagrun for etl_books_pipeline_finale to 2026-03-16 23:00:00+00:00, run_after=2026-03-17 23:00:00+00:00
[2026-03-17T10:24:32.020+0000] {processor.py:183} INFO - Processing /opt/airflow/dags/ETL_pipeline.py took 0.180 seconds
[2026-03-17T10:25:02.131+0000] {processor.py:161} INFO - Started process (PID=787) to work on /opt/airflow/dags/ETL_pipeline.py
[2026-03-17T10:25:02.133+0000] {processor.py:830} INFO - Processing file /opt/airflow/dags/ETL_pipeline.py for tasks to queue
[2026-03-17T10:25:02.134+0000] {logging_mixin.py:188} INFO - [2026-03-17T10:25:02.134+0000] {dagbag.py:538} INFO - Filling up the DagBag from /opt/airflow/dags/ETL_pipeline.py
[2026-03-17T10:25:02.174+0000] {processor.py:840} INFO - DAG(s) 'etl_books_pipeline_finale' retrieved from /opt/airflow/dags/ETL_pipeline.py
[2026-03-17T10:25:02.227+0000] {logging_mixin.py:188} INFO - [2026-03-17T10:25:02.226+0000] {dag.py:3036} INFO - Sync 1 DAGs
[2026-03-17T10:25:02.270+0000] {logging_mixin.py:188} INFO - [2026-03-17T10:25:02.270+0000] {dag.py:3823} INFO - Setting next_dagrun for etl_books_pipeline_finale to 2026-03-16 23:00:00+00:00, run_after=2026-03-17 23:00:00+00:00
[2026-03-17T10:25:02.330+0000] {processor.py:183} INFO - Processing /opt/airflow/dags/ETL_pipeline.py took 0.202 seconds
[2026-03-17T10:25:32.589+0000] {processor.py:161} INFO - Started process (PID=792) to work on /opt/airflow/dags/ETL_pipeline.py
[2026-03-17T10:25:32.591+0000] {processor.py:830} INFO - Processing file /opt/airflow/dags/ETL_pipeline.py for tasks to queue
[2026-03-17T10:25:32.593+0000] {logging_mixin.py:188} INFO - [2026-03-17T10:25:32.593+0000] {dagbag.py:538} INFO - Filling up the DagBag from /opt/airflow/dags/ETL_pipeline.py
[2026-03-17T10:25:32.644+0000] {processor.py:840} INFO - DAG(s) 'etl_books_pipeline_finale' retrieved from /opt/airflow/dags/ETL_pipeline.py
[2026-03-17T10:25:32.701+0000] {logging_mixin.py:188} INFO - [2026-03-17T10:25:32.701+0000] {dag.py:3036} INFO - Sync 1 DAGs
[2026-03-17T10:25:32.743+0000] {logging_mixin.py:188} INFO - [2026-03-17T10:25:32.742+0000] {dag.py:3823} INFO - Setting next_dagrun for etl_books_pipeline_finale to 2026-03-16 23:00:00+00:00, run_after=2026-03-17 23:00:00+00:00
[2026-03-17T10:25:32.799+0000] {processor.py:183} INFO - Processing /opt/airflow/dags/ETL_pipeline.py took 0.216 seconds
[2026-03-17T10:26:03.106+0000] {processor.py:161} INFO - Started process (PID=935) to work on /opt/airflow/dags/ETL_pipeline.py
[2026-03-17T10:26:03.117+0000] {processor.py:830} INFO - Processing file /opt/airflow/dags/ETL_pipeline.py for tasks to queue
[2026-03-17T10:26:03.123+0000] {logging_mixin.py:188} INFO - [2026-03-17T10:26:03.121+0000] {dagbag.py:538} INFO - Filling up the DagBag from /opt/airflow/dags/ETL_pipeline.py
[2026-03-17T10:26:03.216+0000] {processor.py:840} INFO - DAG(s) 'etl_books_pipeline_finale' retrieved from /opt/airflow/dags/ETL_pipeline.py
[2026-03-17T10:26:03.387+0000] {logging_mixin.py:188} INFO - [2026-03-17T10:26:03.386+0000] {dag.py:3036} INFO - Sync 1 DAGs
[2026-03-17T10:26:03.517+0000] {logging_mixin.py:188} INFO - [2026-03-17T10:26:03.516+0000] {dag.py:3823} INFO - Setting next_dagrun for etl_books_pipeline_finale to 2026-03-16 23:00:00+00:00, run_after=2026-03-17 23:00:00+00:00
[2026-03-17T10:26:03.624+0000] {processor.py:183} INFO - Processing /opt/airflow/dags/ETL_pipeline.py took 0.588 seconds
[2026-03-17T10:26:33.904+0000] {processor.py:161} INFO - Started process (PID=1000) to work on /opt/airflow/dags/ETL_pipeline.py
[2026-03-17T10:26:33.910+0000] {processor.py:830} INFO - Processing file /opt/airflow/dags/ETL_pipeline.py for tasks to queue
[2026-03-17T10:26:33.916+0000] {logging_mixin.py:188} INFO - [2026-03-17T10:26:33.914+0000] {dagbag.py:538} INFO - Filling up the DagBag from /opt/airflow/dags/ETL_pipeline.py
[2026-03-17T10:26:34.038+0000] {processor.py:840} INFO - DAG(s) 'etl_books_pipeline_finale' retrieved from /opt/airflow/dags/ETL_pipeline.py
[2026-03-17T10:26:34.235+0000] {logging_mixin.py:188} INFO - [2026-03-17T10:26:34.234+0000] {dag.py:3036} INFO - Sync 1 DAGs
[2026-03-17T10:26:34.387+0000] {logging_mixin.py:188} INFO - [2026-03-17T10:26:34.386+0000] {dag.py:3823} INFO - Setting next_dagrun for etl_books_pipeline_finale to 2026-03-16 23:00:00+00:00, run_after=2026-03-17 23:00:00+00:00
[2026-03-17T10:26:34.568+0000] {processor.py:183} INFO - Processing /opt/airflow/dags/ETL_pipeline.py took 0.715 seconds
[2026-03-17T10:27:04.963+0000] {processor.py:161} INFO - Started process (PID=1235) to work on /opt/airflow/dags/ETL_pipeline.py
[2026-03-17T10:27:04.964+0000] {processor.py:830} INFO - Processing file /opt/airflow/dags/ETL_pipeline.py for tasks to queue
[2026-03-17T10:27:04.966+0000] {logging_mixin.py:188} INFO - [2026-03-17T10:27:04.965+0000] {dagbag.py:538} INFO - Filling up the DagBag from /opt/airflow/dags/ETL_pipeline.py
[2026-03-17T10:27:05.026+0000] {processor.py:840} INFO - DAG(s) 'etl_books_pipeline_finale' retrieved from /opt/airflow/dags/ETL_pipeline.py
[2026-03-17T10:27:05.154+0000] {logging_mixin.py:188} INFO - [2026-03-17T10:27:05.154+0000] {dag.py:3036} INFO - Sync 1 DAGs
[2026-03-17T10:27:05.210+0000] {logging_mixin.py:188} INFO - [2026-03-17T10:27:05.209+0000] {dag.py:3823} INFO - Setting next_dagrun for etl_books_pipeline_finale to 2026-03-16 23:00:00+00:00, run_after=2026-03-17 23:00:00+00:00
[2026-03-17T10:27:05.267+0000] {processor.py:183} INFO - Processing /opt/airflow/dags/ETL_pipeline.py took 0.309 seconds
[2026-03-17T10:27:35.634+0000] {processor.py:161} INFO - Started process (PID=1240) to work on /opt/airflow/dags/ETL_pipeline.py
[2026-03-17T10:27:35.636+0000] {processor.py:830} INFO - Processing file /opt/airflow/dags/ETL_pipeline.py for tasks to queue
[2026-03-17T10:27:35.638+0000] {logging_mixin.py:188} INFO - [2026-03-17T10:27:35.638+0000] {dagbag.py:538} INFO - Filling up the DagBag from /opt/airflow/dags/ETL_pipeline.py
[2026-03-17T10:27:35.691+0000] {processor.py:840} INFO - DAG(s) 'etl_books_pipeline_finale' retrieved from /opt/airflow/dags/ETL_pipeline.py
[2026-03-17T10:27:35.754+0000] {logging_mixin.py:188} INFO - [2026-03-17T10:27:35.754+0000] {dag.py:3036} INFO - Sync 1 DAGs
[2026-03-17T10:27:35.809+0000] {logging_mixin.py:188} INFO - [2026-03-17T10:27:35.809+0000] {dag.py:3823} INFO - Setting next_dagrun for etl_books_pipeline_finale to 2026-03-16 23:00:00+00:00, run_after=2026-03-17 23:00:00+00:00
[2026-03-17T10:27:35.882+0000] {processor.py:183} INFO - Processing /opt/airflow/dags/ETL_pipeline.py took 0.255 seconds
[2026-03-17T10:28:06.263+0000] {processor.py:161} INFO - Started process (PID=1257) to work on /opt/airflow/dags/ETL_pipeline.py
[2026-03-17T10:28:06.269+0000] {processor.py:830} INFO - Processing file /opt/airflow/dags/ETL_pipeline.py for tasks to queue
[2026-03-17T10:28:06.273+0000] {logging_mixin.py:188} INFO - [2026-03-17T10:28:06.272+0000] {dagbag.py:538} INFO - Filling up the DagBag from /opt/airflow/dags/ETL_pipeline.py
[2026-03-17T10:28:06.349+0000] {processor.py:840} INFO - DAG(s) 'etl_books_pipeline_finale' retrieved from /opt/airflow/dags/ETL_pipeline.py
[2026-03-17T10:28:06.413+0000] {logging_mixin.py:188} INFO - [2026-03-17T10:28:06.412+0000] {dag.py:3036} INFO - Sync 1 DAGs
[2026-03-17T10:28:06.460+0000] {logging_mixin.py:188} INFO - [2026-03-17T10:28:06.460+0000] {dag.py:3823} INFO - Setting next_dagrun for etl_books_pipeline_finale to 2026-03-16 23:00:00+00:00, run_after=2026-03-17 23:00:00+00:00
[2026-03-17T10:28:06.545+0000] {processor.py:183} INFO - Processing /opt/airflow/dags/ETL_pipeline.py took 0.300 seconds
[2026-03-17T10:28:36.823+0000] {processor.py:161} INFO - Started process (PID=1262) to work on /opt/airflow/dags/ETL_pipeline.py
[2026-03-17T10:28:36.824+0000] {processor.py:830} INFO - Processing file /opt/airflow/dags/ETL_pipeline.py for tasks to queue
[2026-03-17T10:28:36.826+0000] {logging_mixin.py:188} INFO - [2026-03-17T10:28:36.826+0000] {dagbag.py:538} INFO - Filling up the DagBag from /opt/airflow/dags/ETL_pipeline.py
[2026-03-17T10:28:36.864+0000] {processor.py:840} INFO - DAG(s) 'etl_books_pipeline_finale' retrieved from /opt/airflow/dags/ETL_pipeline.py
[2026-03-17T10:28:36.899+0000] {logging_mixin.py:188} INFO - [2026-03-17T10:28:36.899+0000] {dag.py:3036} INFO - Sync 1 DAGs
[2026-03-17T10:28:36.929+0000] {logging_mixin.py:188} INFO - [2026-03-17T10:28:36.929+0000] {dag.py:3823} INFO - Setting next_dagrun for etl_books_pipeline_finale to 2026-03-16 23:00:00+00:00, run_after=2026-03-17 23:00:00+00:00
[2026-03-17T10:28:36.980+0000] {processor.py:183} INFO - Processing /opt/airflow/dags/ETL_pipeline.py took 0.161 seconds
[2026-03-17T10:29:03.184+0000] {processor.py:161} INFO - Started process (PID=1267) to work on /opt/airflow/dags/ETL_pipeline.py
[2026-03-17T10:29:03.186+0000] {processor.py:830} INFO - Processing file /opt/airflow/dags/ETL_pipeline.py for tasks to queue
[2026-03-17T10:29:03.188+0000] {logging_mixin.py:188} INFO - [2026-03-17T10:29:03.187+0000] {dagbag.py:538} INFO - Filling up the DagBag from /opt/airflow/dags/ETL_pipeline.py
[2026-03-17T10:29:03.254+0000] {processor.py:840} INFO - DAG(s) 'etl_pipeline_finale' retrieved from /opt/airflow/dags/ETL_pipeline.py
[2026-03-17T10:29:03.687+0000] {logging_mixin.py:188} INFO - [2026-03-17T10:29:03.686+0000] {override.py:1769} INFO - Created Permission View: can read on DAG:etl_pipeline_finale
[2026-03-17T10:29:03.721+0000] {logging_mixin.py:188} INFO - [2026-03-17T10:29:03.720+0000] {override.py:1769} INFO - Created Permission View: can edit on DAG:etl_pipeline_finale
[2026-03-17T10:29:03.753+0000] {logging_mixin.py:188} INFO - [2026-03-17T10:29:03.753+0000] {override.py:1769} INFO - Created Permission View: can delete on DAG:etl_pipeline_finale
[2026-03-17T10:29:03.754+0000] {logging_mixin.py:188} INFO - [2026-03-17T10:29:03.754+0000] {dag.py:3036} INFO - Sync 1 DAGs
[2026-03-17T10:29:03.770+0000] {logging_mixin.py:188} INFO - [2026-03-17T10:29:03.770+0000] {dag.py:3058} INFO - Creating ORM DAG for etl_pipeline_finale
[2026-03-17T10:29:03.787+0000] {logging_mixin.py:188} INFO - [2026-03-17T10:29:03.787+0000] {dag.py:3823} INFO - Setting next_dagrun for etl_pipeline_finale to 2026-03-16 23:00:00+00:00, run_after=2026-03-17 23:00:00+00:00
[2026-03-17T10:29:03.855+0000] {processor.py:183} INFO - Processing /opt/airflow/dags/ETL_pipeline.py took 0.677 seconds
[2026-03-17T10:29:34.283+0000] {processor.py:161} INFO - Started process (PID=1272) to work on /opt/airflow/dags/ETL_pipeline.py
[2026-03-17T10:29:34.285+0000] {processor.py:830} INFO - Processing file /opt/airflow/dags/ETL_pipeline.py for tasks to queue
[2026-03-17T10:29:34.286+0000] {logging_mixin.py:188} INFO - [2026-03-17T10:29:34.286+0000] {dagbag.py:538} INFO - Filling up the DagBag from /opt/airflow/dags/ETL_pipeline.py
[2026-03-17T10:29:34.347+0000] {processor.py:840} INFO - DAG(s) 'etl_pipeline_finale' retrieved from /opt/airflow/dags/ETL_pipeline.py
[2026-03-17T10:29:34.385+0000] {logging_mixin.py:188} INFO - [2026-03-17T10:29:34.384+0000] {dag.py:3036} INFO - Sync 1 DAGs
[2026-03-17T10:29:34.430+0000] {logging_mixin.py:188} INFO - [2026-03-17T10:29:34.429+0000] {dag.py:3823} INFO - Setting next_dagrun for etl_pipeline_finale to 2026-03-16 23:00:00+00:00, run_after=2026-03-17 23:00:00+00:00
[2026-03-17T10:29:34.524+0000] {processor.py:183} INFO - Processing /opt/airflow/dags/ETL_pipeline.py took 0.244 seconds
[2026-03-17T10:30:04.793+0000] {processor.py:161} INFO - Started process (PID=1277) to work on /opt/airflow/dags/ETL_pipeline.py
[2026-03-17T10:30:04.795+0000] {processor.py:830} INFO - Processing file /opt/airflow/dags/ETL_pipeline.py for tasks to queue
[2026-03-17T10:30:04.798+0000] {logging_mixin.py:188} INFO - [2026-03-17T10:30:04.797+0000] {dagbag.py:538} INFO - Filling up the DagBag from /opt/airflow/dags/ETL_pipeline.py
[2026-03-17T10:30:04.841+0000] {processor.py:840} INFO - DAG(s) 'etl_pipeline_finale' retrieved from /opt/airflow/dags/ETL_pipeline.py
[2026-03-17T10:30:04.889+0000] {logging_mixin.py:188} INFO - [2026-03-17T10:30:04.889+0000] {dag.py:3036} INFO - Sync 1 DAGs
[2026-03-17T10:30:04.927+0000] {logging_mixin.py:188} INFO - [2026-03-17T10:30:04.927+0000] {dag.py:3823} INFO - Setting next_dagrun for etl_pipeline_finale to 2026-03-16 23:00:00+00:00, run_after=2026-03-17 23:00:00+00:00
[2026-03-17T10:30:04.981+0000] {processor.py:183} INFO - Processing /opt/airflow/dags/ETL_pipeline.py took 0.195 seconds
[2026-03-17T10:30:35.113+0000] {processor.py:161} INFO - Started process (PID=1282) to work on /opt/airflow/dags/ETL_pipeline.py
[2026-03-17T10:30:35.115+0000] {processor.py:830} INFO - Processing file /opt/airflow/dags/ETL_pipeline.py for tasks to queue
[2026-03-17T10:30:35.118+0000] {logging_mixin.py:188} INFO - [2026-03-17T10:30:35.117+0000] {dagbag.py:538} INFO - Filling up the DagBag from /opt/airflow/dags/ETL_pipeline.py
[2026-03-17T10:30:35.198+0000] {processor.py:840} INFO - DAG(s) 'etl_pipeline_finale' retrieved from /opt/airflow/dags/ETL_pipeline.py
[2026-03-17T10:30:35.281+0000] {logging_mixin.py:188} INFO - [2026-03-17T10:30:35.281+0000] {dag.py:3036} INFO - Sync 1 DAGs
[2026-03-17T10:30:35.338+0000] {logging_mixin.py:188} INFO - [2026-03-17T10:30:35.337+0000] {dag.py:3823} INFO - Setting next_dagrun for etl_pipeline_finale to 2026-03-16 23:00:00+00:00, run_after=2026-03-17 23:00:00+00:00
[2026-03-17T10:30:35.407+0000] {processor.py:183} INFO - Processing /opt/airflow/dags/ETL_pipeline.py took 0.300 seconds
[2026-03-17T10:31:05.548+0000] {processor.py:161} INFO - Started process (PID=1287) to work on /opt/airflow/dags/ETL_pipeline.py
[2026-03-17T10:31:05.550+0000] {processor.py:830} INFO - Processing file /opt/airflow/dags/ETL_pipeline.py for tasks to queue
[2026-03-17T10:31:05.551+0000] {logging_mixin.py:188} INFO - [2026-03-17T10:31:05.551+0000] {dagbag.py:538} INFO - Filling up the DagBag from /opt/airflow/dags/ETL_pipeline.py
[2026-03-17T10:31:05.590+0000] {processor.py:840} INFO - DAG(s) 'etl_pipeline_finale' retrieved from /opt/airflow/dags/ETL_pipeline.py
[2026-03-17T10:31:05.624+0000] {logging_mixin.py:188} INFO - [2026-03-17T10:31:05.624+0000] {dag.py:3036} INFO - Sync 1 DAGs
[2026-03-17T10:31:05.651+0000] {logging_mixin.py:188} INFO - [2026-03-17T10:31:05.651+0000] {dag.py:3823} INFO - Setting next_dagrun for etl_pipeline_finale to 2026-03-16 23:00:00+00:00, run_after=2026-03-17 23:00:00+00:00
[2026-03-17T10:31:05.696+0000] {processor.py:183} INFO - Processing /opt/airflow/dags/ETL_pipeline.py took 0.151 seconds
[2026-03-17T10:31:35.964+0000] {processor.py:161} INFO - Started process (PID=1292) to work on /opt/airflow/dags/ETL_pipeline.py
[2026-03-17T10:31:35.965+0000] {processor.py:830} INFO - Processing file /opt/airflow/dags/ETL_pipeline.py for tasks to queue
[2026-03-17T10:31:35.967+0000] {logging_mixin.py:188} INFO - [2026-03-17T10:31:35.966+0000] {dagbag.py:538} INFO - Filling up the DagBag from /opt/airflow/dags/ETL_pipeline.py
[2026-03-17T10:31:36.003+0000] {processor.py:840} INFO - DAG(s) 'etl_pipeline_finale' retrieved from /opt/airflow/dags/ETL_pipeline.py
[2026-03-17T10:31:36.038+0000] {logging_mixin.py:188} INFO - [2026-03-17T10:31:36.037+0000] {dag.py:3036} INFO - Sync 1 DAGs
[2026-03-17T10:31:36.064+0000] {logging_mixin.py:188} INFO - [2026-03-17T10:31:36.064+0000] {dag.py:3823} INFO - Setting next_dagrun for etl_pipeline_finale to 2026-03-16 23:00:00+00:00, run_after=2026-03-17 23:00:00+00:00
[2026-03-17T10:31:36.116+0000] {processor.py:183} INFO - Processing /opt/airflow/dags/ETL_pipeline.py took 0.156 seconds
[2026-03-17T10:32:06.246+0000] {processor.py:161} INFO - Started process (PID=1297) to work on /opt/airflow/dags/ETL_pipeline.py
[2026-03-17T10:32:06.248+0000] {processor.py:830} INFO - Processing file /opt/airflow/dags/ETL_pipeline.py for tasks to queue
[2026-03-17T10:32:06.250+0000] {logging_mixin.py:188} INFO - [2026-03-17T10:32:06.249+0000] {dagbag.py:538} INFO - Filling up the DagBag from /opt/airflow/dags/ETL_pipeline.py
[2026-03-17T10:32:06.288+0000] {processor.py:840} INFO - DAG(s) 'etl_pipeline_finale' retrieved from /opt/airflow/dags/ETL_pipeline.py
[2026-03-17T10:32:06.333+0000] {logging_mixin.py:188} INFO - [2026-03-17T10:32:06.333+0000] {dag.py:3036} INFO - Sync 1 DAGs
[2026-03-17T10:32:06.360+0000] {logging_mixin.py:188} INFO - [2026-03-17T10:32:06.360+0000] {dag.py:3823} INFO - Setting next_dagrun for etl_pipeline_finale to 2026-03-16 23:00:00+00:00, run_after=2026-03-17 23:00:00+00:00
[2026-03-17T10:32:06.407+0000] {processor.py:183} INFO - Processing /opt/airflow/dags/ETL_pipeline.py took 0.166 seconds
[2026-03-17T10:32:07.467+0000] {processor.py:161} INFO - Started process (PID=1302) to work on /opt/airflow/dags/ETL_pipeline.py
[2026-03-17T10:32:07.469+0000] {processor.py:830} INFO - Processing file /opt/airflow/dags/ETL_pipeline.py for tasks to queue
[2026-03-17T10:32:07.470+0000] {logging_mixin.py:188} INFO - [2026-03-17T10:32:07.470+0000] {dagbag.py:538} INFO - Filling up the DagBag from /opt/airflow/dags/ETL_pipeline.py
[2026-03-17T10:32:07.532+0000] {processor.py:840} INFO - DAG(s) 'etl_pipeline_finale' retrieved from /opt/airflow/dags/ETL_pipeline.py
[2026-03-17T10:32:07.726+0000] {logging_mixin.py:188} INFO - [2026-03-17T10:32:07.725+0000] {dag.py:3036} INFO - Sync 1 DAGs
[2026-03-17T10:32:07.769+0000] {logging_mixin.py:188} INFO - [2026-03-17T10:32:07.768+0000] {dag.py:3823} INFO - Setting next_dagrun for etl_pipeline_finale to 2026-03-16 23:00:00+00:00, run_after=2026-03-17 23:00:00+00:00
[2026-03-17T10:32:07.834+0000] {processor.py:183} INFO - Processing /opt/airflow/dags/ETL_pipeline.py took 0.373 seconds
[2026-03-17T10:32:08.531+0000] {processor.py:161} INFO - Started process (PID=1307) to work on /opt/airflow/dags/ETL_pipeline.py
[2026-03-17T10:32:08.533+0000] {processor.py:830} INFO - Processing file /opt/airflow/dags/ETL_pipeline.py for tasks to queue
[2026-03-17T10:32:08.534+0000] {logging_mixin.py:188} INFO - [2026-03-17T10:32:08.534+0000] {dagbag.py:538} INFO - Filling up the DagBag from /opt/airflow/dags/ETL_pipeline.py
[2026-03-17T10:32:08.594+0000] {processor.py:840} INFO - DAG(s) 'etl_pipeline_finale' retrieved from /opt/airflow/dags/ETL_pipeline.py
[2026-03-17T10:32:08.613+0000] {logging_mixin.py:188} INFO - [2026-03-17T10:32:08.613+0000] {dag.py:3036} INFO - Sync 1 DAGs
[2026-03-17T10:32:08.641+0000] {logging_mixin.py:188} INFO - [2026-03-17T10:32:08.641+0000] {dag.py:3823} INFO - Setting next_dagrun for etl_pipeline_finale to 2026-03-16 23:00:00+00:00, run_after=2026-03-17 23:00:00+00:00
[2026-03-17T10:32:08.706+0000] {processor.py:183} INFO - Processing /opt/airflow/dags/ETL_pipeline.py took 0.179 seconds
[2026-03-17T10:32:18.933+0000] {processor.py:161} INFO - Started process (PID=1312) to work on /opt/airflow/dags/ETL_pipeline.py
[2026-03-17T10:32:18.936+0000] {processor.py:830} INFO - Processing file /opt/airflow/dags/ETL_pipeline.py for tasks to queue
[2026-03-17T10:32:18.940+0000] {logging_mixin.py:188} INFO - [2026-03-17T10:32:18.939+0000] {dagbag.py:538} INFO - Filling up the DagBag from /opt/airflow/dags/ETL_pipeline.py
[2026-03-17T10:32:19.126+0000] {processor.py:840} INFO - DAG(s) 'etl_pipeline_finale' retrieved from /opt/airflow/dags/ETL_pipeline.py
[2026-03-17T10:32:19.156+0000] {logging_mixin.py:188} INFO - [2026-03-17T10:32:19.155+0000] {dag.py:3036} INFO - Sync 1 DAGs
[2026-03-17T10:32:19.195+0000] {logging_mixin.py:188} INFO - [2026-03-17T10:32:19.195+0000] {dag.py:3823} INFO - Setting next_dagrun for etl_pipeline_finale to 2026-03-16 23:00:00+00:00, run_after=2026-03-17 23:00:00+00:00
[2026-03-17T10:32:19.283+0000] {processor.py:183} INFO - Processing /opt/airflow/dags/ETL_pipeline.py took 0.362 seconds
[2026-03-17T10:32:49.820+0000] {processor.py:161} INFO - Started process (PID=1467) to work on /opt/airflow/dags/ETL_pipeline.py
[2026-03-17T10:32:49.824+0000] {processor.py:830} INFO - Processing file /opt/airflow/dags/ETL_pipeline.py for tasks to queue
[2026-03-17T10:32:49.829+0000] {logging_mixin.py:188} INFO - [2026-03-17T10:32:49.827+0000] {dagbag.py:538} INFO - Filling up the DagBag from /opt/airflow/dags/ETL_pipeline.py
[2026-03-17T10:32:49.920+0000] {processor.py:840} INFO - DAG(s) 'etl_pipeline_finale' retrieved from /opt/airflow/dags/ETL_pipeline.py
[2026-03-17T10:32:50.034+0000] {logging_mixin.py:188} INFO - [2026-03-17T10:32:50.033+0000] {dag.py:3036} INFO - Sync 1 DAGs
[2026-03-17T10:32:50.100+0000] {logging_mixin.py:188} INFO - [2026-03-17T10:32:50.099+0000] {dag.py:3823} INFO - Setting next_dagrun for etl_pipeline_finale to 2026-03-16 23:00:00+00:00, run_after=2026-03-17 23:00:00+00:00
[2026-03-17T10:32:50.183+0000] {processor.py:183} INFO - Processing /opt/airflow/dags/ETL_pipeline.py took 0.377 seconds
[2026-03-17T10:33:20.869+0000] {processor.py:161} INFO - Started process (PID=1630) to work on /opt/airflow/dags/ETL_pipeline.py
[2026-03-17T10:33:20.890+0000] {processor.py:830} INFO - Processing file /opt/airflow/dags/ETL_pipeline.py for tasks to queue
[2026-03-17T10:33:20.900+0000] {logging_mixin.py:188} INFO - [2026-03-17T10:33:20.898+0000] {dagbag.py:538} INFO - Filling up the DagBag from /opt/airflow/dags/ETL_pipeline.py
[2026-03-17T10:33:21.164+0000] {processor.py:840} INFO - DAG(s) 'etl_pipeline_finale' retrieved from /opt/airflow/dags/ETL_pipeline.py
[2026-03-17T10:33:21.718+0000] {logging_mixin.py:188} INFO - [2026-03-17T10:33:21.718+0000] {dag.py:3036} INFO - Sync 1 DAGs
[2026-03-17T10:33:21.909+0000] {logging_mixin.py:188} INFO - [2026-03-17T10:33:21.908+0000] {dag.py:3823} INFO - Setting next_dagrun for etl_pipeline_finale to 2026-03-16 23:00:00+00:00, run_after=2026-03-17 23:00:00+00:00
[2026-03-17T10:33:22.065+0000] {processor.py:183} INFO - Processing /opt/airflow/dags/ETL_pipeline.py took 1.259 seconds
[2026-03-17T10:33:52.426+0000] {processor.py:161} INFO - Started process (PID=1719) to work on /opt/airflow/dags/ETL_pipeline.py
[2026-03-17T10:33:52.428+0000] {processor.py:830} INFO - Processing file /opt/airflow/dags/ETL_pipeline.py for tasks to queue
[2026-03-17T10:33:52.430+0000] {logging_mixin.py:188} INFO - [2026-03-17T10:33:52.429+0000] {dagbag.py:538} INFO - Filling up the DagBag from /opt/airflow/dags/ETL_pipeline.py
[2026-03-17T10:33:52.469+0000] {processor.py:840} INFO - DAG(s) 'etl_pipeline_finale' retrieved from /opt/airflow/dags/ETL_pipeline.py
[2026-03-17T10:33:52.509+0000] {logging_mixin.py:188} INFO - [2026-03-17T10:33:52.509+0000] {dag.py:3036} INFO - Sync 1 DAGs
[2026-03-17T10:33:52.541+0000] {logging_mixin.py:188} INFO - [2026-03-17T10:33:52.541+0000] {dag.py:3823} INFO - Setting next_dagrun for etl_pipeline_finale to 2026-03-16 23:00:00+00:00, run_after=2026-03-17 23:00:00+00:00
[2026-03-17T10:33:52.594+0000] {processor.py:183} INFO - Processing /opt/airflow/dags/ETL_pipeline.py took 0.172 seconds
[2026-03-17T10:34:22.752+0000] {processor.py:161} INFO - Started process (PID=1724) to work on /opt/airflow/dags/ETL_pipeline.py
[2026-03-17T10:34:22.754+0000] {processor.py:830} INFO - Processing file /opt/airflow/dags/ETL_pipeline.py for tasks to queue
[2026-03-17T10:34:22.755+0000] {logging_mixin.py:188} INFO - [2026-03-17T10:34:22.755+0000] {dagbag.py:538} INFO - Filling up the DagBag from /opt/airflow/dags/ETL_pipeline.py
[2026-03-17T10:34:22.798+0000] {processor.py:840} INFO - DAG(s) 'etl_pipeline_finale' retrieved from /opt/airflow/dags/ETL_pipeline.py
[2026-03-17T10:34:22.840+0000] {logging_mixin.py:188} INFO - [2026-03-17T10:34:22.840+0000] {dag.py:3036} INFO - Sync 1 DAGs
[2026-03-17T10:34:22.867+0000] {logging_mixin.py:188} INFO - [2026-03-17T10:34:22.867+0000] {dag.py:3823} INFO - Setting next_dagrun for etl_pipeline_finale to 2026-03-16 23:00:00+00:00, run_after=2026-03-17 23:00:00+00:00
[2026-03-17T10:34:22.913+0000] {processor.py:183} INFO - Processing /opt/airflow/dags/ETL_pipeline.py took 0.172 seconds
[2026-03-17T10:34:53.160+0000] {processor.py:161} INFO - Started process (PID=1729) to work on /opt/airflow/dags/ETL_pipeline.py
[2026-03-17T10:34:53.161+0000] {processor.py:830} INFO - Processing file /opt/airflow/dags/ETL_pipeline.py for tasks to queue
[2026-03-17T10:34:53.163+0000] {logging_mixin.py:188} INFO - [2026-03-17T10:34:53.162+0000] {dagbag.py:538} INFO - Filling up the DagBag from /opt/airflow/dags/ETL_pipeline.py
[2026-03-17T10:34:53.201+0000] {processor.py:840} INFO - DAG(s) 'etl_pipeline_finale' retrieved from /opt/airflow/dags/ETL_pipeline.py
[2026-03-17T10:34:53.236+0000] {logging_mixin.py:188} INFO - [2026-03-17T10:34:53.236+0000] {dag.py:3036} INFO - Sync 1 DAGs
[2026-03-17T10:34:53.262+0000] {logging_mixin.py:188} INFO - [2026-03-17T10:34:53.261+0000] {dag.py:3823} INFO - Setting next_dagrun for etl_pipeline_finale to 2026-03-16 23:00:00+00:00, run_after=2026-03-17 23:00:00+00:00
[2026-03-17T10:34:53.310+0000] {processor.py:183} INFO - Processing /opt/airflow/dags/ETL_pipeline.py took 0.155 seconds
[2026-03-17T10:35:23.557+0000] {processor.py:161} INFO - Started process (PID=1734) to work on /opt/airflow/dags/ETL_pipeline.py
[2026-03-17T10:35:23.561+0000] {processor.py:830} INFO - Processing file /opt/airflow/dags/ETL_pipeline.py for tasks to queue
[2026-03-17T10:35:23.565+0000] {logging_mixin.py:188} INFO - [2026-03-17T10:35:23.563+0000] {dagbag.py:538} INFO - Filling up the DagBag from /opt/airflow/dags/ETL_pipeline.py
[2026-03-17T10:35:23.629+0000] {processor.py:840} INFO - DAG(s) 'etl_pipeline_finale' retrieved from /opt/airflow/dags/ETL_pipeline.py
[2026-03-17T10:35:23.688+0000] {logging_mixin.py:188} INFO - [2026-03-17T10:35:23.687+0000] {dag.py:3036} INFO - Sync 1 DAGs
[2026-03-17T10:35:23.743+0000] {logging_mixin.py:188} INFO - [2026-03-17T10:35:23.743+0000] {dag.py:3823} INFO - Setting next_dagrun for etl_pipeline_finale to 2026-03-16 23:00:00+00:00, run_after=2026-03-17 23:00:00+00:00
[2026-03-17T10:35:23.813+0000] {processor.py:183} INFO - Processing /opt/airflow/dags/ETL_pipeline.py took 0.267 seconds
[2026-03-17T10:35:54.140+0000] {processor.py:161} INFO - Started process (PID=1753) to work on /opt/airflow/dags/ETL_pipeline.py
[2026-03-17T10:35:54.142+0000] {processor.py:830} INFO - Processing file /opt/airflow/dags/ETL_pipeline.py for tasks to queue
[2026-03-17T10:35:54.144+0000] {logging_mixin.py:188} INFO - [2026-03-17T10:35:54.143+0000] {dagbag.py:538} INFO - Filling up the DagBag from /opt/airflow/dags/ETL_pipeline.py
[2026-03-17T10:35:54.181+0000] {processor.py:840} INFO - DAG(s) 'etl_pipeline_finale' retrieved from /opt/airflow/dags/ETL_pipeline.py
[2026-03-17T10:35:54.218+0000] {logging_mixin.py:188} INFO - [2026-03-17T10:35:54.217+0000] {dag.py:3036} INFO - Sync 1 DAGs
[2026-03-17T10:35:54.248+0000] {logging_mixin.py:188} INFO - [2026-03-17T10:35:54.247+0000] {dag.py:3823} INFO - Setting next_dagrun for etl_pipeline_finale to 2026-03-16 23:00:00+00:00, run_after=2026-03-17 23:00:00+00:00
[2026-03-17T10:35:54.295+0000] {processor.py:183} INFO - Processing /opt/airflow/dags/ETL_pipeline.py took 0.159 seconds
[2026-03-17T10:36:24.416+0000] {processor.py:161} INFO - Started process (PID=1758) to work on /opt/airflow/dags/ETL_pipeline.py
[2026-03-17T10:36:24.418+0000] {processor.py:830} INFO - Processing file /opt/airflow/dags/ETL_pipeline.py for tasks to queue
[2026-03-17T10:36:24.420+0000] {logging_mixin.py:188} INFO - [2026-03-17T10:36:24.419+0000] {dagbag.py:538} INFO - Filling up the DagBag from /opt/airflow/dags/ETL_pipeline.py
[2026-03-17T10:36:24.458+0000] {processor.py:840} INFO - DAG(s) 'etl_pipeline_finale' retrieved from /opt/airflow/dags/ETL_pipeline.py
[2026-03-17T10:36:24.495+0000] {logging_mixin.py:188} INFO - [2026-03-17T10:36:24.495+0000] {dag.py:3036} INFO - Sync 1 DAGs
[2026-03-17T10:36:24.529+0000] {logging_mixin.py:188} INFO - [2026-03-17T10:36:24.529+0000] {dag.py:3823} INFO - Setting next_dagrun for etl_pipeline_finale to 2026-03-16 23:00:00+00:00, run_after=2026-03-17 23:00:00+00:00
[2026-03-17T10:36:24.583+0000] {processor.py:183} INFO - Processing /opt/airflow/dags/ETL_pipeline.py took 0.171 seconds
[2026-03-17T10:43:42.199+0000] {processor.py:161} INFO - Started process (PID=165) to work on /opt/airflow/dags/ETL_pipeline.py
[2026-03-17T10:43:42.210+0000] {processor.py:830} INFO - Processing file /opt/airflow/dags/ETL_pipeline.py for tasks to queue
[2026-03-17T10:43:42.219+0000] {logging_mixin.py:188} INFO - [2026-03-17T10:43:42.217+0000] {dagbag.py:538} INFO - Filling up the DagBag from /opt/airflow/dags/ETL_pipeline.py
[2026-03-17T10:43:42.314+0000] {processor.py:840} INFO - DAG(s) 'etl_pipeline_finale' retrieved from /opt/airflow/dags/ETL_pipeline.py
[2026-03-17T10:43:42.429+0000] {logging_mixin.py:188} INFO - [2026-03-17T10:43:42.428+0000] {dag.py:3036} INFO - Sync 1 DAGs
[2026-03-17T10:43:42.630+0000] {logging_mixin.py:188} INFO - [2026-03-17T10:43:42.629+0000] {dag.py:3823} INFO - Setting next_dagrun for etl_pipeline_finale to 2026-03-16 23:00:00+00:00, run_after=2026-03-17 23:00:00+00:00
[2026-03-17T10:43:42.731+0000] {processor.py:183} INFO - Processing /opt/airflow/dags/ETL_pipeline.py took 0.562 seconds
[2026-03-17T10:44:13.125+0000] {processor.py:161} INFO - Started process (PID=183) to work on /opt/airflow/dags/ETL_pipeline.py
[2026-03-17T10:44:13.127+0000] {processor.py:830} INFO - Processing file /opt/airflow/dags/ETL_pipeline.py for tasks to queue
[2026-03-17T10:44:13.129+0000] {logging_mixin.py:188} INFO - [2026-03-17T10:44:13.128+0000] {dagbag.py:538} INFO - Filling up the DagBag from /opt/airflow/dags/ETL_pipeline.py
[2026-03-17T10:44:13.183+0000] {processor.py:840} INFO - DAG(s) 'etl_pipeline_finale' retrieved from /opt/airflow/dags/ETL_pipeline.py
[2026-03-17T10:44:13.472+0000] {logging_mixin.py:188} INFO - [2026-03-17T10:44:13.472+0000] {dag.py:3036} INFO - Sync 1 DAGs
[2026-03-17T10:44:13.517+0000] {logging_mixin.py:188} INFO - [2026-03-17T10:44:13.517+0000] {dag.py:3823} INFO - Setting next_dagrun for etl_pipeline_finale to 2026-03-16 23:00:00+00:00, run_after=2026-03-17 23:00:00+00:00
[2026-03-17T10:44:13.576+0000] {processor.py:183} INFO - Processing /opt/airflow/dags/ETL_pipeline.py took 0.456 seconds
[2026-03-17T10:44:44.073+0000] {processor.py:161} INFO - Started process (PID=188) to work on /opt/airflow/dags/ETL_pipeline.py
[2026-03-17T10:44:44.078+0000] {processor.py:830} INFO - Processing file /opt/airflow/dags/ETL_pipeline.py for tasks to queue
[2026-03-17T10:44:44.083+0000] {logging_mixin.py:188} INFO - [2026-03-17T10:44:44.082+0000] {dagbag.py:538} INFO - Filling up the DagBag from /opt/airflow/dags/ETL_pipeline.py
[2026-03-17T10:44:44.192+0000] {processor.py:840} INFO - DAG(s) 'etl_pipeline_finale' retrieved from /opt/airflow/dags/ETL_pipeline.py
[2026-03-17T10:44:44.303+0000] {logging_mixin.py:188} INFO - [2026-03-17T10:44:44.302+0000] {dag.py:3036} INFO - Sync 1 DAGs
[2026-03-17T10:44:44.368+0000] {logging_mixin.py:188} INFO - [2026-03-17T10:44:44.367+0000] {dag.py:3823} INFO - Setting next_dagrun for etl_pipeline_finale to 2026-03-16 23:00:00+00:00, run_after=2026-03-17 23:00:00+00:00
[2026-03-17T10:44:44.473+0000] {processor.py:183} INFO - Processing /opt/airflow/dags/ETL_pipeline.py took 0.433 seconds
[2026-03-17T10:45:05.654+0000] {processor.py:161} INFO - Started process (PID=193) to work on /opt/airflow/dags/ETL_pipeline.py
[2026-03-17T10:45:05.657+0000] {processor.py:830} INFO - Processing file /opt/airflow/dags/ETL_pipeline.py for tasks to queue
[2026-03-17T10:45:05.660+0000] {logging_mixin.py:188} INFO - [2026-03-17T10:45:05.659+0000] {dagbag.py:538} INFO - Filling up the DagBag from /opt/airflow/dags/ETL_pipeline.py
[2026-03-17T10:45:05.751+0000] {processor.py:840} INFO - DAG(s) 'etl_pipeline_finale' retrieved from /opt/airflow/dags/ETL_pipeline.py
[2026-03-17T10:45:05.812+0000] {logging_mixin.py:188} INFO - [2026-03-17T10:45:05.812+0000] {dag.py:3036} INFO - Sync 1 DAGs
[2026-03-17T10:45:05.854+0000] {logging_mixin.py:188} INFO - [2026-03-17T10:45:05.853+0000] {dag.py:3823} INFO - Setting next_dagrun for etl_pipeline_finale to 2026-03-16 23:00:00+00:00, run_after=2026-03-17 23:00:00+00:00
[2026-03-17T10:45:05.926+0000] {processor.py:183} INFO - Processing /opt/airflow/dags/ETL_pipeline.py took 0.281 seconds
[2026-03-17T10:45:06.111+0000] {processor.py:161} INFO - Started process (PID=198) to work on /opt/airflow/dags/ETL_pipeline.py
[2026-03-17T10:45:06.115+0000] {processor.py:830} INFO - Processing file /opt/airflow/dags/ETL_pipeline.py for tasks to queue
[2026-03-17T10:45:06.120+0000] {logging_mixin.py:188} INFO - [2026-03-17T10:45:06.118+0000] {dagbag.py:538} INFO - Filling up the DagBag from /opt/airflow/dags/ETL_pipeline.py
[2026-03-17T10:45:06.220+0000] {processor.py:840} INFO - DAG(s) 'etl_pipeline_finale' retrieved from /opt/airflow/dags/ETL_pipeline.py
[2026-03-17T10:45:06.344+0000] {logging_mixin.py:188} INFO - [2026-03-17T10:45:06.343+0000] {dag.py:3036} INFO - Sync 1 DAGs
[2026-03-17T10:45:06.396+0000] {logging_mixin.py:188} INFO - [2026-03-17T10:45:06.396+0000] {dag.py:3823} INFO - Setting next_dagrun for etl_pipeline_finale to 2026-03-16 23:00:00+00:00, run_after=2026-03-17 23:00:00+00:00
[2026-03-17T10:45:06.468+0000] {processor.py:183} INFO - Processing /opt/airflow/dags/ETL_pipeline.py took 0.374 seconds
[2026-03-17T10:45:37.066+0000] {processor.py:161} INFO - Started process (PID=338) to work on /opt/airflow/dags/ETL_pipeline.py
[2026-03-17T10:45:37.077+0000] {processor.py:830} INFO - Processing file /opt/airflow/dags/ETL_pipeline.py for tasks to queue
[2026-03-17T10:45:37.086+0000] {logging_mixin.py:188} INFO - [2026-03-17T10:45:37.082+0000] {dagbag.py:538} INFO - Filling up the DagBag from /opt/airflow/dags/ETL_pipeline.py
[2026-03-17T10:45:37.256+0000] {processor.py:840} INFO - DAG(s) 'etl_pipeline_finale' retrieved from /opt/airflow/dags/ETL_pipeline.py
[2026-03-17T10:45:37.443+0000] {logging_mixin.py:188} INFO - [2026-03-17T10:45:37.443+0000] {dag.py:3036} INFO - Sync 1 DAGs
[2026-03-17T10:45:37.681+0000] {logging_mixin.py:188} INFO - [2026-03-17T10:45:37.681+0000] {dag.py:3823} INFO - Setting next_dagrun for etl_pipeline_finale to 2026-03-16 23:00:00+00:00, run_after=2026-03-17 23:00:00+00:00
[2026-03-17T10:45:37.847+0000] {processor.py:183} INFO - Processing /opt/airflow/dags/ETL_pipeline.py took 0.819 seconds
[2026-03-17T10:46:08.791+0000] {processor.py:161} INFO - Started process (PID=404) to work on /opt/airflow/dags/ETL_pipeline.py
[2026-03-17T10:46:08.803+0000] {processor.py:830} INFO - Processing file /opt/airflow/dags/ETL_pipeline.py for tasks to queue
[2026-03-17T10:46:08.822+0000] {logging_mixin.py:188} INFO - [2026-03-17T10:46:08.817+0000] {dagbag.py:538} INFO - Filling up the DagBag from /opt/airflow/dags/ETL_pipeline.py
[2026-03-17T10:46:09.286+0000] {processor.py:840} INFO - DAG(s) 'etl_pipeline_finale' retrieved from /opt/airflow/dags/ETL_pipeline.py
[2026-03-17T10:46:09.555+0000] {logging_mixin.py:188} INFO - [2026-03-17T10:46:09.554+0000] {dag.py:3036} INFO - Sync 1 DAGs
[2026-03-17T10:46:09.928+0000] {logging_mixin.py:188} INFO - [2026-03-17T10:46:09.928+0000] {dag.py:3823} INFO - Setting next_dagrun for etl_pipeline_finale to 2026-03-16 23:00:00+00:00, run_after=2026-03-17 23:00:00+00:00
[2026-03-17T10:46:10.114+0000] {processor.py:183} INFO - Processing /opt/airflow/dags/ETL_pipeline.py took 1.342 seconds
[2026-03-17T10:46:36.643+0000] {processor.py:161} INFO - Started process (PID=648) to work on /opt/airflow/dags/ETL_pipeline.py
[2026-03-17T10:46:36.646+0000] {processor.py:830} INFO - Processing file /opt/airflow/dags/ETL_pipeline.py for tasks to queue
[2026-03-17T10:46:36.649+0000] {logging_mixin.py:188} INFO - [2026-03-17T10:46:36.648+0000] {dagbag.py:538} INFO - Filling up the DagBag from /opt/airflow/dags/ETL_pipeline.py
[2026-03-17T10:46:36.731+0000] {processor.py:840} INFO - DAG(s) 'etl_pipeline_finale' retrieved from /opt/airflow/dags/ETL_pipeline.py
[2026-03-17T10:46:37.664+0000] {logging_mixin.py:188} INFO - [2026-03-17T10:46:37.663+0000] {dag.py:3036} INFO - Sync 1 DAGs
[2026-03-17T10:46:37.767+0000] {logging_mixin.py:188} INFO - [2026-03-17T10:46:37.766+0000] {dag.py:3823} INFO - Setting next_dagrun for etl_pipeline_finale to 2026-03-16 23:00:00+00:00, run_after=2026-03-17 23:00:00+00:00
[2026-03-17T10:46:37.932+0000] {processor.py:183} INFO - Processing /opt/airflow/dags/ETL_pipeline.py took 1.298 seconds
[2026-03-17T10:47:08.240+0000] {processor.py:161} INFO - Started process (PID=666) to work on /opt/airflow/dags/ETL_pipeline.py
[2026-03-17T10:47:08.243+0000] {processor.py:830} INFO - Processing file /opt/airflow/dags/ETL_pipeline.py for tasks to queue
[2026-03-17T10:47:08.246+0000] {logging_mixin.py:188} INFO - [2026-03-17T10:47:08.245+0000] {dagbag.py:538} INFO - Filling up the DagBag from /opt/airflow/dags/ETL_pipeline.py
[2026-03-17T10:47:08.348+0000] {processor.py:840} INFO - DAG(s) 'etl_pipeline_finale' retrieved from /opt/airflow/dags/ETL_pipeline.py
[2026-03-17T10:47:08.475+0000] {logging_mixin.py:188} INFO - [2026-03-17T10:47:08.474+0000] {dag.py:3036} INFO - Sync 1 DAGs
[2026-03-17T10:47:08.655+0000] {logging_mixin.py:188} INFO - [2026-03-17T10:47:08.654+0000] {dag.py:3823} INFO - Setting next_dagrun for etl_pipeline_finale to 2026-03-16 23:00:00+00:00, run_after=2026-03-17 23:00:00+00:00
[2026-03-17T10:47:08.779+0000] {processor.py:183} INFO - Processing /opt/airflow/dags/ETL_pipeline.py took 0.574 seconds
[2026-03-17T10:47:39.127+0000] {processor.py:161} INFO - Started process (PID=671) to work on /opt/airflow/dags/ETL_pipeline.py
[2026-03-17T10:47:39.128+0000] {processor.py:830} INFO - Processing file /opt/airflow/dags/ETL_pipeline.py for tasks to queue
[2026-03-17T10:47:39.130+0000] {logging_mixin.py:188} INFO - [2026-03-17T10:47:39.129+0000] {dagbag.py:538} INFO - Filling up the DagBag from /opt/airflow/dags/ETL_pipeline.py
[2026-03-17T10:47:39.166+0000] {processor.py:840} INFO - DAG(s) 'etl_pipeline_finale' retrieved from /opt/airflow/dags/ETL_pipeline.py
[2026-03-17T10:47:39.203+0000] {logging_mixin.py:188} INFO - [2026-03-17T10:47:39.203+0000] {dag.py:3036} INFO - Sync 1 DAGs
[2026-03-17T10:47:39.238+0000] {logging_mixin.py:188} INFO - [2026-03-17T10:47:39.237+0000] {dag.py:3823} INFO - Setting next_dagrun for etl_pipeline_finale to 2026-03-16 23:00:00+00:00, run_after=2026-03-17 23:00:00+00:00
[2026-03-17T10:47:39.289+0000] {processor.py:183} INFO - Processing /opt/airflow/dags/ETL_pipeline.py took 0.166 seconds
[2026-03-17T10:48:09.456+0000] {processor.py:161} INFO - Started process (PID=676) to work on /opt/airflow/dags/ETL_pipeline.py
[2026-03-17T10:48:09.458+0000] {processor.py:830} INFO - Processing file /opt/airflow/dags/ETL_pipeline.py for tasks to queue
[2026-03-17T10:48:09.460+0000] {logging_mixin.py:188} INFO - [2026-03-17T10:48:09.460+0000] {dagbag.py:538} INFO - Filling up the DagBag from /opt/airflow/dags/ETL_pipeline.py
[2026-03-17T10:48:09.506+0000] {processor.py:840} INFO - DAG(s) 'etl_pipeline_finale' retrieved from /opt/airflow/dags/ETL_pipeline.py
[2026-03-17T10:48:09.573+0000] {logging_mixin.py:188} INFO - [2026-03-17T10:48:09.572+0000] {dag.py:3036} INFO - Sync 1 DAGs
[2026-03-17T10:48:09.633+0000] {logging_mixin.py:188} INFO - [2026-03-17T10:48:09.632+0000] {dag.py:3823} INFO - Setting next_dagrun for etl_pipeline_finale to 2026-03-16 23:00:00+00:00, run_after=2026-03-17 23:00:00+00:00
[2026-03-17T10:48:09.707+0000] {processor.py:183} INFO - Processing /opt/airflow/dags/ETL_pipeline.py took 0.258 seconds
[2026-03-17T10:48:39.892+0000] {processor.py:161} INFO - Started process (PID=681) to work on /opt/airflow/dags/ETL_pipeline.py
[2026-03-17T10:48:39.895+0000] {processor.py:830} INFO - Processing file /opt/airflow/dags/ETL_pipeline.py for tasks to queue
[2026-03-17T10:48:39.898+0000] {logging_mixin.py:188} INFO - [2026-03-17T10:48:39.897+0000] {dagbag.py:538} INFO - Filling up the DagBag from /opt/airflow/dags/ETL_pipeline.py
[2026-03-17T10:48:39.977+0000] {processor.py:840} INFO - DAG(s) 'etl_pipeline_finale' retrieved from /opt/airflow/dags/ETL_pipeline.py
[2026-03-17T10:48:40.080+0000] {logging_mixin.py:188} INFO - [2026-03-17T10:48:40.079+0000] {dag.py:3036} INFO - Sync 1 DAGs
[2026-03-17T10:48:40.165+0000] {logging_mixin.py:188} INFO - [2026-03-17T10:48:40.164+0000] {dag.py:3823} INFO - Setting next_dagrun for etl_pipeline_finale to 2026-03-16 23:00:00+00:00, run_after=2026-03-17 23:00:00+00:00
[2026-03-17T10:48:40.266+0000] {processor.py:183} INFO - Processing /opt/airflow/dags/ETL_pipeline.py took 0.382 seconds
[2026-03-17T10:49:10.576+0000] {processor.py:161} INFO - Started process (PID=700) to work on /opt/airflow/dags/ETL_pipeline.py
[2026-03-17T10:49:10.578+0000] {processor.py:830} INFO - Processing file /opt/airflow/dags/ETL_pipeline.py for tasks to queue
[2026-03-17T10:49:10.581+0000] {logging_mixin.py:188} INFO - [2026-03-17T10:49:10.580+0000] {dagbag.py:538} INFO - Filling up the DagBag from /opt/airflow/dags/ETL_pipeline.py
[2026-03-17T10:49:10.643+0000] {processor.py:840} INFO - DAG(s) 'etl_pipeline_finale' retrieved from /opt/airflow/dags/ETL_pipeline.py
[2026-03-17T10:49:10.711+0000] {logging_mixin.py:188} INFO - [2026-03-17T10:49:10.710+0000] {dag.py:3036} INFO - Sync 1 DAGs
[2026-03-17T10:49:10.768+0000] {logging_mixin.py:188} INFO - [2026-03-17T10:49:10.768+0000] {dag.py:3823} INFO - Setting next_dagrun for etl_pipeline_finale to 2026-03-16 23:00:00+00:00, run_after=2026-03-17 23:00:00+00:00
[2026-03-17T10:49:10.837+0000] {processor.py:183} INFO - Processing /opt/airflow/dags/ETL_pipeline.py took 0.269 seconds
[2026-03-17T10:49:41.071+0000] {processor.py:161} INFO - Started process (PID=705) to work on /opt/airflow/dags/ETL_pipeline.py
[2026-03-17T10:49:41.074+0000] {processor.py:830} INFO - Processing file /opt/airflow/dags/ETL_pipeline.py for tasks to queue
[2026-03-17T10:49:41.078+0000] {logging_mixin.py:188} INFO - [2026-03-17T10:49:41.077+0000] {dagbag.py:538} INFO - Filling up the DagBag from /opt/airflow/dags/ETL_pipeline.py
[2026-03-17T10:49:41.140+0000] {processor.py:840} INFO - DAG(s) 'etl_pipeline_finale' retrieved from /opt/airflow/dags/ETL_pipeline.py
[2026-03-17T10:49:41.213+0000] {logging_mixin.py:188} INFO - [2026-03-17T10:49:41.213+0000] {dag.py:3036} INFO - Sync 1 DAGs
[2026-03-17T10:49:41.332+0000] {logging_mixin.py:188} INFO - [2026-03-17T10:49:41.332+0000] {dag.py:3823} INFO - Setting next_dagrun for etl_pipeline_finale to 2026-03-16 23:00:00+00:00, run_after=2026-03-17 23:00:00+00:00
[2026-03-17T10:49:41.415+0000] {processor.py:183} INFO - Processing /opt/airflow/dags/ETL_pipeline.py took 0.355 seconds
[2026-03-17T10:50:11.744+0000] {processor.py:161} INFO - Started process (PID=710) to work on /opt/airflow/dags/ETL_pipeline.py
[2026-03-17T10:50:11.746+0000] {processor.py:830} INFO - Processing file /opt/airflow/dags/ETL_pipeline.py for tasks to queue
[2026-03-17T10:50:11.748+0000] {logging_mixin.py:188} INFO - [2026-03-17T10:50:11.748+0000] {dagbag.py:538} INFO - Filling up the DagBag from /opt/airflow/dags/ETL_pipeline.py
[2026-03-17T10:50:11.810+0000] {processor.py:840} INFO - DAG(s) 'etl_pipeline_finale' retrieved from /opt/airflow/dags/ETL_pipeline.py
[2026-03-17T10:50:11.875+0000] {logging_mixin.py:188} INFO - [2026-03-17T10:50:11.874+0000] {dag.py:3036} INFO - Sync 1 DAGs
[2026-03-17T10:50:11.921+0000] {logging_mixin.py:188} INFO - [2026-03-17T10:50:11.921+0000] {dag.py:3823} INFO - Setting next_dagrun for etl_pipeline_finale to 2026-03-16 23:00:00+00:00, run_after=2026-03-17 23:00:00+00:00
[2026-03-17T10:50:11.982+0000] {processor.py:183} INFO - Processing /opt/airflow/dags/ETL_pipeline.py took 0.244 seconds
[2026-03-17T10:50:42.140+0000] {processor.py:161} INFO - Started process (PID=715) to work on /opt/airflow/dags/ETL_pipeline.py
[2026-03-17T10:50:42.143+0000] {processor.py:830} INFO - Processing file /opt/airflow/dags/ETL_pipeline.py for tasks to queue
[2026-03-17T10:50:42.145+0000] {logging_mixin.py:188} INFO - [2026-03-17T10:50:42.144+0000] {dagbag.py:538} INFO - Filling up the DagBag from /opt/airflow/dags/ETL_pipeline.py
[2026-03-17T10:50:42.197+0000] {processor.py:840} INFO - DAG(s) 'etl_pipeline_finale' retrieved from /opt/airflow/dags/ETL_pipeline.py
[2026-03-17T10:50:42.263+0000] {logging_mixin.py:188} INFO - [2026-03-17T10:50:42.263+0000] {dag.py:3036} INFO - Sync 1 DAGs
[2026-03-17T10:50:42.311+0000] {logging_mixin.py:188} INFO - [2026-03-17T10:50:42.310+0000] {dag.py:3823} INFO - Setting next_dagrun for etl_pipeline_finale to 2026-03-16 23:00:00+00:00, run_after=2026-03-17 23:00:00+00:00
[2026-03-17T10:50:42.378+0000] {processor.py:183} INFO - Processing /opt/airflow/dags/ETL_pipeline.py took 0.245 seconds
[2026-03-17T10:51:12.615+0000] {processor.py:161} INFO - Started process (PID=733) to work on /opt/airflow/dags/ETL_pipeline.py
[2026-03-17T10:51:12.618+0000] {processor.py:830} INFO - Processing file /opt/airflow/dags/ETL_pipeline.py for tasks to queue
[2026-03-17T10:51:12.620+0000] {logging_mixin.py:188} INFO - [2026-03-17T10:51:12.619+0000] {dagbag.py:538} INFO - Filling up the DagBag from /opt/airflow/dags/ETL_pipeline.py
[2026-03-17T10:51:12.680+0000] {processor.py:840} INFO - DAG(s) 'etl_pipeline_finale' retrieved from /opt/airflow/dags/ETL_pipeline.py
[2026-03-17T10:51:12.762+0000] {logging_mixin.py:188} INFO - [2026-03-17T10:51:12.761+0000] {dag.py:3036} INFO - Sync 1 DAGs
[2026-03-17T10:51:12.846+0000] {logging_mixin.py:188} INFO - [2026-03-17T10:51:12.845+0000] {dag.py:3823} INFO - Setting next_dagrun for etl_pipeline_finale to 2026-03-16 23:00:00+00:00, run_after=2026-03-17 23:00:00+00:00
[2026-03-17T10:51:12.919+0000] {processor.py:183} INFO - Processing /opt/airflow/dags/ETL_pipeline.py took 0.310 seconds
[2026-03-17T10:51:43.059+0000] {processor.py:161} INFO - Started process (PID=738) to work on /opt/airflow/dags/ETL_pipeline.py
[2026-03-17T10:51:43.062+0000] {processor.py:830} INFO - Processing file /opt/airflow/dags/ETL_pipeline.py for tasks to queue
[2026-03-17T10:51:43.066+0000] {logging_mixin.py:188} INFO - [2026-03-17T10:51:43.065+0000] {dagbag.py:538} INFO - Filling up the DagBag from /opt/airflow/dags/ETL_pipeline.py
[2026-03-17T10:51:43.141+0000] {processor.py:840} INFO - DAG(s) 'etl_pipeline_finale' retrieved from /opt/airflow/dags/ETL_pipeline.py
[2026-03-17T10:51:43.241+0000] {logging_mixin.py:188} INFO - [2026-03-17T10:51:43.240+0000] {dag.py:3036} INFO - Sync 1 DAGs
[2026-03-17T10:51:43.305+0000] {logging_mixin.py:188} INFO - [2026-03-17T10:51:43.304+0000] {dag.py:3823} INFO - Setting next_dagrun for etl_pipeline_finale to 2026-03-16 23:00:00+00:00, run_after=2026-03-17 23:00:00+00:00
[2026-03-17T10:51:43.381+0000] {processor.py:183} INFO - Processing /opt/airflow/dags/ETL_pipeline.py took 0.332 seconds
[2026-03-17T10:52:13.610+0000] {processor.py:161} INFO - Started process (PID=743) to work on /opt/airflow/dags/ETL_pipeline.py
[2026-03-17T10:52:13.613+0000] {processor.py:830} INFO - Processing file /opt/airflow/dags/ETL_pipeline.py for tasks to queue
[2026-03-17T10:52:13.616+0000] {logging_mixin.py:188} INFO - [2026-03-17T10:52:13.615+0000] {dagbag.py:538} INFO - Filling up the DagBag from /opt/airflow/dags/ETL_pipeline.py
[2026-03-17T10:52:13.688+0000] {processor.py:840} INFO - DAG(s) 'etl_pipeline_finale' retrieved from /opt/airflow/dags/ETL_pipeline.py
[2026-03-17T10:52:13.808+0000] {logging_mixin.py:188} INFO - [2026-03-17T10:52:13.807+0000] {dag.py:3036} INFO - Sync 1 DAGs
[2026-03-17T10:52:13.886+0000] {logging_mixin.py:188} INFO - [2026-03-17T10:52:13.885+0000] {dag.py:3823} INFO - Setting next_dagrun for etl_pipeline_finale to 2026-03-16 23:00:00+00:00, run_after=2026-03-17 23:00:00+00:00
[2026-03-17T10:52:13.971+0000] {processor.py:183} INFO - Processing /opt/airflow/dags/ETL_pipeline.py took 0.372 seconds
[2026-03-17T10:52:43.159+0000] {processor.py:161} INFO - Started process (PID=748) to work on /opt/airflow/dags/ETL_pipeline.py
[2026-03-17T10:52:43.161+0000] {processor.py:830} INFO - Processing file /opt/airflow/dags/ETL_pipeline.py for tasks to queue
[2026-03-17T10:52:43.163+0000] {logging_mixin.py:188} INFO - [2026-03-17T10:52:43.163+0000] {dagbag.py:538} INFO - Filling up the DagBag from /opt/airflow/dags/ETL_pipeline.py
[2026-03-17T10:52:43.257+0000] {processor.py:840} INFO - DAG(s) 'etl_pipeline_finale' retrieved from /opt/airflow/dags/ETL_pipeline.py
[2026-03-17T10:52:43.547+0000] {logging_mixin.py:188} INFO - [2026-03-17T10:52:43.546+0000] {dag.py:3036} INFO - Sync 1 DAGs
[2026-03-17T10:52:43.595+0000] {logging_mixin.py:188} INFO - [2026-03-17T10:52:43.595+0000] {dag.py:3823} INFO - Setting next_dagrun for etl_pipeline_finale to 2026-03-16 23:00:00+00:00, run_after=2026-03-17 23:00:00+00:00
[2026-03-17T10:52:43.681+0000] {processor.py:183} INFO - Processing /opt/airflow/dags/ETL_pipeline.py took 0.530 seconds
[2026-03-17T10:52:54.881+0000] {processor.py:161} INFO - Started process (PID=753) to work on /opt/airflow/dags/ETL_pipeline.py
[2026-03-17T10:52:54.883+0000] {processor.py:830} INFO - Processing file /opt/airflow/dags/ETL_pipeline.py for tasks to queue
[2026-03-17T10:52:54.885+0000] {logging_mixin.py:188} INFO - [2026-03-17T10:52:54.885+0000] {dagbag.py:538} INFO - Filling up the DagBag from /opt/airflow/dags/ETL_pipeline.py
[2026-03-17T10:52:54.974+0000] {processor.py:840} INFO - DAG(s) 'etl_pipeline_finale' retrieved from /opt/airflow/dags/ETL_pipeline.py
[2026-03-17T10:52:55.007+0000] {logging_mixin.py:188} INFO - [2026-03-17T10:52:55.007+0000] {dag.py:3036} INFO - Sync 1 DAGs
[2026-03-17T10:52:55.057+0000] {logging_mixin.py:188} INFO - [2026-03-17T10:52:55.056+0000] {dag.py:3823} INFO - Setting next_dagrun for etl_pipeline_finale to 2026-03-16 23:00:00+00:00, run_after=2026-03-17 23:00:00+00:00
[2026-03-17T10:52:55.125+0000] {processor.py:183} INFO - Processing /opt/airflow/dags/ETL_pipeline.py took 0.250 seconds
[2026-03-17T10:52:55.223+0000] {processor.py:161} INFO - Started process (PID=758) to work on /opt/airflow/dags/ETL_pipeline.py
[2026-03-17T10:52:55.226+0000] {processor.py:830} INFO - Processing file /opt/airflow/dags/ETL_pipeline.py for tasks to queue
[2026-03-17T10:52:55.229+0000] {logging_mixin.py:188} INFO - [2026-03-17T10:52:55.228+0000] {dagbag.py:538} INFO - Filling up the DagBag from /opt/airflow/dags/ETL_pipeline.py
[2026-03-17T10:52:55.320+0000] {processor.py:840} INFO - DAG(s) 'etl_pipeline_finale' retrieved from /opt/airflow/dags/ETL_pipeline.py
[2026-03-17T10:52:55.359+0000] {logging_mixin.py:188} INFO - [2026-03-17T10:52:55.358+0000] {dag.py:3036} INFO - Sync 1 DAGs
[2026-03-17T10:52:55.427+0000] {logging_mixin.py:188} INFO - [2026-03-17T10:52:55.427+0000] {dag.py:3823} INFO - Setting next_dagrun for etl_pipeline_finale to 2026-03-16 23:00:00+00:00, run_after=2026-03-17 23:00:00+00:00
[2026-03-17T10:52:55.505+0000] {processor.py:183} INFO - Processing /opt/airflow/dags/ETL_pipeline.py took 0.290 seconds
[2026-03-17T10:52:56.273+0000] {processor.py:161} INFO - Started process (PID=763) to work on /opt/airflow/dags/ETL_pipeline.py
[2026-03-17T10:52:56.276+0000] {processor.py:830} INFO - Processing file /opt/airflow/dags/ETL_pipeline.py for tasks to queue
[2026-03-17T10:52:56.279+0000] {logging_mixin.py:188} INFO - [2026-03-17T10:52:56.278+0000] {dagbag.py:538} INFO - Filling up the DagBag from /opt/airflow/dags/ETL_pipeline.py
[2026-03-17T10:52:56.337+0000] {processor.py:840} INFO - DAG(s) 'etl_pipeline_finale' retrieved from /opt/airflow/dags/ETL_pipeline.py
[2026-03-17T10:52:56.369+0000] {logging_mixin.py:188} INFO - [2026-03-17T10:52:56.368+0000] {dag.py:3036} INFO - Sync 1 DAGs
[2026-03-17T10:52:56.419+0000] {logging_mixin.py:188} INFO - [2026-03-17T10:52:56.418+0000] {dag.py:3823} INFO - Setting next_dagrun for etl_pipeline_finale to 2026-03-16 23:00:00+00:00, run_after=2026-03-17 23:00:00+00:00
[2026-03-17T10:52:56.494+0000] {processor.py:183} INFO - Processing /opt/airflow/dags/ETL_pipeline.py took 0.230 seconds
[2026-03-17T10:53:20.542+0000] {processor.py:161} INFO - Started process (PID=768) to work on /opt/airflow/dags/ETL_pipeline.py
[2026-03-17T10:53:20.545+0000] {processor.py:830} INFO - Processing file /opt/airflow/dags/ETL_pipeline.py for tasks to queue
[2026-03-17T10:53:20.547+0000] {logging_mixin.py:188} INFO - [2026-03-17T10:53:20.546+0000] {dagbag.py:538} INFO - Filling up the DagBag from /opt/airflow/dags/ETL_pipeline.py
[2026-03-17T10:53:20.634+0000] {processor.py:840} INFO - DAG(s) 'etl_pipeline_finale' retrieved from /opt/airflow/dags/ETL_pipeline.py
[2026-03-17T10:53:20.773+0000] {logging_mixin.py:188} INFO - [2026-03-17T10:53:20.773+0000] {dag.py:3036} INFO - Sync 1 DAGs
[2026-03-17T10:53:20.831+0000] {logging_mixin.py:188} INFO - [2026-03-17T10:53:20.831+0000] {dag.py:3823} INFO - Setting next_dagrun for etl_pipeline_finale to 2026-03-16 23:00:00+00:00, run_after=2026-03-17 23:00:00+00:00
[2026-03-17T10:53:20.953+0000] {processor.py:183} INFO - Processing /opt/airflow/dags/ETL_pipeline.py took 0.417 seconds
[2026-03-17T10:53:21.866+0000] {processor.py:161} INFO - Started process (PID=773) to work on /opt/airflow/dags/ETL_pipeline.py
[2026-03-17T10:53:21.870+0000] {processor.py:830} INFO - Processing file /opt/airflow/dags/ETL_pipeline.py for tasks to queue
[2026-03-17T10:53:21.873+0000] {logging_mixin.py:188} INFO - [2026-03-17T10:53:21.872+0000] {dagbag.py:538} INFO - Filling up the DagBag from /opt/airflow/dags/ETL_pipeline.py
[2026-03-17T10:53:21.993+0000] {processor.py:840} INFO - DAG(s) 'etl_pipeline_finale' retrieved from /opt/airflow/dags/ETL_pipeline.py
[2026-03-17T10:53:22.140+0000] {logging_mixin.py:188} INFO - [2026-03-17T10:53:22.138+0000] {dag.py:3036} INFO - Sync 1 DAGs
[2026-03-17T10:53:22.227+0000] {logging_mixin.py:188} INFO - [2026-03-17T10:53:22.226+0000] {dag.py:3823} INFO - Setting next_dagrun for etl_pipeline_finale to 2026-03-16 23:00:00+00:00, run_after=2026-03-17 23:00:00+00:00
[2026-03-17T10:53:22.320+0000] {processor.py:183} INFO - Processing /opt/airflow/dags/ETL_pipeline.py took 0.467 seconds
[2026-03-17T10:53:52.874+0000] {processor.py:161} INFO - Started process (PID=914) to work on /opt/airflow/dags/ETL_pipeline.py
[2026-03-17T10:53:52.878+0000] {processor.py:830} INFO - Processing file /opt/airflow/dags/ETL_pipeline.py for tasks to queue
[2026-03-17T10:53:52.882+0000] {logging_mixin.py:188} INFO - [2026-03-17T10:53:52.881+0000] {dagbag.py:538} INFO - Filling up the DagBag from /opt/airflow/dags/ETL_pipeline.py
[2026-03-17T10:53:53.061+0000] {processor.py:840} INFO - DAG(s) 'etl_pipeline_finale' retrieved from /opt/airflow/dags/ETL_pipeline.py
[2026-03-17T10:53:53.294+0000] {logging_mixin.py:188} INFO - [2026-03-17T10:53:53.293+0000] {dag.py:3036} INFO - Sync 1 DAGs
[2026-03-17T10:53:53.468+0000] {logging_mixin.py:188} INFO - [2026-03-17T10:53:53.467+0000] {dag.py:3823} INFO - Setting next_dagrun for etl_pipeline_finale to 2026-03-16 23:00:00+00:00, run_after=2026-03-17 23:00:00+00:00
[2026-03-17T10:53:53.599+0000] {processor.py:183} INFO - Processing /opt/airflow/dags/ETL_pipeline.py took 0.749 seconds
[2026-03-17T10:54:24.403+0000] {processor.py:161} INFO - Started process (PID=978) to work on /opt/airflow/dags/ETL_pipeline.py
[2026-03-17T10:54:24.429+0000] {processor.py:830} INFO - Processing file /opt/airflow/dags/ETL_pipeline.py for tasks to queue
[2026-03-17T10:54:24.462+0000] {logging_mixin.py:188} INFO - [2026-03-17T10:54:24.440+0000] {dagbag.py:538} INFO - Filling up the DagBag from /opt/airflow/dags/ETL_pipeline.py
[2026-03-17T10:54:24.928+0000] {processor.py:840} INFO - DAG(s) 'etl_pipeline_finale' retrieved from /opt/airflow/dags/ETL_pipeline.py
[2026-03-17T10:54:25.420+0000] {logging_mixin.py:188} INFO - [2026-03-17T10:54:25.419+0000] {dag.py:3036} INFO - Sync 1 DAGs
[2026-03-17T10:54:25.775+0000] {logging_mixin.py:188} INFO - [2026-03-17T10:54:25.774+0000] {dag.py:3823} INFO - Setting next_dagrun for etl_pipeline_finale to 2026-03-16 23:00:00+00:00, run_after=2026-03-17 23:00:00+00:00
[2026-03-17T10:54:25.909+0000] {processor.py:183} INFO - Processing /opt/airflow/dags/ETL_pipeline.py took 1.586 seconds
[2026-03-17T10:54:56.104+0000] {processor.py:161} INFO - Started process (PID=1247) to work on /opt/airflow/dags/ETL_pipeline.py
[2026-03-17T10:54:56.109+0000] {processor.py:830} INFO - Processing file /opt/airflow/dags/ETL_pipeline.py for tasks to queue
[2026-03-17T10:54:56.113+0000] {logging_mixin.py:188} INFO - [2026-03-17T10:54:56.112+0000] {dagbag.py:538} INFO - Filling up the DagBag from /opt/airflow/dags/ETL_pipeline.py
[2026-03-17T10:54:56.209+0000] {processor.py:840} INFO - DAG(s) 'etl_pipeline_finale' retrieved from /opt/airflow/dags/ETL_pipeline.py
[2026-03-17T10:54:56.362+0000] {logging_mixin.py:188} INFO - [2026-03-17T10:54:56.361+0000] {dag.py:3036} INFO - Sync 1 DAGs
[2026-03-17T10:54:56.446+0000] {logging_mixin.py:188} INFO - [2026-03-17T10:54:56.445+0000] {dag.py:3823} INFO - Setting next_dagrun for etl_pipeline_finale to 2026-03-16 23:00:00+00:00, run_after=2026-03-17 23:00:00+00:00
[2026-03-17T10:54:56.539+0000] {processor.py:183} INFO - Processing /opt/airflow/dags/ETL_pipeline.py took 0.451 seconds
[2026-03-17T10:55:26.763+0000] {processor.py:161} INFO - Started process (PID=1252) to work on /opt/airflow/dags/ETL_pipeline.py
[2026-03-17T10:55:26.765+0000] {processor.py:830} INFO - Processing file /opt/airflow/dags/ETL_pipeline.py for tasks to queue
[2026-03-17T10:55:26.768+0000] {logging_mixin.py:188} INFO - [2026-03-17T10:55:26.767+0000] {dagbag.py:538} INFO - Filling up the DagBag from /opt/airflow/dags/ETL_pipeline.py
[2026-03-17T10:55:26.826+0000] {processor.py:840} INFO - DAG(s) 'etl_pipeline_finale' retrieved from /opt/airflow/dags/ETL_pipeline.py
[2026-03-17T10:55:26.892+0000] {logging_mixin.py:188} INFO - [2026-03-17T10:55:26.892+0000] {dag.py:3036} INFO - Sync 1 DAGs
[2026-03-17T10:55:26.941+0000] {logging_mixin.py:188} INFO - [2026-03-17T10:55:26.941+0000] {dag.py:3823} INFO - Setting next_dagrun for etl_pipeline_finale to 2026-03-16 23:00:00+00:00, run_after=2026-03-17 23:00:00+00:00
[2026-03-17T10:55:26.999+0000] {processor.py:183} INFO - Processing /opt/airflow/dags/ETL_pipeline.py took 0.244 seconds
[2026-03-17T10:55:57.164+0000] {processor.py:161} INFO - Started process (PID=1257) to work on /opt/airflow/dags/ETL_pipeline.py
[2026-03-17T10:55:57.166+0000] {processor.py:830} INFO - Processing file /opt/airflow/dags/ETL_pipeline.py for tasks to queue
[2026-03-17T10:55:57.169+0000] {logging_mixin.py:188} INFO - [2026-03-17T10:55:57.168+0000] {dagbag.py:538} INFO - Filling up the DagBag from /opt/airflow/dags/ETL_pipeline.py
[2026-03-17T10:55:57.216+0000] {processor.py:840} INFO - DAG(s) 'etl_pipeline_finale' retrieved from /opt/airflow/dags/ETL_pipeline.py
[2026-03-17T10:55:57.275+0000] {logging_mixin.py:188} INFO - [2026-03-17T10:55:57.275+0000] {dag.py:3036} INFO - Sync 1 DAGs
[2026-03-17T10:55:57.322+0000] {logging_mixin.py:188} INFO - [2026-03-17T10:55:57.322+0000] {dag.py:3823} INFO - Setting next_dagrun for etl_pipeline_finale to 2026-03-16 23:00:00+00:00, run_after=2026-03-17 23:00:00+00:00
[2026-03-17T10:55:57.387+0000] {processor.py:183} INFO - Processing /opt/airflow/dags/ETL_pipeline.py took 0.229 seconds
[2026-03-17T10:56:27.533+0000] {processor.py:161} INFO - Started process (PID=1262) to work on /opt/airflow/dags/ETL_pipeline.py
[2026-03-17T10:56:27.535+0000] {processor.py:830} INFO - Processing file /opt/airflow/dags/ETL_pipeline.py for tasks to queue
[2026-03-17T10:56:27.537+0000] {logging_mixin.py:188} INFO - [2026-03-17T10:56:27.537+0000] {dagbag.py:538} INFO - Filling up the DagBag from /opt/airflow/dags/ETL_pipeline.py
[2026-03-17T10:56:27.590+0000] {processor.py:840} INFO - DAG(s) 'etl_pipeline_finale' retrieved from /opt/airflow/dags/ETL_pipeline.py
[2026-03-17T10:56:27.649+0000] {logging_mixin.py:188} INFO - [2026-03-17T10:56:27.648+0000] {dag.py:3036} INFO - Sync 1 DAGs
[2026-03-17T10:56:27.697+0000] {logging_mixin.py:188} INFO - [2026-03-17T10:56:27.697+0000] {dag.py:3823} INFO - Setting next_dagrun for etl_pipeline_finale to 2026-03-16 23:00:00+00:00, run_after=2026-03-17 23:00:00+00:00
[2026-03-17T10:56:27.765+0000] {processor.py:183} INFO - Processing /opt/airflow/dags/ETL_pipeline.py took 0.238 seconds
[2026-03-17T10:56:58.014+0000] {processor.py:161} INFO - Started process (PID=1267) to work on /opt/airflow/dags/ETL_pipeline.py
[2026-03-17T10:56:58.018+0000] {processor.py:830} INFO - Processing file /opt/airflow/dags/ETL_pipeline.py for tasks to queue
[2026-03-17T10:56:58.021+0000] {logging_mixin.py:188} INFO - [2026-03-17T10:56:58.020+0000] {dagbag.py:538} INFO - Filling up the DagBag from /opt/airflow/dags/ETL_pipeline.py
[2026-03-17T10:56:58.106+0000] {processor.py:840} INFO - DAG(s) 'etl_pipeline_finale' retrieved from /opt/airflow/dags/ETL_pipeline.py
[2026-03-17T10:56:58.216+0000] {logging_mixin.py:188} INFO - [2026-03-17T10:56:58.214+0000] {dag.py:3036} INFO - Sync 1 DAGs
[2026-03-17T10:56:58.307+0000] {logging_mixin.py:188} INFO - [2026-03-17T10:56:58.306+0000] {dag.py:3823} INFO - Setting next_dagrun for etl_pipeline_finale to 2026-03-16 23:00:00+00:00, run_after=2026-03-17 23:00:00+00:00
[2026-03-17T10:56:58.406+0000] {processor.py:183} INFO - Processing /opt/airflow/dags/ETL_pipeline.py took 0.403 seconds
[2026-03-17T10:57:28.667+0000] {processor.py:161} INFO - Started process (PID=1285) to work on /opt/airflow/dags/ETL_pipeline.py
[2026-03-17T10:57:28.686+0000] {processor.py:830} INFO - Processing file /opt/airflow/dags/ETL_pipeline.py for tasks to queue
[2026-03-17T10:57:28.702+0000] {logging_mixin.py:188} INFO - [2026-03-17T10:57:28.700+0000] {dagbag.py:538} INFO - Filling up the DagBag from /opt/airflow/dags/ETL_pipeline.py
[2026-03-17T10:57:28.909+0000] {processor.py:840} INFO - DAG(s) 'etl_pipeline_finale' retrieved from /opt/airflow/dags/ETL_pipeline.py
[2026-03-17T10:57:29.118+0000] {logging_mixin.py:188} INFO - [2026-03-17T10:57:29.117+0000] {dag.py:3036} INFO - Sync 1 DAGs
[2026-03-17T10:57:29.369+0000] {logging_mixin.py:188} INFO - [2026-03-17T10:57:29.364+0000] {dag.py:3823} INFO - Setting next_dagrun for etl_pipeline_finale to 2026-03-16 23:00:00+00:00, run_after=2026-03-17 23:00:00+00:00
[2026-03-17T10:57:29.469+0000] {processor.py:183} INFO - Processing /opt/airflow/dags/ETL_pipeline.py took 0.842 seconds
[2026-03-17T10:57:59.915+0000] {processor.py:161} INFO - Started process (PID=1290) to work on /opt/airflow/dags/ETL_pipeline.py
[2026-03-17T10:57:59.917+0000] {processor.py:830} INFO - Processing file /opt/airflow/dags/ETL_pipeline.py for tasks to queue
[2026-03-17T10:57:59.919+0000] {logging_mixin.py:188} INFO - [2026-03-17T10:57:59.918+0000] {dagbag.py:538} INFO - Filling up the DagBag from /opt/airflow/dags/ETL_pipeline.py
[2026-03-17T10:57:59.974+0000] {processor.py:840} INFO - DAG(s) 'etl_pipeline_finale' retrieved from /opt/airflow/dags/ETL_pipeline.py
[2026-03-17T10:58:00.039+0000] {logging_mixin.py:188} INFO - [2026-03-17T10:58:00.039+0000] {dag.py:3036} INFO - Sync 1 DAGs
[2026-03-17T10:58:00.085+0000] {logging_mixin.py:188} INFO - [2026-03-17T10:58:00.084+0000] {dag.py:3823} INFO - Setting next_dagrun for etl_pipeline_finale to 2026-03-16 23:00:00+00:00, run_after=2026-03-17 23:00:00+00:00
[2026-03-17T10:58:00.147+0000] {processor.py:183} INFO - Processing /opt/airflow/dags/ETL_pipeline.py took 0.238 seconds
[2026-03-17T10:58:30.493+0000] {processor.py:161} INFO - Started process (PID=1295) to work on /opt/airflow/dags/ETL_pipeline.py
[2026-03-17T10:58:30.495+0000] {processor.py:830} INFO - Processing file /opt/airflow/dags/ETL_pipeline.py for tasks to queue
[2026-03-17T10:58:30.497+0000] {logging_mixin.py:188} INFO - [2026-03-17T10:58:30.496+0000] {dagbag.py:538} INFO - Filling up the DagBag from /opt/airflow/dags/ETL_pipeline.py
[2026-03-17T10:58:30.613+0000] {processor.py:840} INFO - DAG(s) 'etl_pipeline_finale' retrieved from /opt/airflow/dags/ETL_pipeline.py
[2026-03-17T10:58:30.667+0000] {logging_mixin.py:188} INFO - [2026-03-17T10:58:30.666+0000] {dag.py:3036} INFO - Sync 1 DAGs
[2026-03-17T10:58:30.709+0000] {logging_mixin.py:188} INFO - [2026-03-17T10:58:30.708+0000] {dag.py:3823} INFO - Setting next_dagrun for etl_pipeline_finale to 2026-03-16 23:00:00+00:00, run_after=2026-03-17 23:00:00+00:00
[2026-03-17T10:58:30.772+0000] {processor.py:183} INFO - Processing /opt/airflow/dags/ETL_pipeline.py took 0.285 seconds
[2026-03-17T10:59:01.157+0000] {processor.py:161} INFO - Started process (PID=1300) to work on /opt/airflow/dags/ETL_pipeline.py
[2026-03-17T10:59:01.159+0000] {processor.py:830} INFO - Processing file /opt/airflow/dags/ETL_pipeline.py for tasks to queue
[2026-03-17T10:59:01.162+0000] {logging_mixin.py:188} INFO - [2026-03-17T10:59:01.161+0000] {dagbag.py:538} INFO - Filling up the DagBag from /opt/airflow/dags/ETL_pipeline.py
[2026-03-17T10:59:01.228+0000] {processor.py:840} INFO - DAG(s) 'etl_pipeline_finale' retrieved from /opt/airflow/dags/ETL_pipeline.py
[2026-03-17T10:59:01.308+0000] {logging_mixin.py:188} INFO - [2026-03-17T10:59:01.307+0000] {dag.py:3036} INFO - Sync 1 DAGs
[2026-03-17T10:59:01.366+0000] {logging_mixin.py:188} INFO - [2026-03-17T10:59:01.366+0000] {dag.py:3823} INFO - Setting next_dagrun for etl_pipeline_finale to 2026-03-16 23:00:00+00:00, run_after=2026-03-17 23:00:00+00:00
[2026-03-17T10:59:01.463+0000] {processor.py:183} INFO - Processing /opt/airflow/dags/ETL_pipeline.py took 0.316 seconds
[2026-03-17T10:59:31.843+0000] {processor.py:161} INFO - Started process (PID=1317) to work on /opt/airflow/dags/ETL_pipeline.py
[2026-03-17T10:59:31.847+0000] {processor.py:830} INFO - Processing file /opt/airflow/dags/ETL_pipeline.py for tasks to queue
[2026-03-17T10:59:31.851+0000] {logging_mixin.py:188} INFO - [2026-03-17T10:59:31.850+0000] {dagbag.py:538} INFO - Filling up the DagBag from /opt/airflow/dags/ETL_pipeline.py
[2026-03-17T10:59:31.914+0000] {processor.py:840} INFO - DAG(s) 'etl_pipeline_finale' retrieved from /opt/airflow/dags/ETL_pipeline.py
[2026-03-17T10:59:31.990+0000] {logging_mixin.py:188} INFO - [2026-03-17T10:59:31.989+0000] {dag.py:3036} INFO - Sync 1 DAGs
[2026-03-17T10:59:32.064+0000] {logging_mixin.py:188} INFO - [2026-03-17T10:59:32.063+0000] {dag.py:3823} INFO - Setting next_dagrun for etl_pipeline_finale to 2026-03-16 23:00:00+00:00, run_after=2026-03-17 23:00:00+00:00
[2026-03-17T10:59:32.144+0000] {processor.py:183} INFO - Processing /opt/airflow/dags/ETL_pipeline.py took 0.313 seconds
[2026-03-17T11:00:02.478+0000] {processor.py:161} INFO - Started process (PID=1322) to work on /opt/airflow/dags/ETL_pipeline.py
[2026-03-17T11:00:02.480+0000] {processor.py:830} INFO - Processing file /opt/airflow/dags/ETL_pipeline.py for tasks to queue
[2026-03-17T11:00:02.483+0000] {logging_mixin.py:188} INFO - [2026-03-17T11:00:02.482+0000] {dagbag.py:538} INFO - Filling up the DagBag from /opt/airflow/dags/ETL_pipeline.py
[2026-03-17T11:00:02.552+0000] {processor.py:840} INFO - DAG(s) 'etl_pipeline_finale' retrieved from /opt/airflow/dags/ETL_pipeline.py
[2026-03-17T11:00:02.623+0000] {logging_mixin.py:188} INFO - [2026-03-17T11:00:02.622+0000] {dag.py:3036} INFO - Sync 1 DAGs
[2026-03-17T11:00:02.679+0000] {logging_mixin.py:188} INFO - [2026-03-17T11:00:02.678+0000] {dag.py:3823} INFO - Setting next_dagrun for etl_pipeline_finale to 2026-03-16 23:00:00+00:00, run_after=2026-03-17 23:00:00+00:00
[2026-03-17T11:00:02.744+0000] {processor.py:183} INFO - Processing /opt/airflow/dags/ETL_pipeline.py took 0.275 seconds
[2026-03-17T11:00:33.134+0000] {processor.py:161} INFO - Started process (PID=1327) to work on /opt/airflow/dags/ETL_pipeline.py
[2026-03-17T11:00:33.136+0000] {processor.py:830} INFO - Processing file /opt/airflow/dags/ETL_pipeline.py for tasks to queue
[2026-03-17T11:00:33.138+0000] {logging_mixin.py:188} INFO - [2026-03-17T11:00:33.138+0000] {dagbag.py:538} INFO - Filling up the DagBag from /opt/airflow/dags/ETL_pipeline.py
[2026-03-17T11:00:33.188+0000] {processor.py:840} INFO - DAG(s) 'etl_pipeline_finale' retrieved from /opt/airflow/dags/ETL_pipeline.py
[2026-03-17T11:00:33.250+0000] {logging_mixin.py:188} INFO - [2026-03-17T11:00:33.250+0000] {dag.py:3036} INFO - Sync 1 DAGs
[2026-03-17T11:00:33.295+0000] {logging_mixin.py:188} INFO - [2026-03-17T11:00:33.294+0000] {dag.py:3823} INFO - Setting next_dagrun for etl_pipeline_finale to 2026-03-16 23:00:00+00:00, run_after=2026-03-17 23:00:00+00:00
[2026-03-17T11:00:33.356+0000] {processor.py:183} INFO - Processing /opt/airflow/dags/ETL_pipeline.py took 0.229 seconds
[2026-03-17T11:01:03.470+0000] {processor.py:161} INFO - Started process (PID=1332) to work on /opt/airflow/dags/ETL_pipeline.py
[2026-03-17T11:01:03.474+0000] {processor.py:830} INFO - Processing file /opt/airflow/dags/ETL_pipeline.py for tasks to queue
[2026-03-17T11:01:03.477+0000] {logging_mixin.py:188} INFO - [2026-03-17T11:01:03.476+0000] {dagbag.py:538} INFO - Filling up the DagBag from /opt/airflow/dags/ETL_pipeline.py
[2026-03-17T11:01:03.552+0000] {processor.py:840} INFO - DAG(s) 'etl_pipeline_finale' retrieved from /opt/airflow/dags/ETL_pipeline.py
[2026-03-17T11:01:03.629+0000] {logging_mixin.py:188} INFO - [2026-03-17T11:01:03.629+0000] {dag.py:3036} INFO - Sync 1 DAGs
[2026-03-17T11:01:03.687+0000] {logging_mixin.py:188} INFO - [2026-03-17T11:01:03.686+0000] {dag.py:3823} INFO - Setting next_dagrun for etl_pipeline_finale to 2026-03-16 23:00:00+00:00, run_after=2026-03-17 23:00:00+00:00
[2026-03-17T11:01:03.760+0000] {processor.py:183} INFO - Processing /opt/airflow/dags/ETL_pipeline.py took 0.302 seconds
[2026-03-17T11:01:34.016+0000] {processor.py:161} INFO - Started process (PID=1337) to work on /opt/airflow/dags/ETL_pipeline.py
[2026-03-17T11:01:34.019+0000] {processor.py:830} INFO - Processing file /opt/airflow/dags/ETL_pipeline.py for tasks to queue
[2026-03-17T11:01:34.023+0000] {logging_mixin.py:188} INFO - [2026-03-17T11:01:34.021+0000] {dagbag.py:538} INFO - Filling up the DagBag from /opt/airflow/dags/ETL_pipeline.py
[2026-03-17T11:01:34.095+0000] {processor.py:840} INFO - DAG(s) 'etl_pipeline_finale' retrieved from /opt/airflow/dags/ETL_pipeline.py
[2026-03-17T11:01:34.171+0000] {logging_mixin.py:188} INFO - [2026-03-17T11:01:34.171+0000] {dag.py:3036} INFO - Sync 1 DAGs
[2026-03-17T11:01:34.225+0000] {logging_mixin.py:188} INFO - [2026-03-17T11:01:34.225+0000] {dag.py:3823} INFO - Setting next_dagrun for etl_pipeline_finale to 2026-03-16 23:00:00+00:00, run_after=2026-03-17 23:00:00+00:00
[2026-03-17T11:01:34.297+0000] {processor.py:183} INFO - Processing /opt/airflow/dags/ETL_pipeline.py took 0.293 seconds
[2026-03-17T11:02:04.491+0000] {processor.py:161} INFO - Started process (PID=1342) to work on /opt/airflow/dags/ETL_pipeline.py
[2026-03-17T11:02:04.494+0000] {processor.py:830} INFO - Processing file /opt/airflow/dags/ETL_pipeline.py for tasks to queue
[2026-03-17T11:02:04.497+0000] {logging_mixin.py:188} INFO - [2026-03-17T11:02:04.496+0000] {dagbag.py:538} INFO - Filling up the DagBag from /opt/airflow/dags/ETL_pipeline.py
[2026-03-17T11:02:04.563+0000] {processor.py:840} INFO - DAG(s) 'etl_pipeline_finale' retrieved from /opt/airflow/dags/ETL_pipeline.py
[2026-03-17T11:02:04.646+0000] {logging_mixin.py:188} INFO - [2026-03-17T11:02:04.645+0000] {dag.py:3036} INFO - Sync 1 DAGs
[2026-03-17T11:02:04.711+0000] {logging_mixin.py:188} INFO - [2026-03-17T11:02:04.710+0000] {dag.py:3823} INFO - Setting next_dagrun for etl_pipeline_finale to 2026-03-16 23:00:00+00:00, run_after=2026-03-17 23:00:00+00:00
[2026-03-17T11:02:04.800+0000] {processor.py:183} INFO - Processing /opt/airflow/dags/ETL_pipeline.py took 0.322 seconds
[2026-03-17T11:02:32.027+0000] {processor.py:161} INFO - Started process (PID=1347) to work on /opt/airflow/dags/ETL_pipeline.py
[2026-03-17T11:02:32.030+0000] {processor.py:830} INFO - Processing file /opt/airflow/dags/ETL_pipeline.py for tasks to queue
[2026-03-17T11:02:32.033+0000] {logging_mixin.py:188} INFO - [2026-03-17T11:02:32.032+0000] {dagbag.py:538} INFO - Filling up the DagBag from /opt/airflow/dags/ETL_pipeline.py
[2026-03-17T11:02:32.139+0000] {processor.py:840} INFO - DAG(s) 'etl_pipeline_finale' retrieved from /opt/airflow/dags/ETL_pipeline.py
[2026-03-17T11:02:32.654+0000] {logging_mixin.py:188} INFO - [2026-03-17T11:02:32.653+0000] {dag.py:3036} INFO - Sync 1 DAGs
[2026-03-17T11:02:32.720+0000] {logging_mixin.py:188} INFO - [2026-03-17T11:02:32.719+0000] {dag.py:3823} INFO - Setting next_dagrun for etl_pipeline_finale to 2026-03-16 23:00:00+00:00, run_after=2026-03-17 23:00:00+00:00
[2026-03-17T11:02:32.802+0000] {processor.py:183} INFO - Processing /opt/airflow/dags/ETL_pipeline.py took 0.784 seconds
[2026-03-17T11:02:34.155+0000] {processor.py:161} INFO - Started process (PID=1352) to work on /opt/airflow/dags/ETL_pipeline.py
[2026-03-17T11:02:34.158+0000] {processor.py:830} INFO - Processing file /opt/airflow/dags/ETL_pipeline.py for tasks to queue
[2026-03-17T11:02:34.160+0000] {logging_mixin.py:188} INFO - [2026-03-17T11:02:34.160+0000] {dagbag.py:538} INFO - Filling up the DagBag from /opt/airflow/dags/ETL_pipeline.py
[2026-03-17T11:02:34.243+0000] {processor.py:840} INFO - DAG(s) 'etl_pipeline_finale' retrieved from /opt/airflow/dags/ETL_pipeline.py
[2026-03-17T11:02:34.277+0000] {logging_mixin.py:188} INFO - [2026-03-17T11:02:34.276+0000] {dag.py:3036} INFO - Sync 1 DAGs
[2026-03-17T11:02:34.333+0000] {logging_mixin.py:188} INFO - [2026-03-17T11:02:34.332+0000] {dag.py:3823} INFO - Setting next_dagrun for etl_pipeline_finale to 2026-03-16 23:00:00+00:00, run_after=2026-03-17 23:00:00+00:00
[2026-03-17T11:02:34.394+0000] {processor.py:183} INFO - Processing /opt/airflow/dags/ETL_pipeline.py took 0.245 seconds
[2026-03-17T11:02:35.189+0000] {processor.py:161} INFO - Started process (PID=1357) to work on /opt/airflow/dags/ETL_pipeline.py
[2026-03-17T11:02:35.192+0000] {processor.py:830} INFO - Processing file /opt/airflow/dags/ETL_pipeline.py for tasks to queue
[2026-03-17T11:02:35.194+0000] {logging_mixin.py:188} INFO - [2026-03-17T11:02:35.194+0000] {dagbag.py:538} INFO - Filling up the DagBag from /opt/airflow/dags/ETL_pipeline.py
[2026-03-17T11:02:35.289+0000] {processor.py:840} INFO - DAG(s) 'etl_pipeline_finale' retrieved from /opt/airflow/dags/ETL_pipeline.py
[2026-03-17T11:02:35.344+0000] {logging_mixin.py:188} INFO - [2026-03-17T11:02:35.343+0000] {dag.py:3036} INFO - Sync 1 DAGs
[2026-03-17T11:02:35.407+0000] {logging_mixin.py:188} INFO - [2026-03-17T11:02:35.407+0000] {dag.py:3823} INFO - Setting next_dagrun for etl_pipeline_finale to 2026-03-16 23:00:00+00:00, run_after=2026-03-17 23:00:00+00:00
[2026-03-17T11:02:35.505+0000] {processor.py:183} INFO - Processing /opt/airflow/dags/ETL_pipeline.py took 0.323 seconds
[2026-03-17T11:02:36.508+0000] {processor.py:161} INFO - Started process (PID=1362) to work on /opt/airflow/dags/ETL_pipeline.py
[2026-03-17T11:02:36.510+0000] {processor.py:830} INFO - Processing file /opt/airflow/dags/ETL_pipeline.py for tasks to queue
[2026-03-17T11:02:36.512+0000] {logging_mixin.py:188} INFO - [2026-03-17T11:02:36.512+0000] {dagbag.py:538} INFO - Filling up the DagBag from /opt/airflow/dags/ETL_pipeline.py
[2026-03-17T11:02:36.594+0000] {processor.py:840} INFO - DAG(s) 'etl_pipeline_finale' retrieved from /opt/airflow/dags/ETL_pipeline.py
[2026-03-17T11:02:36.629+0000] {logging_mixin.py:188} INFO - [2026-03-17T11:02:36.628+0000] {dag.py:3036} INFO - Sync 1 DAGs
[2026-03-17T11:02:36.679+0000] {logging_mixin.py:188} INFO - [2026-03-17T11:02:36.678+0000] {dag.py:3823} INFO - Setting next_dagrun for etl_pipeline_finale to 2026-03-16 23:00:00+00:00, run_after=2026-03-17 23:00:00+00:00
[2026-03-17T11:02:36.748+0000] {processor.py:183} INFO - Processing /opt/airflow/dags/ETL_pipeline.py took 0.247 seconds
[2026-03-17T11:02:36.836+0000] {processor.py:161} INFO - Started process (PID=1367) to work on /opt/airflow/dags/ETL_pipeline.py
[2026-03-17T11:02:36.838+0000] {processor.py:830} INFO - Processing file /opt/airflow/dags/ETL_pipeline.py for tasks to queue
[2026-03-17T11:02:36.840+0000] {logging_mixin.py:188} INFO - [2026-03-17T11:02:36.840+0000] {dagbag.py:538} INFO - Filling up the DagBag from /opt/airflow/dags/ETL_pipeline.py
[2026-03-17T11:02:36.888+0000] {processor.py:840} INFO - DAG(s) 'etl_pipeline_finale' retrieved from /opt/airflow/dags/ETL_pipeline.py
[2026-03-17T11:02:36.917+0000] {logging_mixin.py:188} INFO - [2026-03-17T11:02:36.917+0000] {dag.py:3036} INFO - Sync 1 DAGs
[2026-03-17T11:02:36.971+0000] {logging_mixin.py:188} INFO - [2026-03-17T11:02:36.970+0000] {dag.py:3823} INFO - Setting next_dagrun for etl_pipeline_finale to 2026-03-16 23:00:00+00:00, run_after=2026-03-17 23:00:00+00:00
[2026-03-17T11:02:37.083+0000] {processor.py:183} INFO - Processing /opt/airflow/dags/ETL_pipeline.py took 0.253 seconds
[2026-03-17T11:03:07.342+0000] {processor.py:161} INFO - Started process (PID=1446) to work on /opt/airflow/dags/ETL_pipeline.py
[2026-03-17T11:03:07.354+0000] {processor.py:830} INFO - Processing file /opt/airflow/dags/ETL_pipeline.py for tasks to queue
[2026-03-17T11:03:07.363+0000] {logging_mixin.py:188} INFO - [2026-03-17T11:03:07.361+0000] {dagbag.py:538} INFO - Filling up the DagBag from /opt/airflow/dags/ETL_pipeline.py
[2026-03-17T11:03:07.505+0000] {processor.py:840} INFO - DAG(s) 'etl_pipeline_finale' retrieved from /opt/airflow/dags/ETL_pipeline.py
[2026-03-17T11:03:07.647+0000] {logging_mixin.py:188} INFO - [2026-03-17T11:03:07.646+0000] {dag.py:3036} INFO - Sync 1 DAGs
[2026-03-17T11:03:07.778+0000] {logging_mixin.py:188} INFO - [2026-03-17T11:03:07.776+0000] {dag.py:3823} INFO - Setting next_dagrun for etl_pipeline_finale to 2026-03-16 23:00:00+00:00, run_after=2026-03-17 23:00:00+00:00
[2026-03-17T11:03:07.925+0000] {processor.py:183} INFO - Processing /opt/airflow/dags/ETL_pipeline.py took 0.611 seconds
[2026-03-17T11:03:38.781+0000] {processor.py:161} INFO - Started process (PID=1574) to work on /opt/airflow/dags/ETL_pipeline.py
[2026-03-17T11:03:38.796+0000] {processor.py:830} INFO - Processing file /opt/airflow/dags/ETL_pipeline.py for tasks to queue
[2026-03-17T11:03:38.819+0000] {logging_mixin.py:188} INFO - [2026-03-17T11:03:38.818+0000] {dagbag.py:538} INFO - Filling up the DagBag from /opt/airflow/dags/ETL_pipeline.py
[2026-03-17T11:03:39.136+0000] {processor.py:840} INFO - DAG(s) 'etl_pipeline_finale' retrieved from /opt/airflow/dags/ETL_pipeline.py
[2026-03-17T11:03:39.481+0000] {logging_mixin.py:188} INFO - [2026-03-17T11:03:39.480+0000] {dag.py:3036} INFO - Sync 1 DAGs
[2026-03-17T11:03:39.720+0000] {logging_mixin.py:188} INFO - [2026-03-17T11:03:39.719+0000] {dag.py:3823} INFO - Setting next_dagrun for etl_pipeline_finale to 2026-03-16 23:00:00+00:00, run_after=2026-03-17 23:00:00+00:00
[2026-03-17T11:03:40.083+0000] {processor.py:183} INFO - Processing /opt/airflow/dags/ETL_pipeline.py took 1.340 seconds
[2026-03-17T11:04:11.165+0000] {processor.py:161} INFO - Started process (PID=1728) to work on /opt/airflow/dags/ETL_pipeline.py
[2026-03-17T11:04:11.183+0000] {processor.py:830} INFO - Processing file /opt/airflow/dags/ETL_pipeline.py for tasks to queue
[2026-03-17T11:04:11.206+0000] {logging_mixin.py:188} INFO - [2026-03-17T11:04:11.197+0000] {dagbag.py:538} INFO - Filling up the DagBag from /opt/airflow/dags/ETL_pipeline.py
[2026-03-17T11:04:11.498+0000] {processor.py:840} INFO - DAG(s) 'etl_pipeline_finale' retrieved from /opt/airflow/dags/ETL_pipeline.py
[2026-03-17T11:04:12.891+0000] {logging_mixin.py:188} INFO - [2026-03-17T11:04:12.890+0000] {dag.py:3036} INFO - Sync 1 DAGs
[2026-03-17T11:04:13.074+0000] {logging_mixin.py:188} INFO - [2026-03-17T11:04:13.072+0000] {dag.py:3823} INFO - Setting next_dagrun for etl_pipeline_finale to 2026-03-16 23:00:00+00:00, run_after=2026-03-17 23:00:00+00:00
[2026-03-17T11:04:13.252+0000] {processor.py:183} INFO - Processing /opt/airflow/dags/ETL_pipeline.py took 2.152 seconds
[2026-03-17T11:04:43.748+0000] {processor.py:161} INFO - Started process (PID=1807) to work on /opt/airflow/dags/ETL_pipeline.py
[2026-03-17T11:04:43.753+0000] {processor.py:830} INFO - Processing file /opt/airflow/dags/ETL_pipeline.py for tasks to queue
[2026-03-17T11:04:43.757+0000] {logging_mixin.py:188} INFO - [2026-03-17T11:04:43.756+0000] {dagbag.py:538} INFO - Filling up the DagBag from /opt/airflow/dags/ETL_pipeline.py
[2026-03-17T11:04:43.873+0000] {processor.py:840} INFO - DAG(s) 'etl_pipeline_finale' retrieved from /opt/airflow/dags/ETL_pipeline.py
[2026-03-17T11:04:44.057+0000] {logging_mixin.py:188} INFO - [2026-03-17T11:04:44.056+0000] {dag.py:3036} INFO - Sync 1 DAGs
[2026-03-17T11:04:44.195+0000] {logging_mixin.py:188} INFO - [2026-03-17T11:04:44.194+0000] {dag.py:3823} INFO - Setting next_dagrun for etl_pipeline_finale to 2026-03-16 23:00:00+00:00, run_after=2026-03-17 23:00:00+00:00
[2026-03-17T11:04:44.367+0000] {processor.py:183} INFO - Processing /opt/airflow/dags/ETL_pipeline.py took 0.651 seconds
[2026-03-17T11:05:14.955+0000] {processor.py:161} INFO - Started process (PID=1812) to work on /opt/airflow/dags/ETL_pipeline.py
[2026-03-17T11:05:14.960+0000] {processor.py:830} INFO - Processing file /opt/airflow/dags/ETL_pipeline.py for tasks to queue
[2026-03-17T11:05:14.964+0000] {logging_mixin.py:188} INFO - [2026-03-17T11:05:14.963+0000] {dagbag.py:538} INFO - Filling up the DagBag from /opt/airflow/dags/ETL_pipeline.py
[2026-03-17T11:05:15.091+0000] {processor.py:840} INFO - DAG(s) 'etl_pipeline_finale' retrieved from /opt/airflow/dags/ETL_pipeline.py
[2026-03-17T11:05:15.334+0000] {logging_mixin.py:188} INFO - [2026-03-17T11:05:15.333+0000] {dag.py:3036} INFO - Sync 1 DAGs
[2026-03-17T11:05:15.515+0000] {logging_mixin.py:188} INFO - [2026-03-17T11:05:15.514+0000] {dag.py:3823} INFO - Setting next_dagrun for etl_pipeline_finale to 2026-03-16 23:00:00+00:00, run_after=2026-03-17 23:00:00+00:00
[2026-03-17T11:05:15.702+0000] {processor.py:183} INFO - Processing /opt/airflow/dags/ETL_pipeline.py took 0.765 seconds
[2026-03-17T11:05:46.233+0000] {processor.py:161} INFO - Started process (PID=1817) to work on /opt/airflow/dags/ETL_pipeline.py
[2026-03-17T11:05:46.246+0000] {processor.py:830} INFO - Processing file /opt/airflow/dags/ETL_pipeline.py for tasks to queue
[2026-03-17T11:05:46.256+0000] {logging_mixin.py:188} INFO - [2026-03-17T11:05:46.252+0000] {dagbag.py:538} INFO - Filling up the DagBag from /opt/airflow/dags/ETL_pipeline.py
[2026-03-17T11:05:46.484+0000] {processor.py:840} INFO - DAG(s) 'etl_pipeline_finale' retrieved from /opt/airflow/dags/ETL_pipeline.py
[2026-03-17T11:05:46.810+0000] {logging_mixin.py:188} INFO - [2026-03-17T11:05:46.809+0000] {dag.py:3036} INFO - Sync 1 DAGs
[2026-03-17T11:05:47.007+0000] {logging_mixin.py:188} INFO - [2026-03-17T11:05:47.006+0000] {dag.py:3823} INFO - Setting next_dagrun for etl_pipeline_finale to 2026-03-16 23:00:00+00:00, run_after=2026-03-17 23:00:00+00:00
[2026-03-17T11:05:47.150+0000] {processor.py:183} INFO - Processing /opt/airflow/dags/ETL_pipeline.py took 0.980 seconds
[2026-03-17T11:06:17.713+0000] {processor.py:161} INFO - Started process (PID=1836) to work on /opt/airflow/dags/ETL_pipeline.py
[2026-03-17T11:06:17.717+0000] {processor.py:830} INFO - Processing file /opt/airflow/dags/ETL_pipeline.py for tasks to queue
[2026-03-17T11:06:17.722+0000] {logging_mixin.py:188} INFO - [2026-03-17T11:06:17.720+0000] {dagbag.py:538} INFO - Filling up the DagBag from /opt/airflow/dags/ETL_pipeline.py
[2026-03-17T11:06:17.820+0000] {processor.py:840} INFO - DAG(s) 'etl_pipeline_finale' retrieved from /opt/airflow/dags/ETL_pipeline.py
[2026-03-17T11:06:17.939+0000] {logging_mixin.py:188} INFO - [2026-03-17T11:06:17.938+0000] {dag.py:3036} INFO - Sync 1 DAGs
[2026-03-17T11:06:18.051+0000] {logging_mixin.py:188} INFO - [2026-03-17T11:06:18.050+0000] {dag.py:3823} INFO - Setting next_dagrun for etl_pipeline_finale to 2026-03-16 23:00:00+00:00, run_after=2026-03-17 23:00:00+00:00
[2026-03-17T11:06:18.184+0000] {processor.py:183} INFO - Processing /opt/airflow/dags/ETL_pipeline.py took 0.488 seconds
[2026-03-17T11:06:48.797+0000] {processor.py:161} INFO - Started process (PID=1841) to work on /opt/airflow/dags/ETL_pipeline.py
[2026-03-17T11:06:48.804+0000] {processor.py:830} INFO - Processing file /opt/airflow/dags/ETL_pipeline.py for tasks to queue
[2026-03-17T11:06:48.813+0000] {logging_mixin.py:188} INFO - [2026-03-17T11:06:48.809+0000] {dagbag.py:538} INFO - Filling up the DagBag from /opt/airflow/dags/ETL_pipeline.py
[2026-03-17T11:06:48.978+0000] {processor.py:840} INFO - DAG(s) 'etl_pipeline_finale' retrieved from /opt/airflow/dags/ETL_pipeline.py
[2026-03-17T11:06:49.212+0000] {logging_mixin.py:188} INFO - [2026-03-17T11:06:49.211+0000] {dag.py:3036} INFO - Sync 1 DAGs
[2026-03-17T11:06:49.364+0000] {logging_mixin.py:188} INFO - [2026-03-17T11:06:49.364+0000] {dag.py:3823} INFO - Setting next_dagrun for etl_pipeline_finale to 2026-03-16 23:00:00+00:00, run_after=2026-03-17 23:00:00+00:00
[2026-03-17T11:06:49.454+0000] {processor.py:183} INFO - Processing /opt/airflow/dags/ETL_pipeline.py took 0.676 seconds
[2026-03-17T11:07:19.931+0000] {processor.py:161} INFO - Started process (PID=1846) to work on /opt/airflow/dags/ETL_pipeline.py
[2026-03-17T11:07:19.938+0000] {processor.py:830} INFO - Processing file /opt/airflow/dags/ETL_pipeline.py for tasks to queue
[2026-03-17T11:07:19.951+0000] {logging_mixin.py:188} INFO - [2026-03-17T11:07:19.944+0000] {dagbag.py:538} INFO - Filling up the DagBag from /opt/airflow/dags/ETL_pipeline.py
[2026-03-17T11:07:20.143+0000] {processor.py:840} INFO - DAG(s) 'etl_pipeline_finale' retrieved from /opt/airflow/dags/ETL_pipeline.py
[2026-03-17T11:07:20.358+0000] {logging_mixin.py:188} INFO - [2026-03-17T11:07:20.357+0000] {dag.py:3036} INFO - Sync 1 DAGs
[2026-03-17T11:07:20.598+0000] {logging_mixin.py:188} INFO - [2026-03-17T11:07:20.597+0000] {dag.py:3823} INFO - Setting next_dagrun for etl_pipeline_finale to 2026-03-16 23:00:00+00:00, run_after=2026-03-17 23:00:00+00:00
[2026-03-17T11:07:20.793+0000] {processor.py:183} INFO - Processing /opt/airflow/dags/ETL_pipeline.py took 0.899 seconds
[2026-03-17T11:07:51.526+0000] {processor.py:161} INFO - Started process (PID=1853) to work on /opt/airflow/dags/ETL_pipeline.py
[2026-03-17T11:07:51.530+0000] {processor.py:830} INFO - Processing file /opt/airflow/dags/ETL_pipeline.py for tasks to queue
[2026-03-17T11:07:51.534+0000] {logging_mixin.py:188} INFO - [2026-03-17T11:07:51.533+0000] {dagbag.py:538} INFO - Filling up the DagBag from /opt/airflow/dags/ETL_pipeline.py
[2026-03-17T11:07:51.602+0000] {processor.py:840} INFO - DAG(s) 'etl_pipeline_finale' retrieved from /opt/airflow/dags/ETL_pipeline.py
[2026-03-17T11:07:51.728+0000] {logging_mixin.py:188} INFO - [2026-03-17T11:07:51.727+0000] {dag.py:3036} INFO - Sync 1 DAGs
[2026-03-17T11:07:51.824+0000] {logging_mixin.py:188} INFO - [2026-03-17T11:07:51.823+0000] {dag.py:3823} INFO - Setting next_dagrun for etl_pipeline_finale to 2026-03-16 23:00:00+00:00, run_after=2026-03-17 23:00:00+00:00
[2026-03-17T11:07:51.940+0000] {processor.py:183} INFO - Processing /opt/airflow/dags/ETL_pipeline.py took 0.426 seconds
[2026-03-17T11:08:22.394+0000] {processor.py:161} INFO - Started process (PID=1858) to work on /opt/airflow/dags/ETL_pipeline.py
[2026-03-17T11:08:22.399+0000] {processor.py:830} INFO - Processing file /opt/airflow/dags/ETL_pipeline.py for tasks to queue
[2026-03-17T11:08:22.405+0000] {logging_mixin.py:188} INFO - [2026-03-17T11:08:22.402+0000] {dagbag.py:538} INFO - Filling up the DagBag from /opt/airflow/dags/ETL_pipeline.py
[2026-03-17T11:08:22.521+0000] {processor.py:840} INFO - DAG(s) 'etl_pipeline_finale' retrieved from /opt/airflow/dags/ETL_pipeline.py
[2026-03-17T11:08:22.675+0000] {logging_mixin.py:188} INFO - [2026-03-17T11:08:22.674+0000] {dag.py:3036} INFO - Sync 1 DAGs
[2026-03-17T11:08:22.788+0000] {logging_mixin.py:188} INFO - [2026-03-17T11:08:22.787+0000] {dag.py:3823} INFO - Setting next_dagrun for etl_pipeline_finale to 2026-03-16 23:00:00+00:00, run_after=2026-03-17 23:00:00+00:00
[2026-03-17T11:08:22.887+0000] {processor.py:183} INFO - Processing /opt/airflow/dags/ETL_pipeline.py took 0.505 seconds
[2026-03-17T11:08:53.210+0000] {processor.py:161} INFO - Started process (PID=1863) to work on /opt/airflow/dags/ETL_pipeline.py
[2026-03-17T11:08:53.212+0000] {processor.py:830} INFO - Processing file /opt/airflow/dags/ETL_pipeline.py for tasks to queue
[2026-03-17T11:08:53.214+0000] {logging_mixin.py:188} INFO - [2026-03-17T11:08:53.214+0000] {dagbag.py:538} INFO - Filling up the DagBag from /opt/airflow/dags/ETL_pipeline.py
[2026-03-17T11:08:53.269+0000] {processor.py:840} INFO - DAG(s) 'etl_pipeline_finale' retrieved from /opt/airflow/dags/ETL_pipeline.py
[2026-03-17T11:08:53.344+0000] {logging_mixin.py:188} INFO - [2026-03-17T11:08:53.343+0000] {dag.py:3036} INFO - Sync 1 DAGs
[2026-03-17T11:08:53.400+0000] {logging_mixin.py:188} INFO - [2026-03-17T11:08:53.399+0000] {dag.py:3823} INFO - Setting next_dagrun for etl_pipeline_finale to 2026-03-16 23:00:00+00:00, run_after=2026-03-17 23:00:00+00:00
[2026-03-17T11:08:53.459+0000] {processor.py:183} INFO - Processing /opt/airflow/dags/ETL_pipeline.py took 0.258 seconds
[2026-03-17T11:09:23.826+0000] {processor.py:161} INFO - Started process (PID=1868) to work on /opt/airflow/dags/ETL_pipeline.py
[2026-03-17T11:09:23.829+0000] {processor.py:830} INFO - Processing file /opt/airflow/dags/ETL_pipeline.py for tasks to queue
[2026-03-17T11:09:23.832+0000] {logging_mixin.py:188} INFO - [2026-03-17T11:09:23.831+0000] {dagbag.py:538} INFO - Filling up the DagBag from /opt/airflow/dags/ETL_pipeline.py
[2026-03-17T11:09:23.897+0000] {processor.py:840} INFO - DAG(s) 'etl_pipeline_finale' retrieved from /opt/airflow/dags/ETL_pipeline.py
[2026-03-17T11:09:23.984+0000] {logging_mixin.py:188} INFO - [2026-03-17T11:09:23.983+0000] {dag.py:3036} INFO - Sync 1 DAGs
[2026-03-17T11:09:24.044+0000] {logging_mixin.py:188} INFO - [2026-03-17T11:09:24.044+0000] {dag.py:3823} INFO - Setting next_dagrun for etl_pipeline_finale to 2026-03-16 23:00:00+00:00, run_after=2026-03-17 23:00:00+00:00
[2026-03-17T11:09:24.120+0000] {processor.py:183} INFO - Processing /opt/airflow/dags/ETL_pipeline.py took 0.304 seconds
[2026-03-17T11:09:54.501+0000] {processor.py:161} INFO - Started process (PID=1873) to work on /opt/airflow/dags/ETL_pipeline.py
[2026-03-17T11:09:54.504+0000] {processor.py:830} INFO - Processing file /opt/airflow/dags/ETL_pipeline.py for tasks to queue
[2026-03-17T11:09:54.508+0000] {logging_mixin.py:188} INFO - [2026-03-17T11:09:54.507+0000] {dagbag.py:538} INFO - Filling up the DagBag from /opt/airflow/dags/ETL_pipeline.py
[2026-03-17T11:09:54.571+0000] {processor.py:840} INFO - DAG(s) 'etl_pipeline_finale' retrieved from /opt/airflow/dags/ETL_pipeline.py
[2026-03-17T11:09:54.654+0000] {logging_mixin.py:188} INFO - [2026-03-17T11:09:54.654+0000] {dag.py:3036} INFO - Sync 1 DAGs
[2026-03-17T11:09:54.709+0000] {logging_mixin.py:188} INFO - [2026-03-17T11:09:54.708+0000] {dag.py:3823} INFO - Setting next_dagrun for etl_pipeline_finale to 2026-03-16 23:00:00+00:00, run_after=2026-03-17 23:00:00+00:00
[2026-03-17T11:09:54.802+0000] {processor.py:183} INFO - Processing /opt/airflow/dags/ETL_pipeline.py took 0.311 seconds
[2026-03-17T11:10:24.890+0000] {processor.py:161} INFO - Started process (PID=1878) to work on /opt/airflow/dags/ETL_pipeline.py
[2026-03-17T11:10:24.892+0000] {processor.py:830} INFO - Processing file /opt/airflow/dags/ETL_pipeline.py for tasks to queue
[2026-03-17T11:10:24.895+0000] {logging_mixin.py:188} INFO - [2026-03-17T11:10:24.894+0000] {dagbag.py:538} INFO - Filling up the DagBag from /opt/airflow/dags/ETL_pipeline.py
[2026-03-17T11:10:24.948+0000] {processor.py:840} INFO - DAG(s) 'etl_pipeline_finale' retrieved from /opt/airflow/dags/ETL_pipeline.py
[2026-03-17T11:10:25.011+0000] {logging_mixin.py:188} INFO - [2026-03-17T11:10:25.010+0000] {dag.py:3036} INFO - Sync 1 DAGs
[2026-03-17T11:10:25.062+0000] {logging_mixin.py:188} INFO - [2026-03-17T11:10:25.062+0000] {dag.py:3823} INFO - Setting next_dagrun for etl_pipeline_finale to 2026-03-16 23:00:00+00:00, run_after=2026-03-17 23:00:00+00:00
[2026-03-17T11:10:25.125+0000] {processor.py:183} INFO - Processing /opt/airflow/dags/ETL_pipeline.py took 0.242 seconds
[2026-03-17T11:10:55.308+0000] {processor.py:161} INFO - Started process (PID=1883) to work on /opt/airflow/dags/ETL_pipeline.py
[2026-03-17T11:10:55.313+0000] {processor.py:830} INFO - Processing file /opt/airflow/dags/ETL_pipeline.py for tasks to queue
[2026-03-17T11:10:55.317+0000] {logging_mixin.py:188} INFO - [2026-03-17T11:10:55.316+0000] {dagbag.py:538} INFO - Filling up the DagBag from /opt/airflow/dags/ETL_pipeline.py
[2026-03-17T11:10:55.418+0000] {processor.py:840} INFO - DAG(s) 'etl_pipeline_finale' retrieved from /opt/airflow/dags/ETL_pipeline.py
[2026-03-17T11:10:55.563+0000] {logging_mixin.py:188} INFO - [2026-03-17T11:10:55.562+0000] {dag.py:3036} INFO - Sync 1 DAGs
[2026-03-17T11:10:55.672+0000] {logging_mixin.py:188} INFO - [2026-03-17T11:10:55.672+0000] {dag.py:3823} INFO - Setting next_dagrun for etl_pipeline_finale to 2026-03-16 23:00:00+00:00, run_after=2026-03-17 23:00:00+00:00
[2026-03-17T11:10:55.753+0000] {processor.py:183} INFO - Processing /opt/airflow/dags/ETL_pipeline.py took 0.461 seconds
[2026-03-17T11:11:26.091+0000] {processor.py:161} INFO - Started process (PID=1888) to work on /opt/airflow/dags/ETL_pipeline.py
[2026-03-17T11:11:26.093+0000] {processor.py:830} INFO - Processing file /opt/airflow/dags/ETL_pipeline.py for tasks to queue
[2026-03-17T11:11:26.094+0000] {logging_mixin.py:188} INFO - [2026-03-17T11:11:26.094+0000] {dagbag.py:538} INFO - Filling up the DagBag from /opt/airflow/dags/ETL_pipeline.py
[2026-03-17T11:11:26.136+0000] {processor.py:840} INFO - DAG(s) 'etl_pipeline_finale' retrieved from /opt/airflow/dags/ETL_pipeline.py
[2026-03-17T11:11:26.175+0000] {logging_mixin.py:188} INFO - [2026-03-17T11:11:26.175+0000] {dag.py:3036} INFO - Sync 1 DAGs
[2026-03-17T11:11:26.205+0000] {logging_mixin.py:188} INFO - [2026-03-17T11:11:26.205+0000] {dag.py:3823} INFO - Setting next_dagrun for etl_pipeline_finale to 2026-03-16 23:00:00+00:00, run_after=2026-03-17 23:00:00+00:00
[2026-03-17T11:11:26.271+0000] {processor.py:183} INFO - Processing /opt/airflow/dags/ETL_pipeline.py took 0.184 seconds
[2026-03-17T11:11:56.371+0000] {processor.py:161} INFO - Started process (PID=1893) to work on /opt/airflow/dags/ETL_pipeline.py
[2026-03-17T11:11:56.373+0000] {processor.py:830} INFO - Processing file /opt/airflow/dags/ETL_pipeline.py for tasks to queue
[2026-03-17T11:11:56.374+0000] {logging_mixin.py:188} INFO - [2026-03-17T11:11:56.374+0000] {dagbag.py:538} INFO - Filling up the DagBag from /opt/airflow/dags/ETL_pipeline.py
[2026-03-17T11:11:56.416+0000] {processor.py:840} INFO - DAG(s) 'etl_pipeline_finale' retrieved from /opt/airflow/dags/ETL_pipeline.py
[2026-03-17T11:11:56.457+0000] {logging_mixin.py:188} INFO - [2026-03-17T11:11:56.457+0000] {dag.py:3036} INFO - Sync 1 DAGs
[2026-03-17T11:11:56.489+0000] {logging_mixin.py:188} INFO - [2026-03-17T11:11:56.489+0000] {dag.py:3823} INFO - Setting next_dagrun for etl_pipeline_finale to 2026-03-16 23:00:00+00:00, run_after=2026-03-17 23:00:00+00:00
[2026-03-17T11:11:56.540+0000] {processor.py:183} INFO - Processing /opt/airflow/dags/ETL_pipeline.py took 0.174 seconds
[2026-03-17T11:12:26.830+0000] {processor.py:161} INFO - Started process (PID=1898) to work on /opt/airflow/dags/ETL_pipeline.py
[2026-03-17T11:12:26.832+0000] {processor.py:830} INFO - Processing file /opt/airflow/dags/ETL_pipeline.py for tasks to queue
[2026-03-17T11:12:26.834+0000] {logging_mixin.py:188} INFO - [2026-03-17T11:12:26.833+0000] {dagbag.py:538} INFO - Filling up the DagBag from /opt/airflow/dags/ETL_pipeline.py
[2026-03-17T11:12:26.869+0000] {processor.py:840} INFO - DAG(s) 'etl_pipeline_finale' retrieved from /opt/airflow/dags/ETL_pipeline.py
[2026-03-17T11:12:26.917+0000] {logging_mixin.py:188} INFO - [2026-03-17T11:12:26.917+0000] {dag.py:3036} INFO - Sync 1 DAGs
[2026-03-17T11:12:26.962+0000] {logging_mixin.py:188} INFO - [2026-03-17T11:12:26.962+0000] {dag.py:3823} INFO - Setting next_dagrun for etl_pipeline_finale to 2026-03-16 23:00:00+00:00, run_after=2026-03-17 23:00:00+00:00
[2026-03-17T11:12:27.017+0000] {processor.py:183} INFO - Processing /opt/airflow/dags/ETL_pipeline.py took 0.191 seconds
[2026-03-17T11:12:57.129+0000] {processor.py:161} INFO - Started process (PID=1903) to work on /opt/airflow/dags/ETL_pipeline.py
[2026-03-17T11:12:57.131+0000] {processor.py:830} INFO - Processing file /opt/airflow/dags/ETL_pipeline.py for tasks to queue
[2026-03-17T11:12:57.132+0000] {logging_mixin.py:188} INFO - [2026-03-17T11:12:57.132+0000] {dagbag.py:538} INFO - Filling up the DagBag from /opt/airflow/dags/ETL_pipeline.py
[2026-03-17T11:12:57.171+0000] {processor.py:840} INFO - DAG(s) 'etl_pipeline_finale' retrieved from /opt/airflow/dags/ETL_pipeline.py
[2026-03-17T11:12:57.207+0000] {logging_mixin.py:188} INFO - [2026-03-17T11:12:57.206+0000] {dag.py:3036} INFO - Sync 1 DAGs
[2026-03-17T11:12:57.233+0000] {logging_mixin.py:188} INFO - [2026-03-17T11:12:57.233+0000] {dag.py:3823} INFO - Setting next_dagrun for etl_pipeline_finale to 2026-03-16 23:00:00+00:00, run_after=2026-03-17 23:00:00+00:00
[2026-03-17T11:12:57.277+0000] {processor.py:183} INFO - Processing /opt/airflow/dags/ETL_pipeline.py took 0.153 seconds
[2026-03-17T11:13:27.603+0000] {processor.py:161} INFO - Started process (PID=1908) to work on /opt/airflow/dags/ETL_pipeline.py
[2026-03-17T11:13:27.605+0000] {processor.py:830} INFO - Processing file /opt/airflow/dags/ETL_pipeline.py for tasks to queue
[2026-03-17T11:13:27.606+0000] {logging_mixin.py:188} INFO - [2026-03-17T11:13:27.606+0000] {dagbag.py:538} INFO - Filling up the DagBag from /opt/airflow/dags/ETL_pipeline.py
[2026-03-17T11:13:27.643+0000] {processor.py:840} INFO - DAG(s) 'etl_pipeline_finale' retrieved from /opt/airflow/dags/ETL_pipeline.py
[2026-03-17T11:13:27.681+0000] {logging_mixin.py:188} INFO - [2026-03-17T11:13:27.680+0000] {dag.py:3036} INFO - Sync 1 DAGs
[2026-03-17T11:13:27.711+0000] {logging_mixin.py:188} INFO - [2026-03-17T11:13:27.711+0000] {dag.py:3823} INFO - Setting next_dagrun for etl_pipeline_finale to 2026-03-16 23:00:00+00:00, run_after=2026-03-17 23:00:00+00:00
[2026-03-17T11:13:27.757+0000] {processor.py:183} INFO - Processing /opt/airflow/dags/ETL_pipeline.py took 0.157 seconds
[2026-03-17T11:13:57.968+0000] {processor.py:161} INFO - Started process (PID=1913) to work on /opt/airflow/dags/ETL_pipeline.py
[2026-03-17T11:13:57.969+0000] {processor.py:830} INFO - Processing file /opt/airflow/dags/ETL_pipeline.py for tasks to queue
[2026-03-17T11:13:57.971+0000] {logging_mixin.py:188} INFO - [2026-03-17T11:13:57.970+0000] {dagbag.py:538} INFO - Filling up the DagBag from /opt/airflow/dags/ETL_pipeline.py
[2026-03-17T11:13:58.011+0000] {processor.py:840} INFO - DAG(s) 'etl_pipeline_finale' retrieved from /opt/airflow/dags/ETL_pipeline.py
[2026-03-17T11:13:58.049+0000] {logging_mixin.py:188} INFO - [2026-03-17T11:13:58.048+0000] {dag.py:3036} INFO - Sync 1 DAGs
[2026-03-17T11:13:58.086+0000] {logging_mixin.py:188} INFO - [2026-03-17T11:13:58.086+0000] {dag.py:3823} INFO - Setting next_dagrun for etl_pipeline_finale to 2026-03-16 23:00:00+00:00, run_after=2026-03-17 23:00:00+00:00
[2026-03-17T11:13:58.140+0000] {processor.py:183} INFO - Processing /opt/airflow/dags/ETL_pipeline.py took 0.177 seconds
[2026-03-17T11:14:28.331+0000] {processor.py:161} INFO - Started process (PID=1918) to work on /opt/airflow/dags/ETL_pipeline.py
[2026-03-17T11:14:28.332+0000] {processor.py:830} INFO - Processing file /opt/airflow/dags/ETL_pipeline.py for tasks to queue
[2026-03-17T11:14:28.334+0000] {logging_mixin.py:188} INFO - [2026-03-17T11:14:28.333+0000] {dagbag.py:538} INFO - Filling up the DagBag from /opt/airflow/dags/ETL_pipeline.py
[2026-03-17T11:14:28.374+0000] {processor.py:840} INFO - DAG(s) 'etl_pipeline_finale' retrieved from /opt/airflow/dags/ETL_pipeline.py
[2026-03-17T11:14:28.411+0000] {logging_mixin.py:188} INFO - [2026-03-17T11:14:28.411+0000] {dag.py:3036} INFO - Sync 1 DAGs
[2026-03-17T11:14:28.455+0000] {logging_mixin.py:188} INFO - [2026-03-17T11:14:28.455+0000] {dag.py:3823} INFO - Setting next_dagrun for etl_pipeline_finale to 2026-03-16 23:00:00+00:00, run_after=2026-03-17 23:00:00+00:00
[2026-03-17T11:14:28.523+0000] {processor.py:183} INFO - Processing /opt/airflow/dags/ETL_pipeline.py took 0.196 seconds
[2026-03-17T11:14:58.765+0000] {processor.py:161} INFO - Started process (PID=1923) to work on /opt/airflow/dags/ETL_pipeline.py
[2026-03-17T11:14:58.766+0000] {processor.py:830} INFO - Processing file /opt/airflow/dags/ETL_pipeline.py for tasks to queue
[2026-03-17T11:14:58.768+0000] {logging_mixin.py:188} INFO - [2026-03-17T11:14:58.767+0000] {dagbag.py:538} INFO - Filling up the DagBag from /opt/airflow/dags/ETL_pipeline.py
[2026-03-17T11:14:58.807+0000] {processor.py:840} INFO - DAG(s) 'etl_pipeline_finale' retrieved from /opt/airflow/dags/ETL_pipeline.py
[2026-03-17T11:14:58.843+0000] {logging_mixin.py:188} INFO - [2026-03-17T11:14:58.842+0000] {dag.py:3036} INFO - Sync 1 DAGs
[2026-03-17T11:14:58.870+0000] {logging_mixin.py:188} INFO - [2026-03-17T11:14:58.870+0000] {dag.py:3823} INFO - Setting next_dagrun for etl_pipeline_finale to 2026-03-16 23:00:00+00:00, run_after=2026-03-17 23:00:00+00:00
[2026-03-17T11:14:58.915+0000] {processor.py:183} INFO - Processing /opt/airflow/dags/ETL_pipeline.py took 0.156 seconds
[2026-03-17T11:15:29.080+0000] {processor.py:161} INFO - Started process (PID=1928) to work on /opt/airflow/dags/ETL_pipeline.py
[2026-03-17T11:15:29.082+0000] {processor.py:830} INFO - Processing file /opt/airflow/dags/ETL_pipeline.py for tasks to queue
[2026-03-17T11:15:29.084+0000] {logging_mixin.py:188} INFO - [2026-03-17T11:15:29.083+0000] {dagbag.py:538} INFO - Filling up the DagBag from /opt/airflow/dags/ETL_pipeline.py
[2026-03-17T11:15:29.124+0000] {processor.py:840} INFO - DAG(s) 'etl_pipeline_finale' retrieved from /opt/airflow/dags/ETL_pipeline.py
[2026-03-17T11:15:29.167+0000] {logging_mixin.py:188} INFO - [2026-03-17T11:15:29.166+0000] {dag.py:3036} INFO - Sync 1 DAGs
[2026-03-17T11:15:29.193+0000] {logging_mixin.py:188} INFO - [2026-03-17T11:15:29.192+0000] {dag.py:3823} INFO - Setting next_dagrun for etl_pipeline_finale to 2026-03-16 23:00:00+00:00, run_after=2026-03-17 23:00:00+00:00
[2026-03-17T11:15:29.240+0000] {processor.py:183} INFO - Processing /opt/airflow/dags/ETL_pipeline.py took 0.164 seconds
[2026-03-17T11:15:59.494+0000] {processor.py:161} INFO - Started process (PID=1933) to work on /opt/airflow/dags/ETL_pipeline.py
[2026-03-17T11:15:59.495+0000] {processor.py:830} INFO - Processing file /opt/airflow/dags/ETL_pipeline.py for tasks to queue
[2026-03-17T11:15:59.497+0000] {logging_mixin.py:188} INFO - [2026-03-17T11:15:59.496+0000] {dagbag.py:538} INFO - Filling up the DagBag from /opt/airflow/dags/ETL_pipeline.py
[2026-03-17T11:15:59.534+0000] {processor.py:840} INFO - DAG(s) 'etl_pipeline_finale' retrieved from /opt/airflow/dags/ETL_pipeline.py
[2026-03-17T11:15:59.570+0000] {logging_mixin.py:188} INFO - [2026-03-17T11:15:59.570+0000] {dag.py:3036} INFO - Sync 1 DAGs
[2026-03-17T11:15:59.601+0000] {logging_mixin.py:188} INFO - [2026-03-17T11:15:59.601+0000] {dag.py:3823} INFO - Setting next_dagrun for etl_pipeline_finale to 2026-03-16 23:00:00+00:00, run_after=2026-03-17 23:00:00+00:00
[2026-03-17T11:15:59.652+0000] {processor.py:183} INFO - Processing /opt/airflow/dags/ETL_pipeline.py took 0.162 seconds
[2026-03-17T11:16:29.776+0000] {processor.py:161} INFO - Started process (PID=1938) to work on /opt/airflow/dags/ETL_pipeline.py
[2026-03-17T11:16:29.778+0000] {processor.py:830} INFO - Processing file /opt/airflow/dags/ETL_pipeline.py for tasks to queue
[2026-03-17T11:16:29.779+0000] {logging_mixin.py:188} INFO - [2026-03-17T11:16:29.779+0000] {dagbag.py:538} INFO - Filling up the DagBag from /opt/airflow/dags/ETL_pipeline.py
[2026-03-17T11:16:29.817+0000] {processor.py:840} INFO - DAG(s) 'etl_pipeline_finale' retrieved from /opt/airflow/dags/ETL_pipeline.py
[2026-03-17T11:16:29.854+0000] {logging_mixin.py:188} INFO - [2026-03-17T11:16:29.854+0000] {dag.py:3036} INFO - Sync 1 DAGs
[2026-03-17T11:16:29.881+0000] {logging_mixin.py:188} INFO - [2026-03-17T11:16:29.881+0000] {dag.py:3823} INFO - Setting next_dagrun for etl_pipeline_finale to 2026-03-16 23:00:00+00:00, run_after=2026-03-17 23:00:00+00:00
[2026-03-17T11:16:29.928+0000] {processor.py:183} INFO - Processing /opt/airflow/dags/ETL_pipeline.py took 0.156 seconds
[2026-03-17T11:17:00.212+0000] {processor.py:161} INFO - Started process (PID=1943) to work on /opt/airflow/dags/ETL_pipeline.py
[2026-03-17T11:17:00.214+0000] {processor.py:830} INFO - Processing file /opt/airflow/dags/ETL_pipeline.py for tasks to queue
[2026-03-17T11:17:00.217+0000] {logging_mixin.py:188} INFO - [2026-03-17T11:17:00.216+0000] {dagbag.py:538} INFO - Filling up the DagBag from /opt/airflow/dags/ETL_pipeline.py
[2026-03-17T11:17:00.285+0000] {processor.py:840} INFO - DAG(s) 'etl_pipeline_finale' retrieved from /opt/airflow/dags/ETL_pipeline.py
[2026-03-17T11:17:00.363+0000] {logging_mixin.py:188} INFO - [2026-03-17T11:17:00.363+0000] {dag.py:3036} INFO - Sync 1 DAGs
[2026-03-17T11:17:00.419+0000] {logging_mixin.py:188} INFO - [2026-03-17T11:17:00.418+0000] {dag.py:3823} INFO - Setting next_dagrun for etl_pipeline_finale to 2026-03-16 23:00:00+00:00, run_after=2026-03-17 23:00:00+00:00
[2026-03-17T11:17:00.473+0000] {processor.py:183} INFO - Processing /opt/airflow/dags/ETL_pipeline.py took 0.267 seconds
[2026-03-17T11:17:30.791+0000] {processor.py:161} INFO - Started process (PID=1948) to work on /opt/airflow/dags/ETL_pipeline.py
[2026-03-17T11:17:30.793+0000] {processor.py:830} INFO - Processing file /opt/airflow/dags/ETL_pipeline.py for tasks to queue
[2026-03-17T11:17:30.795+0000] {logging_mixin.py:188} INFO - [2026-03-17T11:17:30.794+0000] {dagbag.py:538} INFO - Filling up the DagBag from /opt/airflow/dags/ETL_pipeline.py
[2026-03-17T11:17:30.845+0000] {processor.py:840} INFO - DAG(s) 'etl_pipeline_finale' retrieved from /opt/airflow/dags/ETL_pipeline.py
[2026-03-17T11:17:30.899+0000] {logging_mixin.py:188} INFO - [2026-03-17T11:17:30.898+0000] {dag.py:3036} INFO - Sync 1 DAGs
[2026-03-17T11:17:30.939+0000] {logging_mixin.py:188} INFO - [2026-03-17T11:17:30.938+0000] {dag.py:3823} INFO - Setting next_dagrun for etl_pipeline_finale to 2026-03-16 23:00:00+00:00, run_after=2026-03-17 23:00:00+00:00
[2026-03-17T11:17:30.991+0000] {processor.py:183} INFO - Processing /opt/airflow/dags/ETL_pipeline.py took 0.206 seconds
[2026-03-17T11:18:01.326+0000] {processor.py:161} INFO - Started process (PID=1953) to work on /opt/airflow/dags/ETL_pipeline.py
[2026-03-17T11:18:01.328+0000] {processor.py:830} INFO - Processing file /opt/airflow/dags/ETL_pipeline.py for tasks to queue
[2026-03-17T11:18:01.330+0000] {logging_mixin.py:188} INFO - [2026-03-17T11:18:01.329+0000] {dagbag.py:538} INFO - Filling up the DagBag from /opt/airflow/dags/ETL_pipeline.py
[2026-03-17T11:18:01.371+0000] {processor.py:840} INFO - DAG(s) 'etl_pipeline_finale' retrieved from /opt/airflow/dags/ETL_pipeline.py
[2026-03-17T11:18:01.408+0000] {logging_mixin.py:188} INFO - [2026-03-17T11:18:01.407+0000] {dag.py:3036} INFO - Sync 1 DAGs
[2026-03-17T11:18:01.438+0000] {logging_mixin.py:188} INFO - [2026-03-17T11:18:01.437+0000] {dag.py:3823} INFO - Setting next_dagrun for etl_pipeline_finale to 2026-03-16 23:00:00+00:00, run_after=2026-03-17 23:00:00+00:00
[2026-03-17T11:18:01.485+0000] {processor.py:183} INFO - Processing /opt/airflow/dags/ETL_pipeline.py took 0.163 seconds
[2026-03-17T11:18:31.588+0000] {processor.py:161} INFO - Started process (PID=1958) to work on /opt/airflow/dags/ETL_pipeline.py
[2026-03-17T11:18:31.590+0000] {processor.py:830} INFO - Processing file /opt/airflow/dags/ETL_pipeline.py for tasks to queue
[2026-03-17T11:18:31.591+0000] {logging_mixin.py:188} INFO - [2026-03-17T11:18:31.591+0000] {dagbag.py:538} INFO - Filling up the DagBag from /opt/airflow/dags/ETL_pipeline.py
[2026-03-17T11:18:31.632+0000] {processor.py:840} INFO - DAG(s) 'etl_pipeline_finale' retrieved from /opt/airflow/dags/ETL_pipeline.py
[2026-03-17T11:18:31.670+0000] {logging_mixin.py:188} INFO - [2026-03-17T11:18:31.670+0000] {dag.py:3036} INFO - Sync 1 DAGs
[2026-03-17T11:18:31.705+0000] {logging_mixin.py:188} INFO - [2026-03-17T11:18:31.705+0000] {dag.py:3823} INFO - Setting next_dagrun for etl_pipeline_finale to 2026-03-16 23:00:00+00:00, run_after=2026-03-17 23:00:00+00:00
[2026-03-17T11:18:31.755+0000] {processor.py:183} INFO - Processing /opt/airflow/dags/ETL_pipeline.py took 0.171 seconds
[2026-03-17T11:19:02.180+0000] {processor.py:161} INFO - Started process (PID=1963) to work on /opt/airflow/dags/ETL_pipeline.py
[2026-03-17T11:19:02.181+0000] {processor.py:830} INFO - Processing file /opt/airflow/dags/ETL_pipeline.py for tasks to queue
[2026-03-17T11:19:02.183+0000] {logging_mixin.py:188} INFO - [2026-03-17T11:19:02.183+0000] {dagbag.py:538} INFO - Filling up the DagBag from /opt/airflow/dags/ETL_pipeline.py
[2026-03-17T11:19:02.227+0000] {processor.py:840} INFO - DAG(s) 'etl_pipeline_finale' retrieved from /opt/airflow/dags/ETL_pipeline.py
[2026-03-17T11:19:02.276+0000] {logging_mixin.py:188} INFO - [2026-03-17T11:19:02.275+0000] {dag.py:3036} INFO - Sync 1 DAGs
[2026-03-17T11:19:02.311+0000] {logging_mixin.py:188} INFO - [2026-03-17T11:19:02.311+0000] {dag.py:3823} INFO - Setting next_dagrun for etl_pipeline_finale to 2026-03-16 23:00:00+00:00, run_after=2026-03-17 23:00:00+00:00
[2026-03-17T11:19:02.361+0000] {processor.py:183} INFO - Processing /opt/airflow/dags/ETL_pipeline.py took 0.186 seconds
[2026-03-17T11:19:32.470+0000] {processor.py:161} INFO - Started process (PID=1968) to work on /opt/airflow/dags/ETL_pipeline.py
[2026-03-17T11:19:32.472+0000] {processor.py:830} INFO - Processing file /opt/airflow/dags/ETL_pipeline.py for tasks to queue
[2026-03-17T11:19:32.473+0000] {logging_mixin.py:188} INFO - [2026-03-17T11:19:32.473+0000] {dagbag.py:538} INFO - Filling up the DagBag from /opt/airflow/dags/ETL_pipeline.py
[2026-03-17T11:19:32.519+0000] {processor.py:840} INFO - DAG(s) 'etl_pipeline_finale' retrieved from /opt/airflow/dags/ETL_pipeline.py
[2026-03-17T11:19:32.589+0000] {logging_mixin.py:188} INFO - [2026-03-17T11:19:32.588+0000] {dag.py:3036} INFO - Sync 1 DAGs
[2026-03-17T11:19:32.644+0000] {logging_mixin.py:188} INFO - [2026-03-17T11:19:32.643+0000] {dag.py:3823} INFO - Setting next_dagrun for etl_pipeline_finale to 2026-03-16 23:00:00+00:00, run_after=2026-03-17 23:00:00+00:00
[2026-03-17T11:19:32.704+0000] {processor.py:183} INFO - Processing /opt/airflow/dags/ETL_pipeline.py took 0.238 seconds
[2026-03-17T11:20:02.984+0000] {processor.py:161} INFO - Started process (PID=1973) to work on /opt/airflow/dags/ETL_pipeline.py
[2026-03-17T11:20:02.985+0000] {processor.py:830} INFO - Processing file /opt/airflow/dags/ETL_pipeline.py for tasks to queue
[2026-03-17T11:20:02.987+0000] {logging_mixin.py:188} INFO - [2026-03-17T11:20:02.986+0000] {dagbag.py:538} INFO - Filling up the DagBag from /opt/airflow/dags/ETL_pipeline.py
[2026-03-17T11:20:03.029+0000] {processor.py:840} INFO - DAG(s) 'etl_pipeline_finale' retrieved from /opt/airflow/dags/ETL_pipeline.py
[2026-03-17T11:20:03.073+0000] {logging_mixin.py:188} INFO - [2026-03-17T11:20:03.073+0000] {dag.py:3036} INFO - Sync 1 DAGs
[2026-03-17T11:20:03.104+0000] {logging_mixin.py:188} INFO - [2026-03-17T11:20:03.104+0000] {dag.py:3823} INFO - Setting next_dagrun for etl_pipeline_finale to 2026-03-16 23:00:00+00:00, run_after=2026-03-17 23:00:00+00:00
[2026-03-17T11:20:03.157+0000] {processor.py:183} INFO - Processing /opt/airflow/dags/ETL_pipeline.py took 0.176 seconds
[2026-03-17T11:20:33.248+0000] {processor.py:161} INFO - Started process (PID=1978) to work on /opt/airflow/dags/ETL_pipeline.py
[2026-03-17T11:20:33.250+0000] {processor.py:830} INFO - Processing file /opt/airflow/dags/ETL_pipeline.py for tasks to queue
[2026-03-17T11:20:33.251+0000] {logging_mixin.py:188} INFO - [2026-03-17T11:20:33.251+0000] {dagbag.py:538} INFO - Filling up the DagBag from /opt/airflow/dags/ETL_pipeline.py
[2026-03-17T11:20:33.291+0000] {processor.py:840} INFO - DAG(s) 'etl_pipeline_finale' retrieved from /opt/airflow/dags/ETL_pipeline.py
[2026-03-17T11:20:33.339+0000] {logging_mixin.py:188} INFO - [2026-03-17T11:20:33.339+0000] {dag.py:3036} INFO - Sync 1 DAGs
[2026-03-17T11:20:33.371+0000] {logging_mixin.py:188} INFO - [2026-03-17T11:20:33.371+0000] {dag.py:3823} INFO - Setting next_dagrun for etl_pipeline_finale to 2026-03-16 23:00:00+00:00, run_after=2026-03-17 23:00:00+00:00
[2026-03-17T11:20:33.418+0000] {processor.py:183} INFO - Processing /opt/airflow/dags/ETL_pipeline.py took 0.176 seconds
[2026-03-17T11:21:03.680+0000] {processor.py:161} INFO - Started process (PID=1983) to work on /opt/airflow/dags/ETL_pipeline.py
[2026-03-17T11:21:03.681+0000] {processor.py:830} INFO - Processing file /opt/airflow/dags/ETL_pipeline.py for tasks to queue
[2026-03-17T11:21:03.683+0000] {logging_mixin.py:188} INFO - [2026-03-17T11:21:03.683+0000] {dagbag.py:538} INFO - Filling up the DagBag from /opt/airflow/dags/ETL_pipeline.py
[2026-03-17T11:21:03.723+0000] {processor.py:840} INFO - DAG(s) 'etl_pipeline_finale' retrieved from /opt/airflow/dags/ETL_pipeline.py
[2026-03-17T11:21:03.764+0000] {logging_mixin.py:188} INFO - [2026-03-17T11:21:03.764+0000] {dag.py:3036} INFO - Sync 1 DAGs
[2026-03-17T11:21:03.796+0000] {logging_mixin.py:188} INFO - [2026-03-17T11:21:03.795+0000] {dag.py:3823} INFO - Setting next_dagrun for etl_pipeline_finale to 2026-03-16 23:00:00+00:00, run_after=2026-03-17 23:00:00+00:00
[2026-03-17T11:21:03.858+0000] {processor.py:183} INFO - Processing /opt/airflow/dags/ETL_pipeline.py took 0.183 seconds
[2026-03-17T11:21:33.964+0000] {processor.py:161} INFO - Started process (PID=1988) to work on /opt/airflow/dags/ETL_pipeline.py
[2026-03-17T11:21:33.966+0000] {processor.py:830} INFO - Processing file /opt/airflow/dags/ETL_pipeline.py for tasks to queue
[2026-03-17T11:21:33.968+0000] {logging_mixin.py:188} INFO - [2026-03-17T11:21:33.967+0000] {dagbag.py:538} INFO - Filling up the DagBag from /opt/airflow/dags/ETL_pipeline.py
[2026-03-17T11:21:34.011+0000] {processor.py:840} INFO - DAG(s) 'etl_pipeline_finale' retrieved from /opt/airflow/dags/ETL_pipeline.py
[2026-03-17T11:21:34.052+0000] {logging_mixin.py:188} INFO - [2026-03-17T11:21:34.051+0000] {dag.py:3036} INFO - Sync 1 DAGs
[2026-03-17T11:21:34.080+0000] {logging_mixin.py:188} INFO - [2026-03-17T11:21:34.080+0000] {dag.py:3823} INFO - Setting next_dagrun for etl_pipeline_finale to 2026-03-16 23:00:00+00:00, run_after=2026-03-17 23:00:00+00:00
[2026-03-17T11:21:34.127+0000] {processor.py:183} INFO - Processing /opt/airflow/dags/ETL_pipeline.py took 0.168 seconds
[2026-03-17T11:22:04.396+0000] {processor.py:161} INFO - Started process (PID=1993) to work on /opt/airflow/dags/ETL_pipeline.py
[2026-03-17T11:22:04.398+0000] {processor.py:830} INFO - Processing file /opt/airflow/dags/ETL_pipeline.py for tasks to queue
[2026-03-17T11:22:04.399+0000] {logging_mixin.py:188} INFO - [2026-03-17T11:22:04.399+0000] {dagbag.py:538} INFO - Filling up the DagBag from /opt/airflow/dags/ETL_pipeline.py
[2026-03-17T11:22:04.438+0000] {processor.py:840} INFO - DAG(s) 'etl_pipeline_finale' retrieved from /opt/airflow/dags/ETL_pipeline.py
[2026-03-17T11:22:04.478+0000] {logging_mixin.py:188} INFO - [2026-03-17T11:22:04.478+0000] {dag.py:3036} INFO - Sync 1 DAGs
[2026-03-17T11:22:04.510+0000] {logging_mixin.py:188} INFO - [2026-03-17T11:22:04.510+0000] {dag.py:3823} INFO - Setting next_dagrun for etl_pipeline_finale to 2026-03-16 23:00:00+00:00, run_after=2026-03-17 23:00:00+00:00
[2026-03-17T11:22:04.562+0000] {processor.py:183} INFO - Processing /opt/airflow/dags/ETL_pipeline.py took 0.170 seconds
[2026-03-17T11:22:34.664+0000] {processor.py:161} INFO - Started process (PID=1998) to work on /opt/airflow/dags/ETL_pipeline.py
[2026-03-17T11:22:34.665+0000] {processor.py:830} INFO - Processing file /opt/airflow/dags/ETL_pipeline.py for tasks to queue
[2026-03-17T11:22:34.667+0000] {logging_mixin.py:188} INFO - [2026-03-17T11:22:34.666+0000] {dagbag.py:538} INFO - Filling up the DagBag from /opt/airflow/dags/ETL_pipeline.py
[2026-03-17T11:22:34.701+0000] {processor.py:840} INFO - DAG(s) 'etl_pipeline_finale' retrieved from /opt/airflow/dags/ETL_pipeline.py
[2026-03-17T11:22:34.740+0000] {logging_mixin.py:188} INFO - [2026-03-17T11:22:34.739+0000] {dag.py:3036} INFO - Sync 1 DAGs
[2026-03-17T11:22:34.769+0000] {logging_mixin.py:188} INFO - [2026-03-17T11:22:34.768+0000] {dag.py:3823} INFO - Setting next_dagrun for etl_pipeline_finale to 2026-03-16 23:00:00+00:00, run_after=2026-03-17 23:00:00+00:00
[2026-03-17T11:22:34.816+0000] {processor.py:183} INFO - Processing /opt/airflow/dags/ETL_pipeline.py took 0.158 seconds
[2026-03-17T11:23:05.119+0000] {processor.py:161} INFO - Started process (PID=2003) to work on /opt/airflow/dags/ETL_pipeline.py
[2026-03-17T11:23:05.121+0000] {processor.py:830} INFO - Processing file /opt/airflow/dags/ETL_pipeline.py for tasks to queue
[2026-03-17T11:23:05.123+0000] {logging_mixin.py:188} INFO - [2026-03-17T11:23:05.122+0000] {dagbag.py:538} INFO - Filling up the DagBag from /opt/airflow/dags/ETL_pipeline.py
[2026-03-17T11:23:05.167+0000] {processor.py:840} INFO - DAG(s) 'etl_pipeline_finale' retrieved from /opt/airflow/dags/ETL_pipeline.py
[2026-03-17T11:23:05.204+0000] {logging_mixin.py:188} INFO - [2026-03-17T11:23:05.203+0000] {dag.py:3036} INFO - Sync 1 DAGs
[2026-03-17T11:23:05.234+0000] {logging_mixin.py:188} INFO - [2026-03-17T11:23:05.233+0000] {dag.py:3823} INFO - Setting next_dagrun for etl_pipeline_finale to 2026-03-16 23:00:00+00:00, run_after=2026-03-17 23:00:00+00:00
[2026-03-17T11:23:05.281+0000] {processor.py:183} INFO - Processing /opt/airflow/dags/ETL_pipeline.py took 0.165 seconds
[2026-03-17T11:23:35.371+0000] {processor.py:161} INFO - Started process (PID=2008) to work on /opt/airflow/dags/ETL_pipeline.py
[2026-03-17T11:23:35.373+0000] {processor.py:830} INFO - Processing file /opt/airflow/dags/ETL_pipeline.py for tasks to queue
[2026-03-17T11:23:35.374+0000] {logging_mixin.py:188} INFO - [2026-03-17T11:23:35.374+0000] {dagbag.py:538} INFO - Filling up the DagBag from /opt/airflow/dags/ETL_pipeline.py
[2026-03-17T11:23:35.419+0000] {processor.py:840} INFO - DAG(s) 'etl_pipeline_finale' retrieved from /opt/airflow/dags/ETL_pipeline.py
[2026-03-17T11:23:35.470+0000] {logging_mixin.py:188} INFO - [2026-03-17T11:23:35.469+0000] {dag.py:3036} INFO - Sync 1 DAGs
[2026-03-17T11:23:35.515+0000] {logging_mixin.py:188} INFO - [2026-03-17T11:23:35.515+0000] {dag.py:3823} INFO - Setting next_dagrun for etl_pipeline_finale to 2026-03-16 23:00:00+00:00, run_after=2026-03-17 23:00:00+00:00
[2026-03-17T11:23:35.579+0000] {processor.py:183} INFO - Processing /opt/airflow/dags/ETL_pipeline.py took 0.212 seconds
[2026-03-17T11:24:05.859+0000] {processor.py:161} INFO - Started process (PID=2013) to work on /opt/airflow/dags/ETL_pipeline.py
[2026-03-17T11:24:05.860+0000] {processor.py:830} INFO - Processing file /opt/airflow/dags/ETL_pipeline.py for tasks to queue
[2026-03-17T11:24:05.862+0000] {logging_mixin.py:188} INFO - [2026-03-17T11:24:05.861+0000] {dagbag.py:538} INFO - Filling up the DagBag from /opt/airflow/dags/ETL_pipeline.py
[2026-03-17T11:24:05.900+0000] {processor.py:840} INFO - DAG(s) 'etl_pipeline_finale' retrieved from /opt/airflow/dags/ETL_pipeline.py
[2026-03-17T11:24:05.967+0000] {logging_mixin.py:188} INFO - [2026-03-17T11:24:05.966+0000] {dag.py:3036} INFO - Sync 1 DAGs
[2026-03-17T11:24:06.083+0000] {logging_mixin.py:188} INFO - [2026-03-17T11:24:06.082+0000] {dag.py:3823} INFO - Setting next_dagrun for etl_pipeline_finale to 2026-03-16 23:00:00+00:00, run_after=2026-03-17 23:00:00+00:00
[2026-03-17T11:24:06.168+0000] {processor.py:183} INFO - Processing /opt/airflow/dags/ETL_pipeline.py took 0.314 seconds
[2026-03-17T11:24:36.481+0000] {processor.py:161} INFO - Started process (PID=2018) to work on /opt/airflow/dags/ETL_pipeline.py
[2026-03-17T11:24:36.483+0000] {processor.py:830} INFO - Processing file /opt/airflow/dags/ETL_pipeline.py for tasks to queue
[2026-03-17T11:24:36.485+0000] {logging_mixin.py:188} INFO - [2026-03-17T11:24:36.484+0000] {dagbag.py:538} INFO - Filling up the DagBag from /opt/airflow/dags/ETL_pipeline.py
[2026-03-17T11:24:36.537+0000] {processor.py:840} INFO - DAG(s) 'etl_pipeline_finale' retrieved from /opt/airflow/dags/ETL_pipeline.py
[2026-03-17T11:24:36.601+0000] {logging_mixin.py:188} INFO - [2026-03-17T11:24:36.600+0000] {dag.py:3036} INFO - Sync 1 DAGs
[2026-03-17T11:24:36.646+0000] {logging_mixin.py:188} INFO - [2026-03-17T11:24:36.645+0000] {dag.py:3823} INFO - Setting next_dagrun for etl_pipeline_finale to 2026-03-16 23:00:00+00:00, run_after=2026-03-17 23:00:00+00:00
[2026-03-17T11:24:36.700+0000] {processor.py:183} INFO - Processing /opt/airflow/dags/ETL_pipeline.py took 0.225 seconds
[2026-03-17T11:25:07.011+0000] {processor.py:161} INFO - Started process (PID=2023) to work on /opt/airflow/dags/ETL_pipeline.py
[2026-03-17T11:25:07.013+0000] {processor.py:830} INFO - Processing file /opt/airflow/dags/ETL_pipeline.py for tasks to queue
[2026-03-17T11:25:07.015+0000] {logging_mixin.py:188} INFO - [2026-03-17T11:25:07.014+0000] {dagbag.py:538} INFO - Filling up the DagBag from /opt/airflow/dags/ETL_pipeline.py
[2026-03-17T11:25:07.057+0000] {processor.py:840} INFO - DAG(s) 'etl_pipeline_finale' retrieved from /opt/airflow/dags/ETL_pipeline.py
[2026-03-17T11:25:07.098+0000] {logging_mixin.py:188} INFO - [2026-03-17T11:25:07.098+0000] {dag.py:3036} INFO - Sync 1 DAGs
[2026-03-17T11:25:07.128+0000] {logging_mixin.py:188} INFO - [2026-03-17T11:25:07.128+0000] {dag.py:3823} INFO - Setting next_dagrun for etl_pipeline_finale to 2026-03-16 23:00:00+00:00, run_after=2026-03-17 23:00:00+00:00
[2026-03-17T11:25:07.175+0000] {processor.py:183} INFO - Processing /opt/airflow/dags/ETL_pipeline.py took 0.168 seconds
[2026-03-17T11:25:37.269+0000] {processor.py:161} INFO - Started process (PID=2028) to work on /opt/airflow/dags/ETL_pipeline.py
[2026-03-17T11:25:37.271+0000] {processor.py:830} INFO - Processing file /opt/airflow/dags/ETL_pipeline.py for tasks to queue
[2026-03-17T11:25:37.273+0000] {logging_mixin.py:188} INFO - [2026-03-17T11:25:37.272+0000] {dagbag.py:538} INFO - Filling up the DagBag from /opt/airflow/dags/ETL_pipeline.py
[2026-03-17T11:25:37.317+0000] {processor.py:840} INFO - DAG(s) 'etl_pipeline_finale' retrieved from /opt/airflow/dags/ETL_pipeline.py
[2026-03-17T11:25:37.359+0000] {logging_mixin.py:188} INFO - [2026-03-17T11:25:37.358+0000] {dag.py:3036} INFO - Sync 1 DAGs
[2026-03-17T11:25:37.388+0000] {logging_mixin.py:188} INFO - [2026-03-17T11:25:37.388+0000] {dag.py:3823} INFO - Setting next_dagrun for etl_pipeline_finale to 2026-03-16 23:00:00+00:00, run_after=2026-03-17 23:00:00+00:00
[2026-03-17T11:25:37.436+0000] {processor.py:183} INFO - Processing /opt/airflow/dags/ETL_pipeline.py took 0.171 seconds
[2026-03-17T11:26:07.787+0000] {processor.py:161} INFO - Started process (PID=2033) to work on /opt/airflow/dags/ETL_pipeline.py
[2026-03-17T11:26:07.788+0000] {processor.py:830} INFO - Processing file /opt/airflow/dags/ETL_pipeline.py for tasks to queue
[2026-03-17T11:26:07.790+0000] {logging_mixin.py:188} INFO - [2026-03-17T11:26:07.789+0000] {dagbag.py:538} INFO - Filling up the DagBag from /opt/airflow/dags/ETL_pipeline.py
[2026-03-17T11:26:07.829+0000] {processor.py:840} INFO - DAG(s) 'etl_pipeline_finale' retrieved from /opt/airflow/dags/ETL_pipeline.py
[2026-03-17T11:26:07.864+0000] {logging_mixin.py:188} INFO - [2026-03-17T11:26:07.864+0000] {dag.py:3036} INFO - Sync 1 DAGs
[2026-03-17T11:26:07.893+0000] {logging_mixin.py:188} INFO - [2026-03-17T11:26:07.893+0000] {dag.py:3823} INFO - Setting next_dagrun for etl_pipeline_finale to 2026-03-16 23:00:00+00:00, run_after=2026-03-17 23:00:00+00:00
[2026-03-17T11:26:07.943+0000] {processor.py:183} INFO - Processing /opt/airflow/dags/ETL_pipeline.py took 0.160 seconds
[2026-03-17T11:26:38.134+0000] {processor.py:161} INFO - Started process (PID=2038) to work on /opt/airflow/dags/ETL_pipeline.py
[2026-03-17T11:26:38.136+0000] {processor.py:830} INFO - Processing file /opt/airflow/dags/ETL_pipeline.py for tasks to queue
[2026-03-17T11:26:38.137+0000] {logging_mixin.py:188} INFO - [2026-03-17T11:26:38.137+0000] {dagbag.py:538} INFO - Filling up the DagBag from /opt/airflow/dags/ETL_pipeline.py
[2026-03-17T11:26:38.184+0000] {processor.py:840} INFO - DAG(s) 'etl_pipeline_finale' retrieved from /opt/airflow/dags/ETL_pipeline.py
[2026-03-17T11:26:38.227+0000] {logging_mixin.py:188} INFO - [2026-03-17T11:26:38.227+0000] {dag.py:3036} INFO - Sync 1 DAGs
[2026-03-17T11:26:38.259+0000] {logging_mixin.py:188} INFO - [2026-03-17T11:26:38.258+0000] {dag.py:3823} INFO - Setting next_dagrun for etl_pipeline_finale to 2026-03-16 23:00:00+00:00, run_after=2026-03-17 23:00:00+00:00
[2026-03-17T11:26:38.312+0000] {processor.py:183} INFO - Processing /opt/airflow/dags/ETL_pipeline.py took 0.183 seconds
[2026-03-17T11:27:08.518+0000] {processor.py:161} INFO - Started process (PID=2043) to work on /opt/airflow/dags/ETL_pipeline.py
[2026-03-17T11:27:08.520+0000] {processor.py:830} INFO - Processing file /opt/airflow/dags/ETL_pipeline.py for tasks to queue
[2026-03-17T11:27:08.522+0000] {logging_mixin.py:188} INFO - [2026-03-17T11:27:08.521+0000] {dagbag.py:538} INFO - Filling up the DagBag from /opt/airflow/dags/ETL_pipeline.py
[2026-03-17T11:27:08.604+0000] {processor.py:840} INFO - DAG(s) 'etl_pipeline_finale' retrieved from /opt/airflow/dags/ETL_pipeline.py
[2026-03-17T11:27:08.733+0000] {logging_mixin.py:188} INFO - [2026-03-17T11:27:08.733+0000] {dag.py:3036} INFO - Sync 1 DAGs
[2026-03-17T11:27:08.840+0000] {logging_mixin.py:188} INFO - [2026-03-17T11:27:08.839+0000] {dag.py:3823} INFO - Setting next_dagrun for etl_pipeline_finale to 2026-03-16 23:00:00+00:00, run_after=2026-03-17 23:00:00+00:00
[2026-03-17T11:27:08.923+0000] {processor.py:183} INFO - Processing /opt/airflow/dags/ETL_pipeline.py took 0.412 seconds
[2026-03-17T11:27:39.258+0000] {processor.py:161} INFO - Started process (PID=2048) to work on /opt/airflow/dags/ETL_pipeline.py
[2026-03-17T11:27:39.259+0000] {processor.py:830} INFO - Processing file /opt/airflow/dags/ETL_pipeline.py for tasks to queue
[2026-03-17T11:27:39.262+0000] {logging_mixin.py:188} INFO - [2026-03-17T11:27:39.261+0000] {dagbag.py:538} INFO - Filling up the DagBag from /opt/airflow/dags/ETL_pipeline.py
[2026-03-17T11:27:39.304+0000] {processor.py:840} INFO - DAG(s) 'etl_pipeline_finale' retrieved from /opt/airflow/dags/ETL_pipeline.py
[2026-03-17T11:27:39.344+0000] {logging_mixin.py:188} INFO - [2026-03-17T11:27:39.344+0000] {dag.py:3036} INFO - Sync 1 DAGs
[2026-03-17T11:27:39.381+0000] {logging_mixin.py:188} INFO - [2026-03-17T11:27:39.380+0000] {dag.py:3823} INFO - Setting next_dagrun for etl_pipeline_finale to 2026-03-16 23:00:00+00:00, run_after=2026-03-17 23:00:00+00:00
[2026-03-17T11:27:39.434+0000] {processor.py:183} INFO - Processing /opt/airflow/dags/ETL_pipeline.py took 0.183 seconds
[2026-03-17T11:28:09.508+0000] {processor.py:161} INFO - Started process (PID=2053) to work on /opt/airflow/dags/ETL_pipeline.py
[2026-03-17T11:28:09.511+0000] {processor.py:830} INFO - Processing file /opt/airflow/dags/ETL_pipeline.py for tasks to queue
[2026-03-17T11:28:09.512+0000] {logging_mixin.py:188} INFO - [2026-03-17T11:28:09.512+0000] {dagbag.py:538} INFO - Filling up the DagBag from /opt/airflow/dags/ETL_pipeline.py
[2026-03-17T11:28:09.558+0000] {processor.py:840} INFO - DAG(s) 'etl_pipeline_finale' retrieved from /opt/airflow/dags/ETL_pipeline.py
[2026-03-17T11:28:09.599+0000] {logging_mixin.py:188} INFO - [2026-03-17T11:28:09.598+0000] {dag.py:3036} INFO - Sync 1 DAGs
[2026-03-17T11:28:09.637+0000] {logging_mixin.py:188} INFO - [2026-03-17T11:28:09.637+0000] {dag.py:3823} INFO - Setting next_dagrun for etl_pipeline_finale to 2026-03-16 23:00:00+00:00, run_after=2026-03-17 23:00:00+00:00
[2026-03-17T11:28:09.685+0000] {processor.py:183} INFO - Processing /opt/airflow/dags/ETL_pipeline.py took 0.182 seconds
[2026-03-17T11:28:39.990+0000] {processor.py:161} INFO - Started process (PID=2058) to work on /opt/airflow/dags/ETL_pipeline.py
[2026-03-17T11:28:39.991+0000] {processor.py:830} INFO - Processing file /opt/airflow/dags/ETL_pipeline.py for tasks to queue
[2026-03-17T11:28:39.993+0000] {logging_mixin.py:188} INFO - [2026-03-17T11:28:39.993+0000] {dagbag.py:538} INFO - Filling up the DagBag from /opt/airflow/dags/ETL_pipeline.py
[2026-03-17T11:28:40.035+0000] {processor.py:840} INFO - DAG(s) 'etl_pipeline_finale' retrieved from /opt/airflow/dags/ETL_pipeline.py
[2026-03-17T11:28:40.082+0000] {logging_mixin.py:188} INFO - [2026-03-17T11:28:40.082+0000] {dag.py:3036} INFO - Sync 1 DAGs
[2026-03-17T11:28:40.116+0000] {logging_mixin.py:188} INFO - [2026-03-17T11:28:40.116+0000] {dag.py:3823} INFO - Setting next_dagrun for etl_pipeline_finale to 2026-03-16 23:00:00+00:00, run_after=2026-03-17 23:00:00+00:00
[2026-03-17T11:28:40.169+0000] {processor.py:183} INFO - Processing /opt/airflow/dags/ETL_pipeline.py took 0.184 seconds
[2026-03-17T11:29:10.348+0000] {processor.py:161} INFO - Started process (PID=2063) to work on /opt/airflow/dags/ETL_pipeline.py
[2026-03-17T11:29:10.350+0000] {processor.py:830} INFO - Processing file /opt/airflow/dags/ETL_pipeline.py for tasks to queue
[2026-03-17T11:29:10.353+0000] {logging_mixin.py:188} INFO - [2026-03-17T11:29:10.352+0000] {dagbag.py:538} INFO - Filling up the DagBag from /opt/airflow/dags/ETL_pipeline.py
[2026-03-17T11:29:10.409+0000] {processor.py:840} INFO - DAG(s) 'etl_pipeline_finale' retrieved from /opt/airflow/dags/ETL_pipeline.py
[2026-03-17T11:29:10.479+0000] {logging_mixin.py:188} INFO - [2026-03-17T11:29:10.479+0000] {dag.py:3036} INFO - Sync 1 DAGs
[2026-03-17T11:29:10.520+0000] {logging_mixin.py:188} INFO - [2026-03-17T11:29:10.520+0000] {dag.py:3823} INFO - Setting next_dagrun for etl_pipeline_finale to 2026-03-16 23:00:00+00:00, run_after=2026-03-17 23:00:00+00:00
[2026-03-17T11:29:10.587+0000] {processor.py:183} INFO - Processing /opt/airflow/dags/ETL_pipeline.py took 0.248 seconds
[2026-03-17T11:29:40.798+0000] {processor.py:161} INFO - Started process (PID=2068) to work on /opt/airflow/dags/ETL_pipeline.py
[2026-03-17T11:29:40.801+0000] {processor.py:830} INFO - Processing file /opt/airflow/dags/ETL_pipeline.py for tasks to queue
[2026-03-17T11:29:40.805+0000] {logging_mixin.py:188} INFO - [2026-03-17T11:29:40.804+0000] {dagbag.py:538} INFO - Filling up the DagBag from /opt/airflow/dags/ETL_pipeline.py
[2026-03-17T11:29:40.870+0000] {processor.py:840} INFO - DAG(s) 'etl_pipeline_finale' retrieved from /opt/airflow/dags/ETL_pipeline.py
[2026-03-17T11:29:40.939+0000] {logging_mixin.py:188} INFO - [2026-03-17T11:29:40.938+0000] {dag.py:3036} INFO - Sync 1 DAGs
[2026-03-17T11:29:40.987+0000] {logging_mixin.py:188} INFO - [2026-03-17T11:29:40.986+0000] {dag.py:3823} INFO - Setting next_dagrun for etl_pipeline_finale to 2026-03-16 23:00:00+00:00, run_after=2026-03-17 23:00:00+00:00
[2026-03-17T11:29:41.051+0000] {processor.py:183} INFO - Processing /opt/airflow/dags/ETL_pipeline.py took 0.263 seconds
[2026-03-17T11:30:11.344+0000] {processor.py:161} INFO - Started process (PID=2073) to work on /opt/airflow/dags/ETL_pipeline.py
[2026-03-17T11:30:11.345+0000] {processor.py:830} INFO - Processing file /opt/airflow/dags/ETL_pipeline.py for tasks to queue
[2026-03-17T11:30:11.347+0000] {logging_mixin.py:188} INFO - [2026-03-17T11:30:11.346+0000] {dagbag.py:538} INFO - Filling up the DagBag from /opt/airflow/dags/ETL_pipeline.py
[2026-03-17T11:30:11.389+0000] {processor.py:840} INFO - DAG(s) 'etl_pipeline_finale' retrieved from /opt/airflow/dags/ETL_pipeline.py
[2026-03-17T11:30:11.431+0000] {logging_mixin.py:188} INFO - [2026-03-17T11:30:11.430+0000] {dag.py:3036} INFO - Sync 1 DAGs
[2026-03-17T11:30:11.469+0000] {logging_mixin.py:188} INFO - [2026-03-17T11:30:11.469+0000] {dag.py:3823} INFO - Setting next_dagrun for etl_pipeline_finale to 2026-03-16 23:00:00+00:00, run_after=2026-03-17 23:00:00+00:00
[2026-03-17T11:30:11.522+0000] {processor.py:183} INFO - Processing /opt/airflow/dags/ETL_pipeline.py took 0.183 seconds
[2026-03-17T11:30:41.661+0000] {processor.py:161} INFO - Started process (PID=2078) to work on /opt/airflow/dags/ETL_pipeline.py
[2026-03-17T11:30:41.663+0000] {processor.py:830} INFO - Processing file /opt/airflow/dags/ETL_pipeline.py for tasks to queue
[2026-03-17T11:30:41.665+0000] {logging_mixin.py:188} INFO - [2026-03-17T11:30:41.665+0000] {dagbag.py:538} INFO - Filling up the DagBag from /opt/airflow/dags/ETL_pipeline.py
[2026-03-17T11:30:41.719+0000] {processor.py:840} INFO - DAG(s) 'etl_pipeline_finale' retrieved from /opt/airflow/dags/ETL_pipeline.py
[2026-03-17T11:30:41.799+0000] {logging_mixin.py:188} INFO - [2026-03-17T11:30:41.799+0000] {dag.py:3036} INFO - Sync 1 DAGs
[2026-03-17T11:30:41.849+0000] {logging_mixin.py:188} INFO - [2026-03-17T11:30:41.848+0000] {dag.py:3823} INFO - Setting next_dagrun for etl_pipeline_finale to 2026-03-16 23:00:00+00:00, run_after=2026-03-17 23:00:00+00:00
[2026-03-17T11:30:41.910+0000] {processor.py:183} INFO - Processing /opt/airflow/dags/ETL_pipeline.py took 0.266 seconds
[2026-03-17T11:31:12.067+0000] {processor.py:161} INFO - Started process (PID=2083) to work on /opt/airflow/dags/ETL_pipeline.py
[2026-03-17T11:31:12.068+0000] {processor.py:830} INFO - Processing file /opt/airflow/dags/ETL_pipeline.py for tasks to queue
[2026-03-17T11:31:12.070+0000] {logging_mixin.py:188} INFO - [2026-03-17T11:31:12.070+0000] {dagbag.py:538} INFO - Filling up the DagBag from /opt/airflow/dags/ETL_pipeline.py
[2026-03-17T11:31:12.109+0000] {processor.py:840} INFO - DAG(s) 'etl_pipeline_finale' retrieved from /opt/airflow/dags/ETL_pipeline.py
[2026-03-17T11:31:12.145+0000] {logging_mixin.py:188} INFO - [2026-03-17T11:31:12.144+0000] {dag.py:3036} INFO - Sync 1 DAGs
[2026-03-17T11:31:12.170+0000] {logging_mixin.py:188} INFO - [2026-03-17T11:31:12.170+0000] {dag.py:3823} INFO - Setting next_dagrun for etl_pipeline_finale to 2026-03-16 23:00:00+00:00, run_after=2026-03-17 23:00:00+00:00
[2026-03-17T11:31:12.215+0000] {processor.py:183} INFO - Processing /opt/airflow/dags/ETL_pipeline.py took 0.155 seconds
[2026-03-17T11:31:42.475+0000] {processor.py:161} INFO - Started process (PID=2088) to work on /opt/airflow/dags/ETL_pipeline.py
[2026-03-17T11:31:42.476+0000] {processor.py:830} INFO - Processing file /opt/airflow/dags/ETL_pipeline.py for tasks to queue
[2026-03-17T11:31:42.478+0000] {logging_mixin.py:188} INFO - [2026-03-17T11:31:42.477+0000] {dagbag.py:538} INFO - Filling up the DagBag from /opt/airflow/dags/ETL_pipeline.py
[2026-03-17T11:31:42.534+0000] {processor.py:840} INFO - DAG(s) 'etl_pipeline_finale' retrieved from /opt/airflow/dags/ETL_pipeline.py
[2026-03-17T11:31:42.570+0000] {logging_mixin.py:188} INFO - [2026-03-17T11:31:42.570+0000] {dag.py:3036} INFO - Sync 1 DAGs
[2026-03-17T11:31:42.595+0000] {logging_mixin.py:188} INFO - [2026-03-17T11:31:42.595+0000] {dag.py:3823} INFO - Setting next_dagrun for etl_pipeline_finale to 2026-03-16 23:00:00+00:00, run_after=2026-03-17 23:00:00+00:00
[2026-03-17T11:31:42.641+0000] {processor.py:183} INFO - Processing /opt/airflow/dags/ETL_pipeline.py took 0.173 seconds
[2026-03-17T11:32:12.777+0000] {processor.py:161} INFO - Started process (PID=2093) to work on /opt/airflow/dags/ETL_pipeline.py
[2026-03-17T11:32:12.779+0000] {processor.py:830} INFO - Processing file /opt/airflow/dags/ETL_pipeline.py for tasks to queue
[2026-03-17T11:32:12.781+0000] {logging_mixin.py:188} INFO - [2026-03-17T11:32:12.780+0000] {dagbag.py:538} INFO - Filling up the DagBag from /opt/airflow/dags/ETL_pipeline.py
[2026-03-17T11:32:12.819+0000] {processor.py:840} INFO - DAG(s) 'etl_pipeline_finale' retrieved from /opt/airflow/dags/ETL_pipeline.py
[2026-03-17T11:32:12.854+0000] {logging_mixin.py:188} INFO - [2026-03-17T11:32:12.854+0000] {dag.py:3036} INFO - Sync 1 DAGs
[2026-03-17T11:32:12.880+0000] {logging_mixin.py:188} INFO - [2026-03-17T11:32:12.879+0000] {dag.py:3823} INFO - Setting next_dagrun for etl_pipeline_finale to 2026-03-16 23:00:00+00:00, run_after=2026-03-17 23:00:00+00:00
[2026-03-17T11:32:12.925+0000] {processor.py:183} INFO - Processing /opt/airflow/dags/ETL_pipeline.py took 0.153 seconds
[2026-03-17T11:32:43.219+0000] {processor.py:161} INFO - Started process (PID=2098) to work on /opt/airflow/dags/ETL_pipeline.py
[2026-03-17T11:32:43.221+0000] {processor.py:830} INFO - Processing file /opt/airflow/dags/ETL_pipeline.py for tasks to queue
[2026-03-17T11:32:43.223+0000] {logging_mixin.py:188} INFO - [2026-03-17T11:32:43.222+0000] {dagbag.py:538} INFO - Filling up the DagBag from /opt/airflow/dags/ETL_pipeline.py
[2026-03-17T11:32:43.264+0000] {processor.py:840} INFO - DAG(s) 'etl_pipeline_finale' retrieved from /opt/airflow/dags/ETL_pipeline.py
[2026-03-17T11:32:43.299+0000] {logging_mixin.py:188} INFO - [2026-03-17T11:32:43.298+0000] {dag.py:3036} INFO - Sync 1 DAGs
[2026-03-17T11:32:43.326+0000] {logging_mixin.py:188} INFO - [2026-03-17T11:32:43.326+0000] {dag.py:3823} INFO - Setting next_dagrun for etl_pipeline_finale to 2026-03-16 23:00:00+00:00, run_after=2026-03-17 23:00:00+00:00
[2026-03-17T11:32:43.373+0000] {processor.py:183} INFO - Processing /opt/airflow/dags/ETL_pipeline.py took 0.158 seconds
[2026-03-17T11:33:13.527+0000] {processor.py:161} INFO - Started process (PID=2103) to work on /opt/airflow/dags/ETL_pipeline.py
[2026-03-17T11:33:13.529+0000] {processor.py:830} INFO - Processing file /opt/airflow/dags/ETL_pipeline.py for tasks to queue
[2026-03-17T11:33:13.530+0000] {logging_mixin.py:188} INFO - [2026-03-17T11:33:13.530+0000] {dagbag.py:538} INFO - Filling up the DagBag from /opt/airflow/dags/ETL_pipeline.py
[2026-03-17T11:33:13.571+0000] {processor.py:840} INFO - DAG(s) 'etl_pipeline_finale' retrieved from /opt/airflow/dags/ETL_pipeline.py
[2026-03-17T11:33:13.606+0000] {logging_mixin.py:188} INFO - [2026-03-17T11:33:13.606+0000] {dag.py:3036} INFO - Sync 1 DAGs
[2026-03-17T11:33:13.635+0000] {logging_mixin.py:188} INFO - [2026-03-17T11:33:13.634+0000] {dag.py:3823} INFO - Setting next_dagrun for etl_pipeline_finale to 2026-03-16 23:00:00+00:00, run_after=2026-03-17 23:00:00+00:00
[2026-03-17T11:33:13.682+0000] {processor.py:183} INFO - Processing /opt/airflow/dags/ETL_pipeline.py took 0.159 seconds
[2026-03-17T11:33:43.918+0000] {processor.py:161} INFO - Started process (PID=2108) to work on /opt/airflow/dags/ETL_pipeline.py
[2026-03-17T11:33:43.920+0000] {processor.py:830} INFO - Processing file /opt/airflow/dags/ETL_pipeline.py for tasks to queue
[2026-03-17T11:33:43.921+0000] {logging_mixin.py:188} INFO - [2026-03-17T11:33:43.921+0000] {dagbag.py:538} INFO - Filling up the DagBag from /opt/airflow/dags/ETL_pipeline.py
[2026-03-17T11:33:43.963+0000] {processor.py:840} INFO - DAG(s) 'etl_pipeline_finale' retrieved from /opt/airflow/dags/ETL_pipeline.py
[2026-03-17T11:33:44.003+0000] {logging_mixin.py:188} INFO - [2026-03-17T11:33:44.002+0000] {dag.py:3036} INFO - Sync 1 DAGs
[2026-03-17T11:33:44.034+0000] {logging_mixin.py:188} INFO - [2026-03-17T11:33:44.034+0000] {dag.py:3823} INFO - Setting next_dagrun for etl_pipeline_finale to 2026-03-16 23:00:00+00:00, run_after=2026-03-17 23:00:00+00:00
[2026-03-17T11:33:44.087+0000] {processor.py:183} INFO - Processing /opt/airflow/dags/ETL_pipeline.py took 0.174 seconds
[2026-03-17T15:06:00.357+0000] {processor.py:161} INFO - Started process (PID=168) to work on /opt/airflow/dags/ETL_pipeline.py
[2026-03-17T15:06:00.363+0000] {processor.py:830} INFO - Processing file /opt/airflow/dags/ETL_pipeline.py for tasks to queue
[2026-03-17T15:06:00.374+0000] {logging_mixin.py:188} INFO - [2026-03-17T15:06:00.373+0000] {dagbag.py:538} INFO - Filling up the DagBag from /opt/airflow/dags/ETL_pipeline.py
[2026-03-17T15:06:00.475+0000] {processor.py:840} INFO - DAG(s) 'pipeline_ETL' retrieved from /opt/airflow/dags/ETL_pipeline.py
[2026-03-17T15:06:00.596+0000] {logging_mixin.py:188} INFO - [2026-03-17T15:06:00.596+0000] {dag.py:3036} INFO - Sync 1 DAGs
[2026-03-17T15:06:00.684+0000] {logging_mixin.py:188} INFO - [2026-03-17T15:06:00.683+0000] {dag.py:3823} INFO - Setting next_dagrun for pipeline_ETL to 2026-03-16 23:00:00+00:00, run_after=2026-03-17 23:00:00+00:00
[2026-03-17T15:06:00.786+0000] {processor.py:183} INFO - Processing /opt/airflow/dags/ETL_pipeline.py took 0.444 seconds
[2026-03-17T15:06:31.243+0000] {processor.py:161} INFO - Started process (PID=173) to work on /opt/airflow/dags/ETL_pipeline.py
[2026-03-17T15:06:31.247+0000] {processor.py:830} INFO - Processing file /opt/airflow/dags/ETL_pipeline.py for tasks to queue
[2026-03-17T15:06:31.251+0000] {logging_mixin.py:188} INFO - [2026-03-17T15:06:31.250+0000] {dagbag.py:538} INFO - Filling up the DagBag from /opt/airflow/dags/ETL_pipeline.py
[2026-03-17T15:06:31.406+0000] {processor.py:840} INFO - DAG(s) 'pipeline_ETL' retrieved from /opt/airflow/dags/ETL_pipeline.py
[2026-03-17T15:06:31.805+0000] {logging_mixin.py:188} INFO - [2026-03-17T15:06:31.805+0000] {dag.py:3036} INFO - Sync 1 DAGs
[2026-03-17T15:06:31.868+0000] {logging_mixin.py:188} INFO - [2026-03-17T15:06:31.868+0000] {dag.py:3823} INFO - Setting next_dagrun for pipeline_ETL to 2026-03-16 23:00:00+00:00, run_after=2026-03-17 23:00:00+00:00
[2026-03-17T15:06:31.933+0000] {processor.py:183} INFO - Processing /opt/airflow/dags/ETL_pipeline.py took 0.709 seconds
[2026-03-17T15:07:02.086+0000] {processor.py:161} INFO - Started process (PID=178) to work on /opt/airflow/dags/ETL_pipeline.py
[2026-03-17T15:07:02.090+0000] {processor.py:830} INFO - Processing file /opt/airflow/dags/ETL_pipeline.py for tasks to queue
[2026-03-17T15:07:02.091+0000] {logging_mixin.py:188} INFO - [2026-03-17T15:07:02.091+0000] {dagbag.py:538} INFO - Filling up the DagBag from /opt/airflow/dags/ETL_pipeline.py
[2026-03-17T15:07:02.132+0000] {processor.py:840} INFO - DAG(s) 'pipeline_ETL' retrieved from /opt/airflow/dags/ETL_pipeline.py
[2026-03-17T15:07:02.209+0000] {logging_mixin.py:188} INFO - [2026-03-17T15:07:02.208+0000] {dag.py:3036} INFO - Sync 1 DAGs
[2026-03-17T15:07:02.251+0000] {logging_mixin.py:188} INFO - [2026-03-17T15:07:02.250+0000] {dag.py:3823} INFO - Setting next_dagrun for pipeline_ETL to 2026-03-16 23:00:00+00:00, run_after=2026-03-17 23:00:00+00:00
[2026-03-17T15:07:02.296+0000] {processor.py:183} INFO - Processing /opt/airflow/dags/ETL_pipeline.py took 0.215 seconds
[2026-03-17T15:07:32.570+0000] {processor.py:161} INFO - Started process (PID=183) to work on /opt/airflow/dags/ETL_pipeline.py
[2026-03-17T15:07:32.575+0000] {processor.py:830} INFO - Processing file /opt/airflow/dags/ETL_pipeline.py for tasks to queue
[2026-03-17T15:07:32.577+0000] {logging_mixin.py:188} INFO - [2026-03-17T15:07:32.577+0000] {dagbag.py:538} INFO - Filling up the DagBag from /opt/airflow/dags/ETL_pipeline.py
[2026-03-17T15:07:32.640+0000] {processor.py:840} INFO - DAG(s) 'pipeline_ETL' retrieved from /opt/airflow/dags/ETL_pipeline.py
[2026-03-17T15:07:32.710+0000] {logging_mixin.py:188} INFO - [2026-03-17T15:07:32.710+0000] {dag.py:3036} INFO - Sync 1 DAGs
[2026-03-17T15:07:32.763+0000] {logging_mixin.py:188} INFO - [2026-03-17T15:07:32.762+0000] {dag.py:3823} INFO - Setting next_dagrun for pipeline_ETL to 2026-03-16 23:00:00+00:00, run_after=2026-03-17 23:00:00+00:00
[2026-03-17T15:07:32.841+0000] {processor.py:183} INFO - Processing /opt/airflow/dags/ETL_pipeline.py took 0.280 seconds
[2026-03-17T15:08:02.999+0000] {processor.py:161} INFO - Started process (PID=188) to work on /opt/airflow/dags/ETL_pipeline.py
[2026-03-17T15:08:03.001+0000] {processor.py:830} INFO - Processing file /opt/airflow/dags/ETL_pipeline.py for tasks to queue
[2026-03-17T15:08:03.005+0000] {logging_mixin.py:188} INFO - [2026-03-17T15:08:03.004+0000] {dagbag.py:538} INFO - Filling up the DagBag from /opt/airflow/dags/ETL_pipeline.py
[2026-03-17T15:08:03.054+0000] {processor.py:840} INFO - DAG(s) 'pipeline_ETL' retrieved from /opt/airflow/dags/ETL_pipeline.py
[2026-03-17T15:08:03.116+0000] {logging_mixin.py:188} INFO - [2026-03-17T15:08:03.116+0000] {dag.py:3036} INFO - Sync 1 DAGs
[2026-03-17T15:08:03.148+0000] {logging_mixin.py:188} INFO - [2026-03-17T15:08:03.148+0000] {dag.py:3823} INFO - Setting next_dagrun for pipeline_ETL to 2026-03-16 23:00:00+00:00, run_after=2026-03-17 23:00:00+00:00
[2026-03-17T15:08:03.197+0000] {processor.py:183} INFO - Processing /opt/airflow/dags/ETL_pipeline.py took 0.204 seconds
[2026-03-17T15:08:33.327+0000] {processor.py:161} INFO - Started process (PID=193) to work on /opt/airflow/dags/ETL_pipeline.py
[2026-03-17T15:08:33.330+0000] {processor.py:830} INFO - Processing file /opt/airflow/dags/ETL_pipeline.py for tasks to queue
[2026-03-17T15:08:33.332+0000] {logging_mixin.py:188} INFO - [2026-03-17T15:08:33.331+0000] {dagbag.py:538} INFO - Filling up the DagBag from /opt/airflow/dags/ETL_pipeline.py
[2026-03-17T15:08:33.391+0000] {processor.py:840} INFO - DAG(s) 'pipeline_ETL' retrieved from /opt/airflow/dags/ETL_pipeline.py
[2026-03-17T15:08:33.470+0000] {logging_mixin.py:188} INFO - [2026-03-17T15:08:33.470+0000] {dag.py:3036} INFO - Sync 1 DAGs
[2026-03-17T15:08:33.543+0000] {logging_mixin.py:188} INFO - [2026-03-17T15:08:33.542+0000] {dag.py:3823} INFO - Setting next_dagrun for pipeline_ETL to 2026-03-16 23:00:00+00:00, run_after=2026-03-17 23:00:00+00:00
[2026-03-17T15:08:33.608+0000] {processor.py:183} INFO - Processing /opt/airflow/dags/ETL_pipeline.py took 0.289 seconds
[2026-03-17T15:09:03.880+0000] {processor.py:161} INFO - Started process (PID=198) to work on /opt/airflow/dags/ETL_pipeline.py
[2026-03-17T15:09:03.881+0000] {processor.py:830} INFO - Processing file /opt/airflow/dags/ETL_pipeline.py for tasks to queue
[2026-03-17T15:09:03.883+0000] {logging_mixin.py:188} INFO - [2026-03-17T15:09:03.882+0000] {dagbag.py:538} INFO - Filling up the DagBag from /opt/airflow/dags/ETL_pipeline.py
[2026-03-17T15:09:03.921+0000] {processor.py:840} INFO - DAG(s) 'pipeline_ETL' retrieved from /opt/airflow/dags/ETL_pipeline.py
[2026-03-17T15:09:03.957+0000] {logging_mixin.py:188} INFO - [2026-03-17T15:09:03.957+0000] {dag.py:3036} INFO - Sync 1 DAGs
[2026-03-17T15:09:03.983+0000] {logging_mixin.py:188} INFO - [2026-03-17T15:09:03.983+0000] {dag.py:3823} INFO - Setting next_dagrun for pipeline_ETL to 2026-03-16 23:00:00+00:00, run_after=2026-03-17 23:00:00+00:00
[2026-03-17T15:09:04.029+0000] {processor.py:183} INFO - Processing /opt/airflow/dags/ETL_pipeline.py took 0.153 seconds
[2026-03-17T15:09:34.233+0000] {processor.py:161} INFO - Started process (PID=203) to work on /opt/airflow/dags/ETL_pipeline.py
[2026-03-17T15:09:34.236+0000] {processor.py:830} INFO - Processing file /opt/airflow/dags/ETL_pipeline.py for tasks to queue
[2026-03-17T15:09:34.237+0000] {logging_mixin.py:188} INFO - [2026-03-17T15:09:34.237+0000] {dagbag.py:538} INFO - Filling up the DagBag from /opt/airflow/dags/ETL_pipeline.py
[2026-03-17T15:09:34.274+0000] {processor.py:840} INFO - DAG(s) 'pipeline_ETL' retrieved from /opt/airflow/dags/ETL_pipeline.py
[2026-03-17T15:09:34.309+0000] {logging_mixin.py:188} INFO - [2026-03-17T15:09:34.308+0000] {dag.py:3036} INFO - Sync 1 DAGs
[2026-03-17T15:09:34.332+0000] {logging_mixin.py:188} INFO - [2026-03-17T15:09:34.332+0000] {dag.py:3823} INFO - Setting next_dagrun for pipeline_ETL to 2026-03-16 23:00:00+00:00, run_after=2026-03-17 23:00:00+00:00
[2026-03-17T15:09:34.376+0000] {processor.py:183} INFO - Processing /opt/airflow/dags/ETL_pipeline.py took 0.147 seconds
[2026-03-17T15:10:04.722+0000] {processor.py:161} INFO - Started process (PID=208) to work on /opt/airflow/dags/ETL_pipeline.py
[2026-03-17T15:10:04.724+0000] {processor.py:830} INFO - Processing file /opt/airflow/dags/ETL_pipeline.py for tasks to queue
[2026-03-17T15:10:04.725+0000] {logging_mixin.py:188} INFO - [2026-03-17T15:10:04.725+0000] {dagbag.py:538} INFO - Filling up the DagBag from /opt/airflow/dags/ETL_pipeline.py
[2026-03-17T15:10:04.766+0000] {processor.py:840} INFO - DAG(s) 'pipeline_ETL' retrieved from /opt/airflow/dags/ETL_pipeline.py
[2026-03-17T15:10:04.802+0000] {logging_mixin.py:188} INFO - [2026-03-17T15:10:04.802+0000] {dag.py:3036} INFO - Sync 1 DAGs
[2026-03-17T15:10:04.827+0000] {logging_mixin.py:188} INFO - [2026-03-17T15:10:04.827+0000] {dag.py:3823} INFO - Setting next_dagrun for pipeline_ETL to 2026-03-16 23:00:00+00:00, run_after=2026-03-17 23:00:00+00:00
[2026-03-17T15:10:04.872+0000] {processor.py:183} INFO - Processing /opt/airflow/dags/ETL_pipeline.py took 0.153 seconds
[2026-03-17T15:10:35.116+0000] {processor.py:161} INFO - Started process (PID=213) to work on /opt/airflow/dags/ETL_pipeline.py
[2026-03-17T15:10:35.120+0000] {processor.py:830} INFO - Processing file /opt/airflow/dags/ETL_pipeline.py for tasks to queue
[2026-03-17T15:10:35.123+0000] {logging_mixin.py:188} INFO - [2026-03-17T15:10:35.122+0000] {dagbag.py:538} INFO - Filling up the DagBag from /opt/airflow/dags/ETL_pipeline.py
[2026-03-17T15:10:35.212+0000] {processor.py:840} INFO - DAG(s) 'pipeline_ETL' retrieved from /opt/airflow/dags/ETL_pipeline.py
[2026-03-17T15:10:35.331+0000] {logging_mixin.py:188} INFO - [2026-03-17T15:10:35.331+0000] {dag.py:3036} INFO - Sync 1 DAGs
[2026-03-17T15:10:35.451+0000] {logging_mixin.py:188} INFO - [2026-03-17T15:10:35.451+0000] {dag.py:3823} INFO - Setting next_dagrun for pipeline_ETL to 2026-03-16 23:00:00+00:00, run_after=2026-03-17 23:00:00+00:00
[2026-03-17T15:10:35.535+0000] {processor.py:183} INFO - Processing /opt/airflow/dags/ETL_pipeline.py took 0.435 seconds
[2026-03-17T15:11:05.951+0000] {processor.py:161} INFO - Started process (PID=218) to work on /opt/airflow/dags/ETL_pipeline.py
[2026-03-17T15:11:05.954+0000] {processor.py:830} INFO - Processing file /opt/airflow/dags/ETL_pipeline.py for tasks to queue
[2026-03-17T15:11:05.958+0000] {logging_mixin.py:188} INFO - [2026-03-17T15:11:05.957+0000] {dagbag.py:538} INFO - Filling up the DagBag from /opt/airflow/dags/ETL_pipeline.py
[2026-03-17T15:11:06.006+0000] {processor.py:840} INFO - DAG(s) 'pipeline_ETL' retrieved from /opt/airflow/dags/ETL_pipeline.py
[2026-03-17T15:11:06.093+0000] {logging_mixin.py:188} INFO - [2026-03-17T15:11:06.093+0000] {dag.py:3036} INFO - Sync 1 DAGs
[2026-03-17T15:11:06.172+0000] {logging_mixin.py:188} INFO - [2026-03-17T15:11:06.171+0000] {dag.py:3823} INFO - Setting next_dagrun for pipeline_ETL to 2026-03-16 23:00:00+00:00, run_after=2026-03-17 23:00:00+00:00
[2026-03-17T15:11:06.249+0000] {processor.py:183} INFO - Processing /opt/airflow/dags/ETL_pipeline.py took 0.308 seconds
[2026-03-17T15:11:36.606+0000] {processor.py:161} INFO - Started process (PID=223) to work on /opt/airflow/dags/ETL_pipeline.py
[2026-03-17T15:11:36.607+0000] {processor.py:830} INFO - Processing file /opt/airflow/dags/ETL_pipeline.py for tasks to queue
[2026-03-17T15:11:36.609+0000] {logging_mixin.py:188} INFO - [2026-03-17T15:11:36.608+0000] {dagbag.py:538} INFO - Filling up the DagBag from /opt/airflow/dags/ETL_pipeline.py
[2026-03-17T15:11:36.647+0000] {processor.py:840} INFO - DAG(s) 'pipeline_ETL' retrieved from /opt/airflow/dags/ETL_pipeline.py
[2026-03-17T15:11:36.686+0000] {logging_mixin.py:188} INFO - [2026-03-17T15:11:36.686+0000] {dag.py:3036} INFO - Sync 1 DAGs
[2026-03-17T15:11:36.710+0000] {logging_mixin.py:188} INFO - [2026-03-17T15:11:36.709+0000] {dag.py:3823} INFO - Setting next_dagrun for pipeline_ETL to 2026-03-16 23:00:00+00:00, run_after=2026-03-17 23:00:00+00:00
[2026-03-17T15:11:36.754+0000] {processor.py:183} INFO - Processing /opt/airflow/dags/ETL_pipeline.py took 0.152 seconds
[2026-03-17T15:12:06.954+0000] {processor.py:161} INFO - Started process (PID=228) to work on /opt/airflow/dags/ETL_pipeline.py
[2026-03-17T15:12:06.957+0000] {processor.py:830} INFO - Processing file /opt/airflow/dags/ETL_pipeline.py for tasks to queue
[2026-03-17T15:12:06.959+0000] {logging_mixin.py:188} INFO - [2026-03-17T15:12:06.958+0000] {dagbag.py:538} INFO - Filling up the DagBag from /opt/airflow/dags/ETL_pipeline.py
[2026-03-17T15:12:07.013+0000] {processor.py:840} INFO - DAG(s) 'pipeline_ETL' retrieved from /opt/airflow/dags/ETL_pipeline.py
[2026-03-17T15:12:07.070+0000] {logging_mixin.py:188} INFO - [2026-03-17T15:12:07.069+0000] {dag.py:3036} INFO - Sync 1 DAGs
[2026-03-17T15:12:07.109+0000] {logging_mixin.py:188} INFO - [2026-03-17T15:12:07.109+0000] {dag.py:3823} INFO - Setting next_dagrun for pipeline_ETL to 2026-03-16 23:00:00+00:00, run_after=2026-03-17 23:00:00+00:00
[2026-03-17T15:12:07.199+0000] {processor.py:183} INFO - Processing /opt/airflow/dags/ETL_pipeline.py took 0.251 seconds
[2026-03-17T15:12:37.422+0000] {processor.py:161} INFO - Started process (PID=233) to work on /opt/airflow/dags/ETL_pipeline.py
[2026-03-17T15:12:37.423+0000] {processor.py:830} INFO - Processing file /opt/airflow/dags/ETL_pipeline.py for tasks to queue
[2026-03-17T15:12:37.425+0000] {logging_mixin.py:188} INFO - [2026-03-17T15:12:37.425+0000] {dagbag.py:538} INFO - Filling up the DagBag from /opt/airflow/dags/ETL_pipeline.py
[2026-03-17T15:12:37.465+0000] {processor.py:840} INFO - DAG(s) 'pipeline_ETL' retrieved from /opt/airflow/dags/ETL_pipeline.py
[2026-03-17T15:12:37.535+0000] {logging_mixin.py:188} INFO - [2026-03-17T15:12:37.534+0000] {dag.py:3036} INFO - Sync 1 DAGs
[2026-03-17T15:12:37.573+0000] {logging_mixin.py:188} INFO - [2026-03-17T15:12:37.572+0000] {dag.py:3823} INFO - Setting next_dagrun for pipeline_ETL to 2026-03-16 23:00:00+00:00, run_after=2026-03-17 23:00:00+00:00
[2026-03-17T15:12:37.625+0000] {processor.py:183} INFO - Processing /opt/airflow/dags/ETL_pipeline.py took 0.209 seconds
[2026-03-17T15:13:07.895+0000] {processor.py:161} INFO - Started process (PID=238) to work on /opt/airflow/dags/ETL_pipeline.py
[2026-03-17T15:13:07.896+0000] {processor.py:830} INFO - Processing file /opt/airflow/dags/ETL_pipeline.py for tasks to queue
[2026-03-17T15:13:07.898+0000] {logging_mixin.py:188} INFO - [2026-03-17T15:13:07.898+0000] {dagbag.py:538} INFO - Filling up the DagBag from /opt/airflow/dags/ETL_pipeline.py
[2026-03-17T15:13:07.945+0000] {processor.py:840} INFO - DAG(s) 'pipeline_ETL' retrieved from /opt/airflow/dags/ETL_pipeline.py
[2026-03-17T15:13:07.994+0000] {logging_mixin.py:188} INFO - [2026-03-17T15:13:07.993+0000] {dag.py:3036} INFO - Sync 1 DAGs
[2026-03-17T15:13:08.029+0000] {logging_mixin.py:188} INFO - [2026-03-17T15:13:08.029+0000] {dag.py:3823} INFO - Setting next_dagrun for pipeline_ETL to 2026-03-16 23:00:00+00:00, run_after=2026-03-17 23:00:00+00:00
[2026-03-17T15:13:08.087+0000] {processor.py:183} INFO - Processing /opt/airflow/dags/ETL_pipeline.py took 0.197 seconds
[2026-03-17T15:13:38.211+0000] {processor.py:161} INFO - Started process (PID=243) to work on /opt/airflow/dags/ETL_pipeline.py
[2026-03-17T15:13:38.213+0000] {processor.py:830} INFO - Processing file /opt/airflow/dags/ETL_pipeline.py for tasks to queue
[2026-03-17T15:13:38.214+0000] {logging_mixin.py:188} INFO - [2026-03-17T15:13:38.214+0000] {dagbag.py:538} INFO - Filling up the DagBag from /opt/airflow/dags/ETL_pipeline.py
[2026-03-17T15:13:38.254+0000] {processor.py:840} INFO - DAG(s) 'pipeline_ETL' retrieved from /opt/airflow/dags/ETL_pipeline.py
[2026-03-17T15:13:38.291+0000] {logging_mixin.py:188} INFO - [2026-03-17T15:13:38.291+0000] {dag.py:3036} INFO - Sync 1 DAGs
[2026-03-17T15:13:38.318+0000] {logging_mixin.py:188} INFO - [2026-03-17T15:13:38.317+0000] {dag.py:3823} INFO - Setting next_dagrun for pipeline_ETL to 2026-03-16 23:00:00+00:00, run_after=2026-03-17 23:00:00+00:00
[2026-03-17T15:13:38.361+0000] {processor.py:183} INFO - Processing /opt/airflow/dags/ETL_pipeline.py took 0.154 seconds
[2026-03-17T15:14:08.758+0000] {processor.py:161} INFO - Started process (PID=248) to work on /opt/airflow/dags/ETL_pipeline.py
[2026-03-17T15:14:08.760+0000] {processor.py:830} INFO - Processing file /opt/airflow/dags/ETL_pipeline.py for tasks to queue
[2026-03-17T15:14:08.761+0000] {logging_mixin.py:188} INFO - [2026-03-17T15:14:08.761+0000] {dagbag.py:538} INFO - Filling up the DagBag from /opt/airflow/dags/ETL_pipeline.py
[2026-03-17T15:14:08.800+0000] {processor.py:840} INFO - DAG(s) 'pipeline_ETL' retrieved from /opt/airflow/dags/ETL_pipeline.py
[2026-03-17T15:14:08.857+0000] {logging_mixin.py:188} INFO - [2026-03-17T15:14:08.856+0000] {dag.py:3036} INFO - Sync 1 DAGs
[2026-03-17T15:14:08.882+0000] {logging_mixin.py:188} INFO - [2026-03-17T15:14:08.882+0000] {dag.py:3823} INFO - Setting next_dagrun for pipeline_ETL to 2026-03-16 23:00:00+00:00, run_after=2026-03-17 23:00:00+00:00
[2026-03-17T15:14:08.929+0000] {processor.py:183} INFO - Processing /opt/airflow/dags/ETL_pipeline.py took 0.175 seconds
[2026-03-17T15:14:39.113+0000] {processor.py:161} INFO - Started process (PID=253) to work on /opt/airflow/dags/ETL_pipeline.py
[2026-03-17T15:14:39.114+0000] {processor.py:830} INFO - Processing file /opt/airflow/dags/ETL_pipeline.py for tasks to queue
[2026-03-17T15:14:39.116+0000] {logging_mixin.py:188} INFO - [2026-03-17T15:14:39.115+0000] {dagbag.py:538} INFO - Filling up the DagBag from /opt/airflow/dags/ETL_pipeline.py
[2026-03-17T15:14:39.168+0000] {processor.py:840} INFO - DAG(s) 'pipeline_ETL' retrieved from /opt/airflow/dags/ETL_pipeline.py
[2026-03-17T15:14:39.224+0000] {logging_mixin.py:188} INFO - [2026-03-17T15:14:39.224+0000] {dag.py:3036} INFO - Sync 1 DAGs
[2026-03-17T15:14:39.258+0000] {logging_mixin.py:188} INFO - [2026-03-17T15:14:39.258+0000] {dag.py:3823} INFO - Setting next_dagrun for pipeline_ETL to 2026-03-16 23:00:00+00:00, run_after=2026-03-17 23:00:00+00:00
[2026-03-17T15:14:39.318+0000] {processor.py:183} INFO - Processing /opt/airflow/dags/ETL_pipeline.py took 0.209 seconds
[2026-03-17T15:15:09.613+0000] {processor.py:161} INFO - Started process (PID=258) to work on /opt/airflow/dags/ETL_pipeline.py
[2026-03-17T15:15:09.614+0000] {processor.py:830} INFO - Processing file /opt/airflow/dags/ETL_pipeline.py for tasks to queue
[2026-03-17T15:15:09.616+0000] {logging_mixin.py:188} INFO - [2026-03-17T15:15:09.615+0000] {dagbag.py:538} INFO - Filling up the DagBag from /opt/airflow/dags/ETL_pipeline.py
[2026-03-17T15:15:09.652+0000] {processor.py:840} INFO - DAG(s) 'pipeline_ETL' retrieved from /opt/airflow/dags/ETL_pipeline.py
[2026-03-17T15:15:09.684+0000] {logging_mixin.py:188} INFO - [2026-03-17T15:15:09.683+0000] {dag.py:3036} INFO - Sync 1 DAGs
[2026-03-17T15:15:09.711+0000] {logging_mixin.py:188} INFO - [2026-03-17T15:15:09.711+0000] {dag.py:3823} INFO - Setting next_dagrun for pipeline_ETL to 2026-03-16 23:00:00+00:00, run_after=2026-03-17 23:00:00+00:00
[2026-03-17T15:15:09.755+0000] {processor.py:183} INFO - Processing /opt/airflow/dags/ETL_pipeline.py took 0.146 seconds
[2026-03-17T15:15:39.981+0000] {processor.py:161} INFO - Started process (PID=263) to work on /opt/airflow/dags/ETL_pipeline.py
[2026-03-17T15:15:39.983+0000] {processor.py:830} INFO - Processing file /opt/airflow/dags/ETL_pipeline.py for tasks to queue
[2026-03-17T15:15:39.985+0000] {logging_mixin.py:188} INFO - [2026-03-17T15:15:39.985+0000] {dagbag.py:538} INFO - Filling up the DagBag from /opt/airflow/dags/ETL_pipeline.py
[2026-03-17T15:15:40.028+0000] {processor.py:840} INFO - DAG(s) 'pipeline_ETL' retrieved from /opt/airflow/dags/ETL_pipeline.py
[2026-03-17T15:15:40.068+0000] {logging_mixin.py:188} INFO - [2026-03-17T15:15:40.067+0000] {dag.py:3036} INFO - Sync 1 DAGs
[2026-03-17T15:15:40.096+0000] {logging_mixin.py:188} INFO - [2026-03-17T15:15:40.096+0000] {dag.py:3823} INFO - Setting next_dagrun for pipeline_ETL to 2026-03-16 23:00:00+00:00, run_after=2026-03-17 23:00:00+00:00
[2026-03-17T15:15:40.141+0000] {processor.py:183} INFO - Processing /opt/airflow/dags/ETL_pipeline.py took 0.166 seconds
[2026-03-17T15:16:10.473+0000] {processor.py:161} INFO - Started process (PID=268) to work on /opt/airflow/dags/ETL_pipeline.py
[2026-03-17T15:16:10.475+0000] {processor.py:830} INFO - Processing file /opt/airflow/dags/ETL_pipeline.py for tasks to queue
[2026-03-17T15:16:10.477+0000] {logging_mixin.py:188} INFO - [2026-03-17T15:16:10.476+0000] {dagbag.py:538} INFO - Filling up the DagBag from /opt/airflow/dags/ETL_pipeline.py
[2026-03-17T15:16:10.523+0000] {processor.py:840} INFO - DAG(s) 'pipeline_ETL' retrieved from /opt/airflow/dags/ETL_pipeline.py
[2026-03-17T15:16:10.561+0000] {logging_mixin.py:188} INFO - [2026-03-17T15:16:10.560+0000] {dag.py:3036} INFO - Sync 1 DAGs
[2026-03-17T15:16:10.589+0000] {logging_mixin.py:188} INFO - [2026-03-17T15:16:10.588+0000] {dag.py:3823} INFO - Setting next_dagrun for pipeline_ETL to 2026-03-16 23:00:00+00:00, run_after=2026-03-17 23:00:00+00:00
[2026-03-17T15:16:10.637+0000] {processor.py:183} INFO - Processing /opt/airflow/dags/ETL_pipeline.py took 0.168 seconds
