[2026-03-27T16:02:43.290+0000] {processor.py:161} INFO - Started process (PID=167) to work on /opt/airflow/dags/ETL_pipeline.py
[2026-03-27T16:02:43.328+0000] {processor.py:830} INFO - Processing file /opt/airflow/dags/ETL_pipeline.py for tasks to queue
[2026-03-27T16:02:43.361+0000] {logging_mixin.py:188} INFO - [2026-03-27T16:02:43.343+0000] {dagbag.py:538} INFO - Filling up the DagBag from /opt/airflow/dags/ETL_pipeline.py
[2026-03-27T16:02:43.660+0000] {processor.py:840} INFO - DAG(s) 'pipeline_ETL' retrieved from /opt/airflow/dags/ETL_pipeline.py
[2026-03-27T16:02:43.918+0000] {logging_mixin.py:188} INFO - [2026-03-27T16:02:43.917+0000] {dag.py:3036} INFO - Sync 1 DAGs
[2026-03-27T16:02:44.382+0000] {logging_mixin.py:188} INFO - [2026-03-27T16:02:44.382+0000] {dag.py:3823} INFO - Setting next_dagrun for pipeline_ETL to 2026-03-26 23:00:00+00:00, run_after=2026-03-27 23:00:00+00:00
[2026-03-27T16:02:44.460+0000] {processor.py:183} INFO - Processing /opt/airflow/dags/ETL_pipeline.py took 1.246 seconds
[2026-03-27T16:03:14.894+0000] {processor.py:161} INFO - Started process (PID=172) to work on /opt/airflow/dags/ETL_pipeline.py
[2026-03-27T16:03:14.899+0000] {processor.py:830} INFO - Processing file /opt/airflow/dags/ETL_pipeline.py for tasks to queue
[2026-03-27T16:03:14.904+0000] {logging_mixin.py:188} INFO - [2026-03-27T16:03:14.902+0000] {dagbag.py:538} INFO - Filling up the DagBag from /opt/airflow/dags/ETL_pipeline.py
[2026-03-27T16:03:15.007+0000] {processor.py:840} INFO - DAG(s) 'pipeline_ETL' retrieved from /opt/airflow/dags/ETL_pipeline.py
[2026-03-27T16:03:15.626+0000] {logging_mixin.py:188} INFO - [2026-03-27T16:03:15.625+0000] {dag.py:3036} INFO - Sync 1 DAGs
[2026-03-27T16:03:15.683+0000] {logging_mixin.py:188} INFO - [2026-03-27T16:03:15.682+0000] {dag.py:3823} INFO - Setting next_dagrun for pipeline_ETL to 2026-03-26 23:00:00+00:00, run_after=2026-03-27 23:00:00+00:00
[2026-03-27T16:03:15.760+0000] {processor.py:183} INFO - Processing /opt/airflow/dags/ETL_pipeline.py took 0.883 seconds
[2026-03-27T16:03:46.082+0000] {processor.py:161} INFO - Started process (PID=177) to work on /opt/airflow/dags/ETL_pipeline.py
[2026-03-27T16:03:46.084+0000] {processor.py:830} INFO - Processing file /opt/airflow/dags/ETL_pipeline.py for tasks to queue
[2026-03-27T16:03:46.086+0000] {logging_mixin.py:188} INFO - [2026-03-27T16:03:46.085+0000] {dagbag.py:538} INFO - Filling up the DagBag from /opt/airflow/dags/ETL_pipeline.py
[2026-03-27T16:03:46.132+0000] {processor.py:840} INFO - DAG(s) 'pipeline_ETL' retrieved from /opt/airflow/dags/ETL_pipeline.py
[2026-03-27T16:03:46.182+0000] {logging_mixin.py:188} INFO - [2026-03-27T16:03:46.181+0000] {dag.py:3036} INFO - Sync 1 DAGs
[2026-03-27T16:03:46.215+0000] {logging_mixin.py:188} INFO - [2026-03-27T16:03:46.215+0000] {dag.py:3823} INFO - Setting next_dagrun for pipeline_ETL to 2026-03-26 23:00:00+00:00, run_after=2026-03-27 23:00:00+00:00
[2026-03-27T16:03:46.266+0000] {processor.py:183} INFO - Processing /opt/airflow/dags/ETL_pipeline.py took 0.190 seconds
[2026-03-27T16:04:16.379+0000] {processor.py:161} INFO - Started process (PID=182) to work on /opt/airflow/dags/ETL_pipeline.py
[2026-03-27T16:04:16.381+0000] {processor.py:830} INFO - Processing file /opt/airflow/dags/ETL_pipeline.py for tasks to queue
[2026-03-27T16:04:16.382+0000] {logging_mixin.py:188} INFO - [2026-03-27T16:04:16.382+0000] {dagbag.py:538} INFO - Filling up the DagBag from /opt/airflow/dags/ETL_pipeline.py
[2026-03-27T16:04:16.418+0000] {processor.py:840} INFO - DAG(s) 'pipeline_ETL' retrieved from /opt/airflow/dags/ETL_pipeline.py
[2026-03-27T16:04:16.458+0000] {logging_mixin.py:188} INFO - [2026-03-27T16:04:16.458+0000] {dag.py:3036} INFO - Sync 1 DAGs
[2026-03-27T16:04:16.487+0000] {logging_mixin.py:188} INFO - [2026-03-27T16:04:16.487+0000] {dag.py:3823} INFO - Setting next_dagrun for pipeline_ETL to 2026-03-26 23:00:00+00:00, run_after=2026-03-27 23:00:00+00:00
[2026-03-27T16:04:16.532+0000] {processor.py:183} INFO - Processing /opt/airflow/dags/ETL_pipeline.py took 0.157 seconds
[2026-03-27T16:04:46.676+0000] {processor.py:161} INFO - Started process (PID=187) to work on /opt/airflow/dags/ETL_pipeline.py
[2026-03-27T16:04:46.678+0000] {processor.py:830} INFO - Processing file /opt/airflow/dags/ETL_pipeline.py for tasks to queue
[2026-03-27T16:04:46.679+0000] {logging_mixin.py:188} INFO - [2026-03-27T16:04:46.678+0000] {dagbag.py:538} INFO - Filling up the DagBag from /opt/airflow/dags/ETL_pipeline.py
[2026-03-27T16:04:46.717+0000] {processor.py:840} INFO - DAG(s) 'pipeline_ETL' retrieved from /opt/airflow/dags/ETL_pipeline.py
[2026-03-27T16:04:46.754+0000] {logging_mixin.py:188} INFO - [2026-03-27T16:04:46.754+0000] {dag.py:3036} INFO - Sync 1 DAGs
[2026-03-27T16:04:46.782+0000] {logging_mixin.py:188} INFO - [2026-03-27T16:04:46.782+0000] {dag.py:3823} INFO - Setting next_dagrun for pipeline_ETL to 2026-03-26 23:00:00+00:00, run_after=2026-03-27 23:00:00+00:00
[2026-03-27T16:04:46.830+0000] {processor.py:183} INFO - Processing /opt/airflow/dags/ETL_pipeline.py took 0.157 seconds
[2026-03-27T16:05:17.185+0000] {processor.py:161} INFO - Started process (PID=192) to work on /opt/airflow/dags/ETL_pipeline.py
[2026-03-27T16:05:17.188+0000] {processor.py:830} INFO - Processing file /opt/airflow/dags/ETL_pipeline.py for tasks to queue
[2026-03-27T16:05:17.193+0000] {logging_mixin.py:188} INFO - [2026-03-27T16:05:17.192+0000] {dagbag.py:538} INFO - Filling up the DagBag from /opt/airflow/dags/ETL_pipeline.py
[2026-03-27T16:05:17.250+0000] {processor.py:840} INFO - DAG(s) 'pipeline_ETL' retrieved from /opt/airflow/dags/ETL_pipeline.py
[2026-03-27T16:05:17.298+0000] {logging_mixin.py:188} INFO - [2026-03-27T16:05:17.297+0000] {dag.py:3036} INFO - Sync 1 DAGs
[2026-03-27T16:05:17.336+0000] {logging_mixin.py:188} INFO - [2026-03-27T16:05:17.336+0000] {dag.py:3823} INFO - Setting next_dagrun for pipeline_ETL to 2026-03-26 23:00:00+00:00, run_after=2026-03-27 23:00:00+00:00
[2026-03-27T16:05:17.384+0000] {processor.py:183} INFO - Processing /opt/airflow/dags/ETL_pipeline.py took 0.209 seconds
[2026-03-27T16:05:47.517+0000] {processor.py:161} INFO - Started process (PID=197) to work on /opt/airflow/dags/ETL_pipeline.py
[2026-03-27T16:05:47.520+0000] {processor.py:830} INFO - Processing file /opt/airflow/dags/ETL_pipeline.py for tasks to queue
[2026-03-27T16:05:47.522+0000] {logging_mixin.py:188} INFO - [2026-03-27T16:05:47.521+0000] {dagbag.py:538} INFO - Filling up the DagBag from /opt/airflow/dags/ETL_pipeline.py
[2026-03-27T16:05:47.556+0000] {processor.py:840} INFO - DAG(s) 'pipeline_ETL' retrieved from /opt/airflow/dags/ETL_pipeline.py
[2026-03-27T16:05:47.595+0000] {logging_mixin.py:188} INFO - [2026-03-27T16:05:47.595+0000] {dag.py:3036} INFO - Sync 1 DAGs
[2026-03-27T16:05:47.623+0000] {logging_mixin.py:188} INFO - [2026-03-27T16:05:47.623+0000] {dag.py:3823} INFO - Setting next_dagrun for pipeline_ETL to 2026-03-26 23:00:00+00:00, run_after=2026-03-27 23:00:00+00:00
[2026-03-27T16:05:47.670+0000] {processor.py:183} INFO - Processing /opt/airflow/dags/ETL_pipeline.py took 0.158 seconds
[2026-03-27T16:06:17.848+0000] {processor.py:161} INFO - Started process (PID=202) to work on /opt/airflow/dags/ETL_pipeline.py
[2026-03-27T16:06:17.849+0000] {processor.py:830} INFO - Processing file /opt/airflow/dags/ETL_pipeline.py for tasks to queue
[2026-03-27T16:06:17.851+0000] {logging_mixin.py:188} INFO - [2026-03-27T16:06:17.850+0000] {dagbag.py:538} INFO - Filling up the DagBag from /opt/airflow/dags/ETL_pipeline.py
[2026-03-27T16:06:17.889+0000] {processor.py:840} INFO - DAG(s) 'pipeline_ETL' retrieved from /opt/airflow/dags/ETL_pipeline.py
[2026-03-27T16:06:17.932+0000] {logging_mixin.py:188} INFO - [2026-03-27T16:06:17.932+0000] {dag.py:3036} INFO - Sync 1 DAGs
[2026-03-27T16:06:17.961+0000] {logging_mixin.py:188} INFO - [2026-03-27T16:06:17.961+0000] {dag.py:3823} INFO - Setting next_dagrun for pipeline_ETL to 2026-03-26 23:00:00+00:00, run_after=2026-03-27 23:00:00+00:00
[2026-03-27T16:06:18.006+0000] {processor.py:183} INFO - Processing /opt/airflow/dags/ETL_pipeline.py took 0.163 seconds
[2026-03-27T16:06:48.300+0000] {processor.py:161} INFO - Started process (PID=207) to work on /opt/airflow/dags/ETL_pipeline.py
[2026-03-27T16:06:48.302+0000] {processor.py:830} INFO - Processing file /opt/airflow/dags/ETL_pipeline.py for tasks to queue
[2026-03-27T16:06:48.303+0000] {logging_mixin.py:188} INFO - [2026-03-27T16:06:48.303+0000] {dagbag.py:538} INFO - Filling up the DagBag from /opt/airflow/dags/ETL_pipeline.py
[2026-03-27T16:06:48.341+0000] {processor.py:840} INFO - DAG(s) 'pipeline_ETL' retrieved from /opt/airflow/dags/ETL_pipeline.py
[2026-03-27T16:06:48.386+0000] {logging_mixin.py:188} INFO - [2026-03-27T16:06:48.385+0000] {dag.py:3036} INFO - Sync 1 DAGs
[2026-03-27T16:06:48.416+0000] {logging_mixin.py:188} INFO - [2026-03-27T16:06:48.416+0000] {dag.py:3823} INFO - Setting next_dagrun for pipeline_ETL to 2026-03-26 23:00:00+00:00, run_after=2026-03-27 23:00:00+00:00
[2026-03-27T16:06:48.460+0000] {processor.py:183} INFO - Processing /opt/airflow/dags/ETL_pipeline.py took 0.166 seconds
[2026-03-27T16:07:18.642+0000] {processor.py:161} INFO - Started process (PID=212) to work on /opt/airflow/dags/ETL_pipeline.py
[2026-03-27T16:07:18.644+0000] {processor.py:830} INFO - Processing file /opt/airflow/dags/ETL_pipeline.py for tasks to queue
[2026-03-27T16:07:18.646+0000] {logging_mixin.py:188} INFO - [2026-03-27T16:07:18.645+0000] {dagbag.py:538} INFO - Filling up the DagBag from /opt/airflow/dags/ETL_pipeline.py
[2026-03-27T16:07:18.693+0000] {processor.py:840} INFO - DAG(s) 'pipeline_ETL' retrieved from /opt/airflow/dags/ETL_pipeline.py
[2026-03-27T16:07:18.736+0000] {logging_mixin.py:188} INFO - [2026-03-27T16:07:18.736+0000] {dag.py:3036} INFO - Sync 1 DAGs
[2026-03-27T16:07:18.768+0000] {logging_mixin.py:188} INFO - [2026-03-27T16:07:18.768+0000] {dag.py:3823} INFO - Setting next_dagrun for pipeline_ETL to 2026-03-26 23:00:00+00:00, run_after=2026-03-27 23:00:00+00:00
[2026-03-27T16:07:18.815+0000] {processor.py:183} INFO - Processing /opt/airflow/dags/ETL_pipeline.py took 0.178 seconds
[2026-03-27T16:07:49.185+0000] {processor.py:161} INFO - Started process (PID=217) to work on /opt/airflow/dags/ETL_pipeline.py
[2026-03-27T16:07:49.187+0000] {processor.py:830} INFO - Processing file /opt/airflow/dags/ETL_pipeline.py for tasks to queue
[2026-03-27T16:07:49.189+0000] {logging_mixin.py:188} INFO - [2026-03-27T16:07:49.188+0000] {dagbag.py:538} INFO - Filling up the DagBag from /opt/airflow/dags/ETL_pipeline.py
[2026-03-27T16:07:49.226+0000] {processor.py:840} INFO - DAG(s) 'pipeline_ETL' retrieved from /opt/airflow/dags/ETL_pipeline.py
[2026-03-27T16:07:49.260+0000] {logging_mixin.py:188} INFO - [2026-03-27T16:07:49.260+0000] {dag.py:3036} INFO - Sync 1 DAGs
[2026-03-27T16:07:49.289+0000] {logging_mixin.py:188} INFO - [2026-03-27T16:07:49.289+0000] {dag.py:3823} INFO - Setting next_dagrun for pipeline_ETL to 2026-03-26 23:00:00+00:00, run_after=2026-03-27 23:00:00+00:00
[2026-03-27T16:07:49.341+0000] {processor.py:183} INFO - Processing /opt/airflow/dags/ETL_pipeline.py took 0.160 seconds
[2026-03-27T16:08:19.520+0000] {processor.py:161} INFO - Started process (PID=222) to work on /opt/airflow/dags/ETL_pipeline.py
[2026-03-27T16:08:19.523+0000] {processor.py:830} INFO - Processing file /opt/airflow/dags/ETL_pipeline.py for tasks to queue
[2026-03-27T16:08:19.526+0000] {logging_mixin.py:188} INFO - [2026-03-27T16:08:19.525+0000] {dagbag.py:538} INFO - Filling up the DagBag from /opt/airflow/dags/ETL_pipeline.py
[2026-03-27T16:08:19.592+0000] {processor.py:840} INFO - DAG(s) 'pipeline_ETL' retrieved from /opt/airflow/dags/ETL_pipeline.py
[2026-03-27T16:08:19.680+0000] {logging_mixin.py:188} INFO - [2026-03-27T16:08:19.680+0000] {dag.py:3036} INFO - Sync 1 DAGs
[2026-03-27T16:08:19.743+0000] {logging_mixin.py:188} INFO - [2026-03-27T16:08:19.743+0000] {dag.py:3823} INFO - Setting next_dagrun for pipeline_ETL to 2026-03-26 23:00:00+00:00, run_after=2026-03-27 23:00:00+00:00
[2026-03-27T16:08:19.806+0000] {processor.py:183} INFO - Processing /opt/airflow/dags/ETL_pipeline.py took 0.299 seconds
[2026-03-27T16:08:50.033+0000] {processor.py:161} INFO - Started process (PID=227) to work on /opt/airflow/dags/ETL_pipeline.py
[2026-03-27T16:08:50.035+0000] {processor.py:830} INFO - Processing file /opt/airflow/dags/ETL_pipeline.py for tasks to queue
[2026-03-27T16:08:50.037+0000] {logging_mixin.py:188} INFO - [2026-03-27T16:08:50.036+0000] {dagbag.py:538} INFO - Filling up the DagBag from /opt/airflow/dags/ETL_pipeline.py
[2026-03-27T16:08:50.106+0000] {processor.py:840} INFO - DAG(s) 'pipeline_ETL' retrieved from /opt/airflow/dags/ETL_pipeline.py
[2026-03-27T16:08:50.145+0000] {logging_mixin.py:188} INFO - [2026-03-27T16:08:50.145+0000] {dag.py:3036} INFO - Sync 1 DAGs
[2026-03-27T16:08:50.174+0000] {logging_mixin.py:188} INFO - [2026-03-27T16:08:50.173+0000] {dag.py:3823} INFO - Setting next_dagrun for pipeline_ETL to 2026-03-26 23:00:00+00:00, run_after=2026-03-27 23:00:00+00:00
[2026-03-27T16:08:50.219+0000] {processor.py:183} INFO - Processing /opt/airflow/dags/ETL_pipeline.py took 0.190 seconds
[2026-03-27T16:09:20.462+0000] {processor.py:161} INFO - Started process (PID=232) to work on /opt/airflow/dags/ETL_pipeline.py
[2026-03-27T16:09:20.464+0000] {processor.py:830} INFO - Processing file /opt/airflow/dags/ETL_pipeline.py for tasks to queue
[2026-03-27T16:09:20.465+0000] {logging_mixin.py:188} INFO - [2026-03-27T16:09:20.465+0000] {dagbag.py:538} INFO - Filling up the DagBag from /opt/airflow/dags/ETL_pipeline.py
[2026-03-27T16:09:20.506+0000] {processor.py:840} INFO - DAG(s) 'pipeline_ETL' retrieved from /opt/airflow/dags/ETL_pipeline.py
[2026-03-27T16:09:20.552+0000] {logging_mixin.py:188} INFO - [2026-03-27T16:09:20.552+0000] {dag.py:3036} INFO - Sync 1 DAGs
[2026-03-27T16:09:20.580+0000] {logging_mixin.py:188} INFO - [2026-03-27T16:09:20.580+0000] {dag.py:3823} INFO - Setting next_dagrun for pipeline_ETL to 2026-03-26 23:00:00+00:00, run_after=2026-03-27 23:00:00+00:00
[2026-03-27T16:09:20.627+0000] {processor.py:183} INFO - Processing /opt/airflow/dags/ETL_pipeline.py took 0.169 seconds
[2026-03-27T16:09:51.011+0000] {processor.py:161} INFO - Started process (PID=237) to work on /opt/airflow/dags/ETL_pipeline.py
[2026-03-27T16:09:51.014+0000] {processor.py:830} INFO - Processing file /opt/airflow/dags/ETL_pipeline.py for tasks to queue
[2026-03-27T16:09:51.019+0000] {logging_mixin.py:188} INFO - [2026-03-27T16:09:51.018+0000] {dagbag.py:538} INFO - Filling up the DagBag from /opt/airflow/dags/ETL_pipeline.py
[2026-03-27T16:09:51.095+0000] {processor.py:840} INFO - DAG(s) 'pipeline_ETL' retrieved from /opt/airflow/dags/ETL_pipeline.py
[2026-03-27T16:09:51.171+0000] {logging_mixin.py:188} INFO - [2026-03-27T16:09:51.170+0000] {dag.py:3036} INFO - Sync 1 DAGs
[2026-03-27T16:09:51.234+0000] {logging_mixin.py:188} INFO - [2026-03-27T16:09:51.234+0000] {dag.py:3823} INFO - Setting next_dagrun for pipeline_ETL to 2026-03-26 23:00:00+00:00, run_after=2026-03-27 23:00:00+00:00
[2026-03-27T16:09:51.307+0000] {processor.py:183} INFO - Processing /opt/airflow/dags/ETL_pipeline.py took 0.307 seconds
[2026-03-27T16:10:21.722+0000] {processor.py:161} INFO - Started process (PID=242) to work on /opt/airflow/dags/ETL_pipeline.py
[2026-03-27T16:10:21.727+0000] {processor.py:830} INFO - Processing file /opt/airflow/dags/ETL_pipeline.py for tasks to queue
[2026-03-27T16:10:21.732+0000] {logging_mixin.py:188} INFO - [2026-03-27T16:10:21.731+0000] {dagbag.py:538} INFO - Filling up the DagBag from /opt/airflow/dags/ETL_pipeline.py
[2026-03-27T16:10:21.809+0000] {processor.py:840} INFO - DAG(s) 'pipeline_ETL' retrieved from /opt/airflow/dags/ETL_pipeline.py
[2026-03-27T16:10:21.919+0000] {logging_mixin.py:188} INFO - [2026-03-27T16:10:21.918+0000] {dag.py:3036} INFO - Sync 1 DAGs
[2026-03-27T16:10:22.001+0000] {logging_mixin.py:188} INFO - [2026-03-27T16:10:22.001+0000] {dag.py:3823} INFO - Setting next_dagrun for pipeline_ETL to 2026-03-26 23:00:00+00:00, run_after=2026-03-27 23:00:00+00:00
[2026-03-27T16:10:22.082+0000] {processor.py:183} INFO - Processing /opt/airflow/dags/ETL_pipeline.py took 0.372 seconds
[2026-03-27T16:10:52.447+0000] {processor.py:161} INFO - Started process (PID=247) to work on /opt/airflow/dags/ETL_pipeline.py
[2026-03-27T16:10:52.449+0000] {processor.py:830} INFO - Processing file /opt/airflow/dags/ETL_pipeline.py for tasks to queue
[2026-03-27T16:10:52.451+0000] {logging_mixin.py:188} INFO - [2026-03-27T16:10:52.451+0000] {dagbag.py:538} INFO - Filling up the DagBag from /opt/airflow/dags/ETL_pipeline.py
[2026-03-27T16:10:52.498+0000] {processor.py:840} INFO - DAG(s) 'pipeline_ETL' retrieved from /opt/airflow/dags/ETL_pipeline.py
[2026-03-27T16:10:52.555+0000] {logging_mixin.py:188} INFO - [2026-03-27T16:10:52.554+0000] {dag.py:3036} INFO - Sync 1 DAGs
[2026-03-27T16:10:52.604+0000] {logging_mixin.py:188} INFO - [2026-03-27T16:10:52.603+0000] {dag.py:3823} INFO - Setting next_dagrun for pipeline_ETL to 2026-03-26 23:00:00+00:00, run_after=2026-03-27 23:00:00+00:00
[2026-03-27T16:10:52.668+0000] {processor.py:183} INFO - Processing /opt/airflow/dags/ETL_pipeline.py took 0.226 seconds
[2026-03-27T16:11:23.048+0000] {processor.py:161} INFO - Started process (PID=252) to work on /opt/airflow/dags/ETL_pipeline.py
[2026-03-27T16:11:23.050+0000] {processor.py:830} INFO - Processing file /opt/airflow/dags/ETL_pipeline.py for tasks to queue
[2026-03-27T16:11:23.051+0000] {logging_mixin.py:188} INFO - [2026-03-27T16:11:23.051+0000] {dagbag.py:538} INFO - Filling up the DagBag from /opt/airflow/dags/ETL_pipeline.py
[2026-03-27T16:11:23.089+0000] {processor.py:840} INFO - DAG(s) 'pipeline_ETL' retrieved from /opt/airflow/dags/ETL_pipeline.py
[2026-03-27T16:11:23.130+0000] {logging_mixin.py:188} INFO - [2026-03-27T16:11:23.130+0000] {dag.py:3036} INFO - Sync 1 DAGs
[2026-03-27T16:11:23.164+0000] {logging_mixin.py:188} INFO - [2026-03-27T16:11:23.163+0000] {dag.py:3823} INFO - Setting next_dagrun for pipeline_ETL to 2026-03-26 23:00:00+00:00, run_after=2026-03-27 23:00:00+00:00
[2026-03-27T16:11:23.217+0000] {processor.py:183} INFO - Processing /opt/airflow/dags/ETL_pipeline.py took 0.173 seconds
[2026-03-27T16:11:53.381+0000] {processor.py:161} INFO - Started process (PID=257) to work on /opt/airflow/dags/ETL_pipeline.py
[2026-03-27T16:11:53.383+0000] {processor.py:830} INFO - Processing file /opt/airflow/dags/ETL_pipeline.py for tasks to queue
[2026-03-27T16:11:53.384+0000] {logging_mixin.py:188} INFO - [2026-03-27T16:11:53.384+0000] {dagbag.py:538} INFO - Filling up the DagBag from /opt/airflow/dags/ETL_pipeline.py
[2026-03-27T16:11:53.425+0000] {processor.py:840} INFO - DAG(s) 'pipeline_ETL' retrieved from /opt/airflow/dags/ETL_pipeline.py
[2026-03-27T16:11:53.461+0000] {logging_mixin.py:188} INFO - [2026-03-27T16:11:53.461+0000] {dag.py:3036} INFO - Sync 1 DAGs
[2026-03-27T16:11:53.488+0000] {logging_mixin.py:188} INFO - [2026-03-27T16:11:53.487+0000] {dag.py:3823} INFO - Setting next_dagrun for pipeline_ETL to 2026-03-26 23:00:00+00:00, run_after=2026-03-27 23:00:00+00:00
[2026-03-27T16:11:53.535+0000] {processor.py:183} INFO - Processing /opt/airflow/dags/ETL_pipeline.py took 0.158 seconds
[2026-03-27T16:12:23.953+0000] {processor.py:161} INFO - Started process (PID=262) to work on /opt/airflow/dags/ETL_pipeline.py
[2026-03-27T16:12:23.955+0000] {processor.py:830} INFO - Processing file /opt/airflow/dags/ETL_pipeline.py for tasks to queue
[2026-03-27T16:12:23.958+0000] {logging_mixin.py:188} INFO - [2026-03-27T16:12:23.957+0000] {dagbag.py:538} INFO - Filling up the DagBag from /opt/airflow/dags/ETL_pipeline.py
[2026-03-27T16:12:24.019+0000] {processor.py:840} INFO - DAG(s) 'pipeline_ETL' retrieved from /opt/airflow/dags/ETL_pipeline.py
[2026-03-27T16:12:24.107+0000] {logging_mixin.py:188} INFO - [2026-03-27T16:12:24.106+0000] {dag.py:3036} INFO - Sync 1 DAGs
[2026-03-27T16:12:24.169+0000] {logging_mixin.py:188} INFO - [2026-03-27T16:12:24.168+0000] {dag.py:3823} INFO - Setting next_dagrun for pipeline_ETL to 2026-03-26 23:00:00+00:00, run_after=2026-03-27 23:00:00+00:00
[2026-03-27T16:12:24.237+0000] {processor.py:183} INFO - Processing /opt/airflow/dags/ETL_pipeline.py took 0.291 seconds
[2026-03-27T16:12:54.425+0000] {processor.py:161} INFO - Started process (PID=267) to work on /opt/airflow/dags/ETL_pipeline.py
[2026-03-27T16:12:54.429+0000] {processor.py:830} INFO - Processing file /opt/airflow/dags/ETL_pipeline.py for tasks to queue
[2026-03-27T16:12:54.432+0000] {logging_mixin.py:188} INFO - [2026-03-27T16:12:54.431+0000] {dagbag.py:538} INFO - Filling up the DagBag from /opt/airflow/dags/ETL_pipeline.py
[2026-03-27T16:12:54.500+0000] {processor.py:840} INFO - DAG(s) 'pipeline_ETL' retrieved from /opt/airflow/dags/ETL_pipeline.py
[2026-03-27T16:12:54.588+0000] {logging_mixin.py:188} INFO - [2026-03-27T16:12:54.587+0000] {dag.py:3036} INFO - Sync 1 DAGs
[2026-03-27T16:12:54.673+0000] {logging_mixin.py:188} INFO - [2026-03-27T16:12:54.673+0000] {dag.py:3823} INFO - Setting next_dagrun for pipeline_ETL to 2026-03-26 23:00:00+00:00, run_after=2026-03-27 23:00:00+00:00
[2026-03-27T16:12:54.771+0000] {processor.py:183} INFO - Processing /opt/airflow/dags/ETL_pipeline.py took 0.354 seconds
[2026-03-27T16:13:25.019+0000] {processor.py:161} INFO - Started process (PID=272) to work on /opt/airflow/dags/ETL_pipeline.py
[2026-03-27T16:13:25.020+0000] {processor.py:830} INFO - Processing file /opt/airflow/dags/ETL_pipeline.py for tasks to queue
[2026-03-27T16:13:25.022+0000] {logging_mixin.py:188} INFO - [2026-03-27T16:13:25.021+0000] {dagbag.py:538} INFO - Filling up the DagBag from /opt/airflow/dags/ETL_pipeline.py
[2026-03-27T16:13:25.058+0000] {processor.py:840} INFO - DAG(s) 'pipeline_ETL' retrieved from /opt/airflow/dags/ETL_pipeline.py
[2026-03-27T16:13:25.092+0000] {logging_mixin.py:188} INFO - [2026-03-27T16:13:25.091+0000] {dag.py:3036} INFO - Sync 1 DAGs
[2026-03-27T16:13:25.118+0000] {logging_mixin.py:188} INFO - [2026-03-27T16:13:25.118+0000] {dag.py:3823} INFO - Setting next_dagrun for pipeline_ETL to 2026-03-26 23:00:00+00:00, run_after=2026-03-27 23:00:00+00:00
[2026-03-27T16:13:25.164+0000] {processor.py:183} INFO - Processing /opt/airflow/dags/ETL_pipeline.py took 0.149 seconds
[2026-03-27T16:13:55.495+0000] {processor.py:161} INFO - Started process (PID=277) to work on /opt/airflow/dags/ETL_pipeline.py
[2026-03-27T16:13:55.497+0000] {processor.py:830} INFO - Processing file /opt/airflow/dags/ETL_pipeline.py for tasks to queue
[2026-03-27T16:13:55.499+0000] {logging_mixin.py:188} INFO - [2026-03-27T16:13:55.498+0000] {dagbag.py:538} INFO - Filling up the DagBag from /opt/airflow/dags/ETL_pipeline.py
[2026-03-27T16:13:55.547+0000] {processor.py:840} INFO - DAG(s) 'pipeline_ETL' retrieved from /opt/airflow/dags/ETL_pipeline.py
[2026-03-27T16:13:55.618+0000] {logging_mixin.py:188} INFO - [2026-03-27T16:13:55.617+0000] {dag.py:3036} INFO - Sync 1 DAGs
[2026-03-27T16:13:55.673+0000] {logging_mixin.py:188} INFO - [2026-03-27T16:13:55.673+0000] {dag.py:3823} INFO - Setting next_dagrun for pipeline_ETL to 2026-03-26 23:00:00+00:00, run_after=2026-03-27 23:00:00+00:00
[2026-03-27T16:13:55.756+0000] {processor.py:183} INFO - Processing /opt/airflow/dags/ETL_pipeline.py took 0.266 seconds
[2026-03-27T16:14:25.877+0000] {processor.py:161} INFO - Started process (PID=282) to work on /opt/airflow/dags/ETL_pipeline.py
[2026-03-27T16:14:25.881+0000] {processor.py:830} INFO - Processing file /opt/airflow/dags/ETL_pipeline.py for tasks to queue
[2026-03-27T16:14:25.883+0000] {logging_mixin.py:188} INFO - [2026-03-27T16:14:25.883+0000] {dagbag.py:538} INFO - Filling up the DagBag from /opt/airflow/dags/ETL_pipeline.py
[2026-03-27T16:14:25.950+0000] {processor.py:840} INFO - DAG(s) 'pipeline_ETL' retrieved from /opt/airflow/dags/ETL_pipeline.py
[2026-03-27T16:14:26.036+0000] {logging_mixin.py:188} INFO - [2026-03-27T16:14:26.036+0000] {dag.py:3036} INFO - Sync 1 DAGs
[2026-03-27T16:14:26.100+0000] {logging_mixin.py:188} INFO - [2026-03-27T16:14:26.100+0000] {dag.py:3823} INFO - Setting next_dagrun for pipeline_ETL to 2026-03-26 23:00:00+00:00, run_after=2026-03-27 23:00:00+00:00
[2026-03-27T16:14:26.172+0000] {processor.py:183} INFO - Processing /opt/airflow/dags/ETL_pipeline.py took 0.306 seconds
[2026-03-27T16:14:56.532+0000] {processor.py:161} INFO - Started process (PID=287) to work on /opt/airflow/dags/ETL_pipeline.py
[2026-03-27T16:14:56.538+0000] {processor.py:830} INFO - Processing file /opt/airflow/dags/ETL_pipeline.py for tasks to queue
[2026-03-27T16:14:56.542+0000] {logging_mixin.py:188} INFO - [2026-03-27T16:14:56.541+0000] {dagbag.py:538} INFO - Filling up the DagBag from /opt/airflow/dags/ETL_pipeline.py
[2026-03-27T16:14:56.646+0000] {processor.py:840} INFO - DAG(s) 'pipeline_ETL' retrieved from /opt/airflow/dags/ETL_pipeline.py
[2026-03-27T16:14:56.808+0000] {logging_mixin.py:188} INFO - [2026-03-27T16:14:56.807+0000] {dag.py:3036} INFO - Sync 1 DAGs
[2026-03-27T16:14:56.908+0000] {logging_mixin.py:188} INFO - [2026-03-27T16:14:56.907+0000] {dag.py:3823} INFO - Setting next_dagrun for pipeline_ETL to 2026-03-26 23:00:00+00:00, run_after=2026-03-27 23:00:00+00:00
[2026-03-27T16:14:57.044+0000] {processor.py:183} INFO - Processing /opt/airflow/dags/ETL_pipeline.py took 0.523 seconds
[2026-03-27T16:15:27.175+0000] {processor.py:161} INFO - Started process (PID=292) to work on /opt/airflow/dags/ETL_pipeline.py
[2026-03-27T16:15:27.176+0000] {processor.py:830} INFO - Processing file /opt/airflow/dags/ETL_pipeline.py for tasks to queue
[2026-03-27T16:15:27.178+0000] {logging_mixin.py:188} INFO - [2026-03-27T16:15:27.177+0000] {dagbag.py:538} INFO - Filling up the DagBag from /opt/airflow/dags/ETL_pipeline.py
[2026-03-27T16:15:27.218+0000] {processor.py:840} INFO - DAG(s) 'pipeline_ETL' retrieved from /opt/airflow/dags/ETL_pipeline.py
[2026-03-27T16:15:27.276+0000] {logging_mixin.py:188} INFO - [2026-03-27T16:15:27.275+0000] {dag.py:3036} INFO - Sync 1 DAGs
[2026-03-27T16:15:27.336+0000] {logging_mixin.py:188} INFO - [2026-03-27T16:15:27.335+0000] {dag.py:3823} INFO - Setting next_dagrun for pipeline_ETL to 2026-03-26 23:00:00+00:00, run_after=2026-03-27 23:00:00+00:00
[2026-03-27T16:15:27.404+0000] {processor.py:183} INFO - Processing /opt/airflow/dags/ETL_pipeline.py took 0.234 seconds
[2026-03-27T16:15:57.548+0000] {processor.py:161} INFO - Started process (PID=297) to work on /opt/airflow/dags/ETL_pipeline.py
[2026-03-27T16:15:57.551+0000] {processor.py:830} INFO - Processing file /opt/airflow/dags/ETL_pipeline.py for tasks to queue
[2026-03-27T16:15:57.553+0000] {logging_mixin.py:188} INFO - [2026-03-27T16:15:57.552+0000] {dagbag.py:538} INFO - Filling up the DagBag from /opt/airflow/dags/ETL_pipeline.py
[2026-03-27T16:15:57.612+0000] {processor.py:840} INFO - DAG(s) 'pipeline_ETL' retrieved from /opt/airflow/dags/ETL_pipeline.py
[2026-03-27T16:15:57.690+0000] {logging_mixin.py:188} INFO - [2026-03-27T16:15:57.689+0000] {dag.py:3036} INFO - Sync 1 DAGs
[2026-03-27T16:15:57.788+0000] {logging_mixin.py:188} INFO - [2026-03-27T16:15:57.788+0000] {dag.py:3823} INFO - Setting next_dagrun for pipeline_ETL to 2026-03-26 23:00:00+00:00, run_after=2026-03-27 23:00:00+00:00
[2026-03-27T16:15:57.874+0000] {processor.py:183} INFO - Processing /opt/airflow/dags/ETL_pipeline.py took 0.337 seconds
[2026-03-27T16:16:28.110+0000] {processor.py:161} INFO - Started process (PID=302) to work on /opt/airflow/dags/ETL_pipeline.py
[2026-03-27T16:16:28.112+0000] {processor.py:830} INFO - Processing file /opt/airflow/dags/ETL_pipeline.py for tasks to queue
[2026-03-27T16:16:28.114+0000] {logging_mixin.py:188} INFO - [2026-03-27T16:16:28.113+0000] {dagbag.py:538} INFO - Filling up the DagBag from /opt/airflow/dags/ETL_pipeline.py
[2026-03-27T16:16:28.152+0000] {processor.py:840} INFO - DAG(s) 'pipeline_ETL' retrieved from /opt/airflow/dags/ETL_pipeline.py
[2026-03-27T16:16:28.189+0000] {logging_mixin.py:188} INFO - [2026-03-27T16:16:28.188+0000] {dag.py:3036} INFO - Sync 1 DAGs
[2026-03-27T16:16:28.221+0000] {logging_mixin.py:188} INFO - [2026-03-27T16:16:28.221+0000] {dag.py:3823} INFO - Setting next_dagrun for pipeline_ETL to 2026-03-26 23:00:00+00:00, run_after=2026-03-27 23:00:00+00:00
[2026-03-27T16:16:28.270+0000] {processor.py:183} INFO - Processing /opt/airflow/dags/ETL_pipeline.py took 0.164 seconds
[2026-03-27T16:16:58.582+0000] {processor.py:161} INFO - Started process (PID=307) to work on /opt/airflow/dags/ETL_pipeline.py
[2026-03-27T16:16:58.585+0000] {processor.py:830} INFO - Processing file /opt/airflow/dags/ETL_pipeline.py for tasks to queue
[2026-03-27T16:16:58.589+0000] {logging_mixin.py:188} INFO - [2026-03-27T16:16:58.589+0000] {dagbag.py:538} INFO - Filling up the DagBag from /opt/airflow/dags/ETL_pipeline.py
[2026-03-27T16:16:58.660+0000] {processor.py:840} INFO - DAG(s) 'pipeline_ETL' retrieved from /opt/airflow/dags/ETL_pipeline.py
[2026-03-27T16:16:58.765+0000] {logging_mixin.py:188} INFO - [2026-03-27T16:16:58.764+0000] {dag.py:3036} INFO - Sync 1 DAGs
[2026-03-27T16:16:58.831+0000] {logging_mixin.py:188} INFO - [2026-03-27T16:16:58.831+0000] {dag.py:3823} INFO - Setting next_dagrun for pipeline_ETL to 2026-03-26 23:00:00+00:00, run_after=2026-03-27 23:00:00+00:00
[2026-03-27T16:16:58.910+0000] {processor.py:183} INFO - Processing /opt/airflow/dags/ETL_pipeline.py took 0.336 seconds
[2026-03-27T16:17:29.329+0000] {processor.py:161} INFO - Started process (PID=312) to work on /opt/airflow/dags/ETL_pipeline.py
[2026-03-27T16:17:29.334+0000] {processor.py:830} INFO - Processing file /opt/airflow/dags/ETL_pipeline.py for tasks to queue
[2026-03-27T16:17:29.339+0000] {logging_mixin.py:188} INFO - [2026-03-27T16:17:29.337+0000] {dagbag.py:538} INFO - Filling up the DagBag from /opt/airflow/dags/ETL_pipeline.py
[2026-03-27T16:17:29.453+0000] {processor.py:840} INFO - DAG(s) 'pipeline_ETL' retrieved from /opt/airflow/dags/ETL_pipeline.py
[2026-03-27T16:17:29.556+0000] {logging_mixin.py:188} INFO - [2026-03-27T16:17:29.556+0000] {dag.py:3036} INFO - Sync 1 DAGs
[2026-03-27T16:17:29.643+0000] {logging_mixin.py:188} INFO - [2026-03-27T16:17:29.643+0000] {dag.py:3823} INFO - Setting next_dagrun for pipeline_ETL to 2026-03-26 23:00:00+00:00, run_after=2026-03-27 23:00:00+00:00
[2026-03-27T16:17:29.739+0000] {processor.py:183} INFO - Processing /opt/airflow/dags/ETL_pipeline.py took 0.425 seconds
[2026-03-27T16:18:00.518+0000] {processor.py:161} INFO - Started process (PID=317) to work on /opt/airflow/dags/ETL_pipeline.py
[2026-03-27T16:18:00.522+0000] {processor.py:830} INFO - Processing file /opt/airflow/dags/ETL_pipeline.py for tasks to queue
[2026-03-27T16:18:00.527+0000] {logging_mixin.py:188} INFO - [2026-03-27T16:18:00.525+0000] {dagbag.py:538} INFO - Filling up the DagBag from /opt/airflow/dags/ETL_pipeline.py
[2026-03-27T16:18:00.634+0000] {processor.py:840} INFO - DAG(s) 'pipeline_ETL' retrieved from /opt/airflow/dags/ETL_pipeline.py
[2026-03-27T16:18:00.780+0000] {logging_mixin.py:188} INFO - [2026-03-27T16:18:00.780+0000] {dag.py:3036} INFO - Sync 1 DAGs
[2026-03-27T16:18:00.929+0000] {logging_mixin.py:188} INFO - [2026-03-27T16:18:00.927+0000] {dag.py:3823} INFO - Setting next_dagrun for pipeline_ETL to 2026-03-26 23:00:00+00:00, run_after=2026-03-27 23:00:00+00:00
[2026-03-27T16:18:01.056+0000] {processor.py:183} INFO - Processing /opt/airflow/dags/ETL_pipeline.py took 0.552 seconds
[2026-03-27T16:18:31.623+0000] {processor.py:161} INFO - Started process (PID=322) to work on /opt/airflow/dags/ETL_pipeline.py
[2026-03-27T16:18:31.626+0000] {processor.py:830} INFO - Processing file /opt/airflow/dags/ETL_pipeline.py for tasks to queue
[2026-03-27T16:18:31.630+0000] {logging_mixin.py:188} INFO - [2026-03-27T16:18:31.629+0000] {dagbag.py:538} INFO - Filling up the DagBag from /opt/airflow/dags/ETL_pipeline.py
[2026-03-27T16:18:31.717+0000] {processor.py:840} INFO - DAG(s) 'pipeline_ETL' retrieved from /opt/airflow/dags/ETL_pipeline.py
[2026-03-27T16:18:31.828+0000] {logging_mixin.py:188} INFO - [2026-03-27T16:18:31.827+0000] {dag.py:3036} INFO - Sync 1 DAGs
[2026-03-27T16:18:31.918+0000] {logging_mixin.py:188} INFO - [2026-03-27T16:18:31.917+0000] {dag.py:3823} INFO - Setting next_dagrun for pipeline_ETL to 2026-03-26 23:00:00+00:00, run_after=2026-03-27 23:00:00+00:00
[2026-03-27T16:18:32.051+0000] {processor.py:183} INFO - Processing /opt/airflow/dags/ETL_pipeline.py took 0.440 seconds
[2026-03-27T16:19:55.781+0000] {processor.py:161} INFO - Started process (PID=166) to work on /opt/airflow/dags/ETL_pipeline.py
[2026-03-27T16:19:55.791+0000] {processor.py:830} INFO - Processing file /opt/airflow/dags/ETL_pipeline.py for tasks to queue
[2026-03-27T16:19:55.796+0000] {logging_mixin.py:188} INFO - [2026-03-27T16:19:55.795+0000] {dagbag.py:538} INFO - Filling up the DagBag from /opt/airflow/dags/ETL_pipeline.py
[2026-03-27T16:19:55.927+0000] {processor.py:840} INFO - DAG(s) 'pipeline_ETL' retrieved from /opt/airflow/dags/ETL_pipeline.py
[2026-03-27T16:19:56.138+0000] {logging_mixin.py:188} INFO - [2026-03-27T16:19:56.137+0000] {dag.py:3036} INFO - Sync 1 DAGs
[2026-03-27T16:19:56.320+0000] {logging_mixin.py:188} INFO - [2026-03-27T16:19:56.318+0000] {dag.py:3823} INFO - Setting next_dagrun for pipeline_ETL to 2026-03-26 23:00:00+00:00, run_after=2026-03-27 23:00:00+00:00
[2026-03-27T16:19:56.459+0000] {processor.py:183} INFO - Processing /opt/airflow/dags/ETL_pipeline.py took 0.690 seconds
[2026-03-27T16:20:26.890+0000] {processor.py:161} INFO - Started process (PID=172) to work on /opt/airflow/dags/ETL_pipeline.py
[2026-03-27T16:20:26.894+0000] {processor.py:830} INFO - Processing file /opt/airflow/dags/ETL_pipeline.py for tasks to queue
[2026-03-27T16:20:26.896+0000] {logging_mixin.py:188} INFO - [2026-03-27T16:20:26.896+0000] {dagbag.py:538} INFO - Filling up the DagBag from /opt/airflow/dags/ETL_pipeline.py
[2026-03-27T16:20:26.953+0000] {processor.py:840} INFO - DAG(s) 'pipeline_ETL' retrieved from /opt/airflow/dags/ETL_pipeline.py
[2026-03-27T16:20:27.171+0000] {logging_mixin.py:188} INFO - [2026-03-27T16:20:27.171+0000] {dag.py:3036} INFO - Sync 1 DAGs
[2026-03-27T16:20:27.216+0000] {logging_mixin.py:188} INFO - [2026-03-27T16:20:27.215+0000] {dag.py:3823} INFO - Setting next_dagrun for pipeline_ETL to 2026-03-26 23:00:00+00:00, run_after=2026-03-27 23:00:00+00:00
[2026-03-27T16:20:27.272+0000] {processor.py:183} INFO - Processing /opt/airflow/dags/ETL_pipeline.py took 0.391 seconds
[2026-03-27T16:20:57.835+0000] {processor.py:161} INFO - Started process (PID=177) to work on /opt/airflow/dags/ETL_pipeline.py
[2026-03-27T16:20:57.839+0000] {processor.py:830} INFO - Processing file /opt/airflow/dags/ETL_pipeline.py for tasks to queue
[2026-03-27T16:20:57.844+0000] {logging_mixin.py:188} INFO - [2026-03-27T16:20:57.843+0000] {dagbag.py:538} INFO - Filling up the DagBag from /opt/airflow/dags/ETL_pipeline.py
[2026-03-27T16:20:57.922+0000] {processor.py:840} INFO - DAG(s) 'pipeline_ETL' retrieved from /opt/airflow/dags/ETL_pipeline.py
[2026-03-27T16:20:58.041+0000] {logging_mixin.py:188} INFO - [2026-03-27T16:20:58.040+0000] {dag.py:3036} INFO - Sync 1 DAGs
[2026-03-27T16:20:58.139+0000] {logging_mixin.py:188} INFO - [2026-03-27T16:20:58.139+0000] {dag.py:3823} INFO - Setting next_dagrun for pipeline_ETL to 2026-03-26 23:00:00+00:00, run_after=2026-03-27 23:00:00+00:00
[2026-03-27T16:20:58.224+0000] {processor.py:183} INFO - Processing /opt/airflow/dags/ETL_pipeline.py took 0.402 seconds
[2026-03-27T16:21:28.794+0000] {processor.py:161} INFO - Started process (PID=182) to work on /opt/airflow/dags/ETL_pipeline.py
[2026-03-27T16:21:28.800+0000] {processor.py:830} INFO - Processing file /opt/airflow/dags/ETL_pipeline.py for tasks to queue
[2026-03-27T16:21:28.805+0000] {logging_mixin.py:188} INFO - [2026-03-27T16:21:28.803+0000] {dagbag.py:538} INFO - Filling up the DagBag from /opt/airflow/dags/ETL_pipeline.py
[2026-03-27T16:21:28.898+0000] {processor.py:840} INFO - DAG(s) 'pipeline_ETL' retrieved from /opt/airflow/dags/ETL_pipeline.py
[2026-03-27T16:21:29.041+0000] {logging_mixin.py:188} INFO - [2026-03-27T16:21:29.039+0000] {dag.py:3036} INFO - Sync 1 DAGs
[2026-03-27T16:21:29.168+0000] {logging_mixin.py:188} INFO - [2026-03-27T16:21:29.167+0000] {dag.py:3823} INFO - Setting next_dagrun for pipeline_ETL to 2026-03-26 23:00:00+00:00, run_after=2026-03-27 23:00:00+00:00
[2026-03-27T16:21:29.266+0000] {processor.py:183} INFO - Processing /opt/airflow/dags/ETL_pipeline.py took 0.489 seconds
[2026-03-27T16:21:59.558+0000] {processor.py:161} INFO - Started process (PID=187) to work on /opt/airflow/dags/ETL_pipeline.py
[2026-03-27T16:21:59.562+0000] {processor.py:830} INFO - Processing file /opt/airflow/dags/ETL_pipeline.py for tasks to queue
[2026-03-27T16:21:59.567+0000] {logging_mixin.py:188} INFO - [2026-03-27T16:21:59.565+0000] {dagbag.py:538} INFO - Filling up the DagBag from /opt/airflow/dags/ETL_pipeline.py
[2026-03-27T16:21:59.663+0000] {processor.py:840} INFO - DAG(s) 'pipeline_ETL' retrieved from /opt/airflow/dags/ETL_pipeline.py
[2026-03-27T16:21:59.784+0000] {logging_mixin.py:188} INFO - [2026-03-27T16:21:59.783+0000] {dag.py:3036} INFO - Sync 1 DAGs
[2026-03-27T16:21:59.866+0000] {logging_mixin.py:188} INFO - [2026-03-27T16:21:59.866+0000] {dag.py:3823} INFO - Setting next_dagrun for pipeline_ETL to 2026-03-26 23:00:00+00:00, run_after=2026-03-27 23:00:00+00:00
[2026-03-27T16:21:59.964+0000] {processor.py:183} INFO - Processing /opt/airflow/dags/ETL_pipeline.py took 0.427 seconds
[2026-03-27T16:22:30.426+0000] {processor.py:161} INFO - Started process (PID=192) to work on /opt/airflow/dags/ETL_pipeline.py
[2026-03-27T16:22:30.429+0000] {processor.py:830} INFO - Processing file /opt/airflow/dags/ETL_pipeline.py for tasks to queue
[2026-03-27T16:22:30.433+0000] {logging_mixin.py:188} INFO - [2026-03-27T16:22:30.431+0000] {dagbag.py:538} INFO - Filling up the DagBag from /opt/airflow/dags/ETL_pipeline.py
[2026-03-27T16:22:30.515+0000] {processor.py:840} INFO - DAG(s) 'pipeline_ETL' retrieved from /opt/airflow/dags/ETL_pipeline.py
[2026-03-27T16:22:30.646+0000] {logging_mixin.py:188} INFO - [2026-03-27T16:22:30.645+0000] {dag.py:3036} INFO - Sync 1 DAGs
[2026-03-27T16:22:30.735+0000] {logging_mixin.py:188} INFO - [2026-03-27T16:22:30.734+0000] {dag.py:3823} INFO - Setting next_dagrun for pipeline_ETL to 2026-03-26 23:00:00+00:00, run_after=2026-03-27 23:00:00+00:00
[2026-03-27T16:22:30.821+0000] {processor.py:183} INFO - Processing /opt/airflow/dags/ETL_pipeline.py took 0.406 seconds
[2026-03-27T16:23:01.369+0000] {processor.py:161} INFO - Started process (PID=197) to work on /opt/airflow/dags/ETL_pipeline.py
[2026-03-27T16:23:01.375+0000] {processor.py:830} INFO - Processing file /opt/airflow/dags/ETL_pipeline.py for tasks to queue
[2026-03-27T16:23:01.381+0000] {logging_mixin.py:188} INFO - [2026-03-27T16:23:01.379+0000] {dagbag.py:538} INFO - Filling up the DagBag from /opt/airflow/dags/ETL_pipeline.py
[2026-03-27T16:23:01.538+0000] {processor.py:840} INFO - DAG(s) 'pipeline_ETL' retrieved from /opt/airflow/dags/ETL_pipeline.py
[2026-03-27T16:23:01.718+0000] {logging_mixin.py:188} INFO - [2026-03-27T16:23:01.717+0000] {dag.py:3036} INFO - Sync 1 DAGs
[2026-03-27T16:23:01.842+0000] {logging_mixin.py:188} INFO - [2026-03-27T16:23:01.841+0000] {dag.py:3823} INFO - Setting next_dagrun for pipeline_ETL to 2026-03-26 23:00:00+00:00, run_after=2026-03-27 23:00:00+00:00
[2026-03-27T16:23:01.971+0000] {processor.py:183} INFO - Processing /opt/airflow/dags/ETL_pipeline.py took 0.625 seconds
[2026-03-27T16:23:32.812+0000] {processor.py:161} INFO - Started process (PID=202) to work on /opt/airflow/dags/ETL_pipeline.py
[2026-03-27T16:23:32.822+0000] {processor.py:830} INFO - Processing file /opt/airflow/dags/ETL_pipeline.py for tasks to queue
[2026-03-27T16:23:32.849+0000] {logging_mixin.py:188} INFO - [2026-03-27T16:23:32.830+0000] {dagbag.py:538} INFO - Filling up the DagBag from /opt/airflow/dags/ETL_pipeline.py
[2026-03-27T16:23:33.358+0000] {processor.py:840} INFO - DAG(s) 'pipeline_ETL' retrieved from /opt/airflow/dags/ETL_pipeline.py
[2026-03-27T16:23:33.786+0000] {logging_mixin.py:188} INFO - [2026-03-27T16:23:33.784+0000] {dag.py:3036} INFO - Sync 1 DAGs
[2026-03-27T16:23:34.117+0000] {logging_mixin.py:188} INFO - [2026-03-27T16:23:34.116+0000] {dag.py:3823} INFO - Setting next_dagrun for pipeline_ETL to 2026-03-26 23:00:00+00:00, run_after=2026-03-27 23:00:00+00:00
[2026-03-27T16:23:34.509+0000] {processor.py:183} INFO - Processing /opt/airflow/dags/ETL_pipeline.py took 1.722 seconds
[2026-03-27T16:24:05.410+0000] {processor.py:161} INFO - Started process (PID=207) to work on /opt/airflow/dags/ETL_pipeline.py
[2026-03-27T16:24:05.415+0000] {processor.py:830} INFO - Processing file /opt/airflow/dags/ETL_pipeline.py for tasks to queue
[2026-03-27T16:24:05.424+0000] {logging_mixin.py:188} INFO - [2026-03-27T16:24:05.422+0000] {dagbag.py:538} INFO - Filling up the DagBag from /opt/airflow/dags/ETL_pipeline.py
[2026-03-27T16:24:05.556+0000] {processor.py:840} INFO - DAG(s) 'pipeline_ETL' retrieved from /opt/airflow/dags/ETL_pipeline.py
[2026-03-27T16:24:05.850+0000] {logging_mixin.py:188} INFO - [2026-03-27T16:24:05.849+0000] {dag.py:3036} INFO - Sync 1 DAGs
[2026-03-27T16:24:06.005+0000] {logging_mixin.py:188} INFO - [2026-03-27T16:24:06.004+0000] {dag.py:3823} INFO - Setting next_dagrun for pipeline_ETL to 2026-03-26 23:00:00+00:00, run_after=2026-03-27 23:00:00+00:00
[2026-03-27T16:24:06.159+0000] {processor.py:183} INFO - Processing /opt/airflow/dags/ETL_pipeline.py took 0.772 seconds
[2026-03-27T16:24:37.126+0000] {processor.py:161} INFO - Started process (PID=251) to work on /opt/airflow/dags/ETL_pipeline.py
[2026-03-27T16:24:37.138+0000] {processor.py:830} INFO - Processing file /opt/airflow/dags/ETL_pipeline.py for tasks to queue
[2026-03-27T16:24:37.147+0000] {logging_mixin.py:188} INFO - [2026-03-27T16:24:37.144+0000] {dagbag.py:538} INFO - Filling up the DagBag from /opt/airflow/dags/ETL_pipeline.py
[2026-03-27T16:24:37.345+0000] {processor.py:840} INFO - DAG(s) 'pipeline_ETL' retrieved from /opt/airflow/dags/ETL_pipeline.py
[2026-03-27T16:24:37.623+0000] {logging_mixin.py:188} INFO - [2026-03-27T16:24:37.622+0000] {dag.py:3036} INFO - Sync 1 DAGs
[2026-03-27T16:24:37.909+0000] {logging_mixin.py:188} INFO - [2026-03-27T16:24:37.907+0000] {dag.py:3823} INFO - Setting next_dagrun for pipeline_ETL to 2026-03-26 23:00:00+00:00, run_after=2026-03-27 23:00:00+00:00
[2026-03-27T16:24:38.138+0000] {processor.py:183} INFO - Processing /opt/airflow/dags/ETL_pipeline.py took 1.045 seconds
[2026-03-27T16:25:08.626+0000] {processor.py:161} INFO - Started process (PID=321) to work on /opt/airflow/dags/ETL_pipeline.py
[2026-03-27T16:25:08.639+0000] {processor.py:830} INFO - Processing file /opt/airflow/dags/ETL_pipeline.py for tasks to queue
[2026-03-27T16:25:08.655+0000] {logging_mixin.py:188} INFO - [2026-03-27T16:25:08.648+0000] {dagbag.py:538} INFO - Filling up the DagBag from /opt/airflow/dags/ETL_pipeline.py
[2026-03-27T16:25:09.112+0000] {processor.py:840} INFO - DAG(s) 'pipeline_ETL' retrieved from /opt/airflow/dags/ETL_pipeline.py
[2026-03-27T16:25:09.891+0000] {logging_mixin.py:188} INFO - [2026-03-27T16:25:09.889+0000] {dag.py:3036} INFO - Sync 1 DAGs
[2026-03-27T16:25:10.408+0000] {logging_mixin.py:188} INFO - [2026-03-27T16:25:10.404+0000] {dag.py:3823} INFO - Setting next_dagrun for pipeline_ETL to 2026-03-26 23:00:00+00:00, run_after=2026-03-27 23:00:00+00:00
[2026-03-27T16:25:10.742+0000] {processor.py:183} INFO - Processing /opt/airflow/dags/ETL_pipeline.py took 2.262 seconds
[2026-03-27T16:25:41.808+0000] {processor.py:161} INFO - Started process (PID=351) to work on /opt/airflow/dags/ETL_pipeline.py
[2026-03-27T16:25:41.829+0000] {processor.py:830} INFO - Processing file /opt/airflow/dags/ETL_pipeline.py for tasks to queue
[2026-03-27T16:25:41.840+0000] {logging_mixin.py:188} INFO - [2026-03-27T16:25:41.839+0000] {dagbag.py:538} INFO - Filling up the DagBag from /opt/airflow/dags/ETL_pipeline.py
[2026-03-27T16:25:42.315+0000] {processor.py:840} INFO - DAG(s) 'pipeline_ETL' retrieved from /opt/airflow/dags/ETL_pipeline.py
[2026-03-27T16:25:42.772+0000] {logging_mixin.py:188} INFO - [2026-03-27T16:25:42.771+0000] {dag.py:3036} INFO - Sync 1 DAGs
[2026-03-27T16:25:43.851+0000] {logging_mixin.py:188} INFO - [2026-03-27T16:25:43.836+0000] {dag.py:3823} INFO - Setting next_dagrun for pipeline_ETL to 2026-03-26 23:00:00+00:00, run_after=2026-03-27 23:00:00+00:00
[2026-03-27T16:25:44.451+0000] {processor.py:183} INFO - Processing /opt/airflow/dags/ETL_pipeline.py took 2.691 seconds
[2026-03-27T16:26:15.335+0000] {processor.py:161} INFO - Started process (PID=370) to work on /opt/airflow/dags/ETL_pipeline.py
[2026-03-27T16:26:15.341+0000] {processor.py:830} INFO - Processing file /opt/airflow/dags/ETL_pipeline.py for tasks to queue
[2026-03-27T16:26:15.345+0000] {logging_mixin.py:188} INFO - [2026-03-27T16:26:15.344+0000] {dagbag.py:538} INFO - Filling up the DagBag from /opt/airflow/dags/ETL_pipeline.py
[2026-03-27T16:26:15.486+0000] {processor.py:840} INFO - DAG(s) 'pipeline_ETL' retrieved from /opt/airflow/dags/ETL_pipeline.py
[2026-03-27T16:26:15.682+0000] {logging_mixin.py:188} INFO - [2026-03-27T16:26:15.681+0000] {dag.py:3036} INFO - Sync 1 DAGs
[2026-03-27T16:26:15.921+0000] {logging_mixin.py:188} INFO - [2026-03-27T16:26:15.920+0000] {dag.py:3823} INFO - Setting next_dagrun for pipeline_ETL to 2026-03-26 23:00:00+00:00, run_after=2026-03-27 23:00:00+00:00
[2026-03-27T16:26:16.195+0000] {processor.py:183} INFO - Processing /opt/airflow/dags/ETL_pipeline.py took 0.878 seconds
[2026-03-27T16:26:46.878+0000] {processor.py:161} INFO - Started process (PID=441) to work on /opt/airflow/dags/ETL_pipeline.py
[2026-03-27T16:26:46.889+0000] {processor.py:830} INFO - Processing file /opt/airflow/dags/ETL_pipeline.py for tasks to queue
[2026-03-27T16:26:46.897+0000] {logging_mixin.py:188} INFO - [2026-03-27T16:26:46.894+0000] {dagbag.py:538} INFO - Filling up the DagBag from /opt/airflow/dags/ETL_pipeline.py
[2026-03-27T16:26:47.210+0000] {processor.py:840} INFO - DAG(s) 'pipeline_ETL' retrieved from /opt/airflow/dags/ETL_pipeline.py
[2026-03-27T16:26:47.711+0000] {logging_mixin.py:188} INFO - [2026-03-27T16:26:47.709+0000] {dag.py:3036} INFO - Sync 1 DAGs
[2026-03-27T16:26:48.090+0000] {logging_mixin.py:188} INFO - [2026-03-27T16:26:48.087+0000] {dag.py:3823} INFO - Setting next_dagrun for pipeline_ETL to 2026-03-26 23:00:00+00:00, run_after=2026-03-27 23:00:00+00:00
[2026-03-27T16:26:48.380+0000] {processor.py:183} INFO - Processing /opt/airflow/dags/ETL_pipeline.py took 1.630 seconds
[2026-03-27T16:27:22.570+0000] {processor.py:161} INFO - Started process (PID=668) to work on /opt/airflow/dags/ETL_pipeline.py
[2026-03-27T16:27:22.693+0000] {processor.py:830} INFO - Processing file /opt/airflow/dags/ETL_pipeline.py for tasks to queue
[2026-03-27T16:27:22.891+0000] {logging_mixin.py:188} INFO - [2026-03-27T16:27:22.843+0000] {dagbag.py:538} INFO - Filling up the DagBag from /opt/airflow/dags/ETL_pipeline.py
[2026-03-27T16:27:26.799+0000] {processor.py:840} INFO - DAG(s) 'pipeline_ETL' retrieved from /opt/airflow/dags/ETL_pipeline.py
[2026-03-27T16:27:31.643+0000] {logging_mixin.py:188} INFO - [2026-03-27T16:27:31.622+0000] {dag.py:3036} INFO - Sync 1 DAGs
[2026-03-27T16:27:35.715+0000] {logging_mixin.py:188} INFO - [2026-03-27T16:27:35.697+0000] {dag.py:3823} INFO - Setting next_dagrun for pipeline_ETL to 2026-03-26 23:00:00+00:00, run_after=2026-03-27 23:00:00+00:00
[2026-03-27T16:27:38.097+0000] {processor.py:183} INFO - Processing /opt/airflow/dags/ETL_pipeline.py took 16.089 seconds
[2026-03-27T16:28:13.226+0000] {processor.py:161} INFO - Started process (PID=683) to work on /opt/airflow/dags/ETL_pipeline.py
[2026-03-27T16:28:13.302+0000] {processor.py:830} INFO - Processing file /opt/airflow/dags/ETL_pipeline.py for tasks to queue
[2026-03-27T16:28:13.416+0000] {logging_mixin.py:188} INFO - [2026-03-27T16:28:13.382+0000] {dagbag.py:538} INFO - Filling up the DagBag from /opt/airflow/dags/ETL_pipeline.py
[2026-03-27T16:28:17.287+0000] {processor.py:840} INFO - DAG(s) 'pipeline_ETL' retrieved from /opt/airflow/dags/ETL_pipeline.py
[2026-03-27T16:28:17.568+0000] {logging_mixin.py:188} INFO - [2026-03-27T16:28:17.567+0000] {dag.py:3036} INFO - Sync 1 DAGs
[2026-03-27T16:28:20.442+0000] {logging_mixin.py:188} INFO - [2026-03-27T16:28:20.440+0000] {dag.py:3823} INFO - Setting next_dagrun for pipeline_ETL to 2026-03-26 23:00:00+00:00, run_after=2026-03-27 23:00:00+00:00
[2026-03-27T16:28:20.642+0000] {processor.py:183} INFO - Processing /opt/airflow/dags/ETL_pipeline.py took 7.737 seconds
[2026-03-27T16:28:52.405+0000] {processor.py:161} INFO - Started process (PID=688) to work on /opt/airflow/dags/ETL_pipeline.py
[2026-03-27T16:28:52.425+0000] {processor.py:830} INFO - Processing file /opt/airflow/dags/ETL_pipeline.py for tasks to queue
[2026-03-27T16:28:52.473+0000] {logging_mixin.py:188} INFO - [2026-03-27T16:28:52.470+0000] {dagbag.py:538} INFO - Filling up the DagBag from /opt/airflow/dags/ETL_pipeline.py
[2026-03-27T16:28:53.182+0000] {processor.py:840} INFO - DAG(s) 'pipeline_ETL' retrieved from /opt/airflow/dags/ETL_pipeline.py
[2026-03-27T16:28:53.827+0000] {logging_mixin.py:188} INFO - [2026-03-27T16:28:53.822+0000] {dag.py:3036} INFO - Sync 1 DAGs
[2026-03-27T16:28:54.203+0000] {logging_mixin.py:188} INFO - [2026-03-27T16:28:54.198+0000] {dag.py:3823} INFO - Setting next_dagrun for pipeline_ETL to 2026-03-26 23:00:00+00:00, run_after=2026-03-27 23:00:00+00:00
[2026-03-27T16:28:54.484+0000] {processor.py:183} INFO - Processing /opt/airflow/dags/ETL_pipeline.py took 2.221 seconds
[2026-03-27T16:29:25.309+0000] {processor.py:161} INFO - Started process (PID=693) to work on /opt/airflow/dags/ETL_pipeline.py
[2026-03-27T16:29:25.319+0000] {processor.py:830} INFO - Processing file /opt/airflow/dags/ETL_pipeline.py for tasks to queue
[2026-03-27T16:29:25.328+0000] {logging_mixin.py:188} INFO - [2026-03-27T16:29:25.325+0000] {dagbag.py:538} INFO - Filling up the DagBag from /opt/airflow/dags/ETL_pipeline.py
[2026-03-27T16:29:25.475+0000] {processor.py:840} INFO - DAG(s) 'pipeline_ETL' retrieved from /opt/airflow/dags/ETL_pipeline.py
[2026-03-27T16:29:25.697+0000] {logging_mixin.py:188} INFO - [2026-03-27T16:29:25.696+0000] {dag.py:3036} INFO - Sync 1 DAGs
[2026-03-27T16:29:25.841+0000] {logging_mixin.py:188} INFO - [2026-03-27T16:29:25.840+0000] {dag.py:3823} INFO - Setting next_dagrun for pipeline_ETL to 2026-03-26 23:00:00+00:00, run_after=2026-03-27 23:00:00+00:00
[2026-03-27T16:29:25.991+0000] {processor.py:183} INFO - Processing /opt/airflow/dags/ETL_pipeline.py took 0.705 seconds
[2026-03-27T16:29:57.036+0000] {processor.py:161} INFO - Started process (PID=698) to work on /opt/airflow/dags/ETL_pipeline.py
[2026-03-27T16:29:57.042+0000] {processor.py:830} INFO - Processing file /opt/airflow/dags/ETL_pipeline.py for tasks to queue
[2026-03-27T16:29:57.047+0000] {logging_mixin.py:188} INFO - [2026-03-27T16:29:57.046+0000] {dagbag.py:538} INFO - Filling up the DagBag from /opt/airflow/dags/ETL_pipeline.py
[2026-03-27T16:29:57.234+0000] {processor.py:840} INFO - DAG(s) 'pipeline_ETL' retrieved from /opt/airflow/dags/ETL_pipeline.py
[2026-03-27T16:29:57.603+0000] {logging_mixin.py:188} INFO - [2026-03-27T16:29:57.602+0000] {dag.py:3036} INFO - Sync 1 DAGs
[2026-03-27T16:29:57.788+0000] {logging_mixin.py:188} INFO - [2026-03-27T16:29:57.787+0000] {dag.py:3823} INFO - Setting next_dagrun for pipeline_ETL to 2026-03-26 23:00:00+00:00, run_after=2026-03-27 23:00:00+00:00
[2026-03-27T16:29:58.011+0000] {processor.py:183} INFO - Processing /opt/airflow/dags/ETL_pipeline.py took 0.996 seconds
[2026-03-27T16:30:29.289+0000] {processor.py:161} INFO - Started process (PID=703) to work on /opt/airflow/dags/ETL_pipeline.py
[2026-03-27T16:30:29.308+0000] {processor.py:830} INFO - Processing file /opt/airflow/dags/ETL_pipeline.py for tasks to queue
[2026-03-27T16:30:29.324+0000] {logging_mixin.py:188} INFO - [2026-03-27T16:30:29.315+0000] {dagbag.py:538} INFO - Filling up the DagBag from /opt/airflow/dags/ETL_pipeline.py
[2026-03-27T16:30:29.574+0000] {processor.py:840} INFO - DAG(s) 'pipeline_ETL' retrieved from /opt/airflow/dags/ETL_pipeline.py
[2026-03-27T16:30:31.030+0000] {logging_mixin.py:188} INFO - [2026-03-27T16:30:31.029+0000] {dag.py:3036} INFO - Sync 1 DAGs
[2026-03-27T16:30:31.542+0000] {logging_mixin.py:188} INFO - [2026-03-27T16:30:31.537+0000] {dag.py:3823} INFO - Setting next_dagrun for pipeline_ETL to 2026-03-26 23:00:00+00:00, run_after=2026-03-27 23:00:00+00:00
[2026-03-27T16:30:31.842+0000] {processor.py:183} INFO - Processing /opt/airflow/dags/ETL_pipeline.py took 2.612 seconds
[2026-03-27T16:31:03.035+0000] {processor.py:161} INFO - Started process (PID=708) to work on /opt/airflow/dags/ETL_pipeline.py
[2026-03-27T16:31:03.079+0000] {processor.py:830} INFO - Processing file /opt/airflow/dags/ETL_pipeline.py for tasks to queue
[2026-03-27T16:31:03.148+0000] {logging_mixin.py:188} INFO - [2026-03-27T16:31:03.132+0000] {dagbag.py:538} INFO - Filling up the DagBag from /opt/airflow/dags/ETL_pipeline.py
[2026-03-27T16:31:04.061+0000] {processor.py:840} INFO - DAG(s) 'pipeline_ETL' retrieved from /opt/airflow/dags/ETL_pipeline.py
[2026-03-27T16:31:04.916+0000] {logging_mixin.py:188} INFO - [2026-03-27T16:31:04.915+0000] {dag.py:3036} INFO - Sync 1 DAGs
[2026-03-27T16:31:05.555+0000] {logging_mixin.py:188} INFO - [2026-03-27T16:31:05.553+0000] {dag.py:3823} INFO - Setting next_dagrun for pipeline_ETL to 2026-03-26 23:00:00+00:00, run_after=2026-03-27 23:00:00+00:00
[2026-03-27T16:31:06.547+0000] {processor.py:183} INFO - Processing /opt/airflow/dags/ETL_pipeline.py took 3.700 seconds
[2026-03-27T16:31:38.280+0000] {processor.py:161} INFO - Started process (PID=713) to work on /opt/airflow/dags/ETL_pipeline.py
[2026-03-27T16:31:38.290+0000] {processor.py:830} INFO - Processing file /opt/airflow/dags/ETL_pipeline.py for tasks to queue
[2026-03-27T16:31:38.300+0000] {logging_mixin.py:188} INFO - [2026-03-27T16:31:38.294+0000] {dagbag.py:538} INFO - Filling up the DagBag from /opt/airflow/dags/ETL_pipeline.py
[2026-03-27T16:31:38.822+0000] {processor.py:840} INFO - DAG(s) 'pipeline_ETL' retrieved from /opt/airflow/dags/ETL_pipeline.py
[2026-03-27T16:31:39.442+0000] {logging_mixin.py:188} INFO - [2026-03-27T16:31:39.440+0000] {dag.py:3036} INFO - Sync 1 DAGs
[2026-03-27T16:31:39.803+0000] {logging_mixin.py:188} INFO - [2026-03-27T16:31:39.802+0000] {dag.py:3823} INFO - Setting next_dagrun for pipeline_ETL to 2026-03-26 23:00:00+00:00, run_after=2026-03-27 23:00:00+00:00
[2026-03-27T16:31:40.042+0000] {processor.py:183} INFO - Processing /opt/airflow/dags/ETL_pipeline.py took 1.806 seconds
[2026-03-27T16:32:10.972+0000] {processor.py:161} INFO - Started process (PID=730) to work on /opt/airflow/dags/ETL_pipeline.py
[2026-03-27T16:32:10.982+0000] {processor.py:830} INFO - Processing file /opt/airflow/dags/ETL_pipeline.py for tasks to queue
[2026-03-27T16:32:10.988+0000] {logging_mixin.py:188} INFO - [2026-03-27T16:32:10.986+0000] {dagbag.py:538} INFO - Filling up the DagBag from /opt/airflow/dags/ETL_pipeline.py
[2026-03-27T16:32:11.192+0000] {processor.py:840} INFO - DAG(s) 'pipeline_ETL' retrieved from /opt/airflow/dags/ETL_pipeline.py
[2026-03-27T16:32:11.475+0000] {logging_mixin.py:188} INFO - [2026-03-27T16:32:11.474+0000] {dag.py:3036} INFO - Sync 1 DAGs
[2026-03-27T16:32:11.721+0000] {logging_mixin.py:188} INFO - [2026-03-27T16:32:11.718+0000] {dag.py:3823} INFO - Setting next_dagrun for pipeline_ETL to 2026-03-26 23:00:00+00:00, run_after=2026-03-27 23:00:00+00:00
[2026-03-27T16:32:11.894+0000] {processor.py:183} INFO - Processing /opt/airflow/dags/ETL_pipeline.py took 0.945 seconds
[2026-03-27T16:32:42.716+0000] {processor.py:161} INFO - Started process (PID=735) to work on /opt/airflow/dags/ETL_pipeline.py
[2026-03-27T16:32:42.736+0000] {processor.py:830} INFO - Processing file /opt/airflow/dags/ETL_pipeline.py for tasks to queue
[2026-03-27T16:32:42.741+0000] {logging_mixin.py:188} INFO - [2026-03-27T16:32:42.740+0000] {dagbag.py:538} INFO - Filling up the DagBag from /opt/airflow/dags/ETL_pipeline.py
[2026-03-27T16:32:42.889+0000] {processor.py:840} INFO - DAG(s) 'pipeline_ETL' retrieved from /opt/airflow/dags/ETL_pipeline.py
[2026-03-27T16:32:43.104+0000] {logging_mixin.py:188} INFO - [2026-03-27T16:32:43.103+0000] {dag.py:3036} INFO - Sync 1 DAGs
[2026-03-27T16:32:43.479+0000] {logging_mixin.py:188} INFO - [2026-03-27T16:32:43.477+0000] {dag.py:3823} INFO - Setting next_dagrun for pipeline_ETL to 2026-03-26 23:00:00+00:00, run_after=2026-03-27 23:00:00+00:00
[2026-03-27T16:32:43.760+0000] {processor.py:183} INFO - Processing /opt/airflow/dags/ETL_pipeline.py took 1.059 seconds
[2026-03-27T16:33:14.723+0000] {processor.py:161} INFO - Started process (PID=740) to work on /opt/airflow/dags/ETL_pipeline.py
[2026-03-27T16:33:14.751+0000] {processor.py:830} INFO - Processing file /opt/airflow/dags/ETL_pipeline.py for tasks to queue
[2026-03-27T16:33:14.759+0000] {logging_mixin.py:188} INFO - [2026-03-27T16:33:14.757+0000] {dagbag.py:538} INFO - Filling up the DagBag from /opt/airflow/dags/ETL_pipeline.py
[2026-03-27T16:33:15.191+0000] {processor.py:840} INFO - DAG(s) 'pipeline_ETL' retrieved from /opt/airflow/dags/ETL_pipeline.py
[2026-03-27T16:33:15.434+0000] {logging_mixin.py:188} INFO - [2026-03-27T16:33:15.427+0000] {dag.py:3036} INFO - Sync 1 DAGs
[2026-03-27T16:33:15.843+0000] {logging_mixin.py:188} INFO - [2026-03-27T16:33:15.842+0000] {dag.py:3823} INFO - Setting next_dagrun for pipeline_ETL to 2026-03-26 23:00:00+00:00, run_after=2026-03-27 23:00:00+00:00
[2026-03-27T16:33:16.066+0000] {processor.py:183} INFO - Processing /opt/airflow/dags/ETL_pipeline.py took 1.438 seconds
[2026-03-27T16:33:46.573+0000] {processor.py:161} INFO - Started process (PID=745) to work on /opt/airflow/dags/ETL_pipeline.py
[2026-03-27T16:33:46.609+0000] {processor.py:830} INFO - Processing file /opt/airflow/dags/ETL_pipeline.py for tasks to queue
[2026-03-27T16:33:46.629+0000] {logging_mixin.py:188} INFO - [2026-03-27T16:33:46.622+0000] {dagbag.py:538} INFO - Filling up the DagBag from /opt/airflow/dags/ETL_pipeline.py
[2026-03-27T16:33:46.858+0000] {processor.py:840} INFO - DAG(s) 'pipeline_ETL' retrieved from /opt/airflow/dags/ETL_pipeline.py
[2026-03-27T16:33:47.172+0000] {logging_mixin.py:188} INFO - [2026-03-27T16:33:47.170+0000] {dag.py:3036} INFO - Sync 1 DAGs
[2026-03-27T16:33:47.529+0000] {logging_mixin.py:188} INFO - [2026-03-27T16:33:47.528+0000] {dag.py:3823} INFO - Setting next_dagrun for pipeline_ETL to 2026-03-26 23:00:00+00:00, run_after=2026-03-27 23:00:00+00:00
[2026-03-27T16:33:47.775+0000] {processor.py:183} INFO - Processing /opt/airflow/dags/ETL_pipeline.py took 1.232 seconds
[2026-03-27T16:34:18.665+0000] {processor.py:161} INFO - Started process (PID=752) to work on /opt/airflow/dags/ETL_pipeline.py
[2026-03-27T16:34:18.673+0000] {processor.py:830} INFO - Processing file /opt/airflow/dags/ETL_pipeline.py for tasks to queue
[2026-03-27T16:34:18.687+0000] {logging_mixin.py:188} INFO - [2026-03-27T16:34:18.684+0000] {dagbag.py:538} INFO - Filling up the DagBag from /opt/airflow/dags/ETL_pipeline.py
[2026-03-27T16:34:19.062+0000] {processor.py:840} INFO - DAG(s) 'pipeline_ETL' retrieved from /opt/airflow/dags/ETL_pipeline.py
[2026-03-27T16:34:19.295+0000] {logging_mixin.py:188} INFO - [2026-03-27T16:34:19.294+0000] {dag.py:3036} INFO - Sync 1 DAGs
[2026-03-27T16:34:19.479+0000] {logging_mixin.py:188} INFO - [2026-03-27T16:34:19.477+0000] {dag.py:3823} INFO - Setting next_dagrun for pipeline_ETL to 2026-03-26 23:00:00+00:00, run_after=2026-03-27 23:00:00+00:00
[2026-03-27T16:34:19.656+0000] {processor.py:183} INFO - Processing /opt/airflow/dags/ETL_pipeline.py took 1.019 seconds
[2026-03-27T16:34:50.291+0000] {processor.py:161} INFO - Started process (PID=757) to work on /opt/airflow/dags/ETL_pipeline.py
[2026-03-27T16:34:50.299+0000] {processor.py:830} INFO - Processing file /opt/airflow/dags/ETL_pipeline.py for tasks to queue
[2026-03-27T16:34:50.304+0000] {logging_mixin.py:188} INFO - [2026-03-27T16:34:50.303+0000] {dagbag.py:538} INFO - Filling up the DagBag from /opt/airflow/dags/ETL_pipeline.py
[2026-03-27T16:34:50.418+0000] {processor.py:840} INFO - DAG(s) 'pipeline_ETL' retrieved from /opt/airflow/dags/ETL_pipeline.py
[2026-03-27T16:34:50.543+0000] {logging_mixin.py:188} INFO - [2026-03-27T16:34:50.542+0000] {dag.py:3036} INFO - Sync 1 DAGs
[2026-03-27T16:34:50.670+0000] {logging_mixin.py:188} INFO - [2026-03-27T16:34:50.669+0000] {dag.py:3823} INFO - Setting next_dagrun for pipeline_ETL to 2026-03-26 23:00:00+00:00, run_after=2026-03-27 23:00:00+00:00
[2026-03-27T16:34:50.776+0000] {processor.py:183} INFO - Processing /opt/airflow/dags/ETL_pipeline.py took 0.502 seconds
[2026-03-27T16:35:20.975+0000] {processor.py:161} INFO - Started process (PID=762) to work on /opt/airflow/dags/ETL_pipeline.py
[2026-03-27T16:35:20.980+0000] {processor.py:830} INFO - Processing file /opt/airflow/dags/ETL_pipeline.py for tasks to queue
[2026-03-27T16:35:20.985+0000] {logging_mixin.py:188} INFO - [2026-03-27T16:35:20.984+0000] {dagbag.py:538} INFO - Filling up the DagBag from /opt/airflow/dags/ETL_pipeline.py
[2026-03-27T16:35:21.175+0000] {processor.py:840} INFO - DAG(s) 'pipeline_ETL' retrieved from /opt/airflow/dags/ETL_pipeline.py
[2026-03-27T16:35:21.337+0000] {logging_mixin.py:188} INFO - [2026-03-27T16:35:21.336+0000] {dag.py:3036} INFO - Sync 1 DAGs
[2026-03-27T16:35:21.529+0000] {logging_mixin.py:188} INFO - [2026-03-27T16:35:21.529+0000] {dag.py:3823} INFO - Setting next_dagrun for pipeline_ETL to 2026-03-26 23:00:00+00:00, run_after=2026-03-27 23:00:00+00:00
[2026-03-27T16:35:21.728+0000] {processor.py:183} INFO - Processing /opt/airflow/dags/ETL_pipeline.py took 0.772 seconds
[2026-03-27T16:35:52.130+0000] {processor.py:161} INFO - Started process (PID=767) to work on /opt/airflow/dags/ETL_pipeline.py
[2026-03-27T16:35:52.134+0000] {processor.py:830} INFO - Processing file /opt/airflow/dags/ETL_pipeline.py for tasks to queue
[2026-03-27T16:35:52.138+0000] {logging_mixin.py:188} INFO - [2026-03-27T16:35:52.137+0000] {dagbag.py:538} INFO - Filling up the DagBag from /opt/airflow/dags/ETL_pipeline.py
[2026-03-27T16:35:52.231+0000] {processor.py:840} INFO - DAG(s) 'pipeline_ETL' retrieved from /opt/airflow/dags/ETL_pipeline.py
[2026-03-27T16:35:52.338+0000] {logging_mixin.py:188} INFO - [2026-03-27T16:35:52.337+0000] {dag.py:3036} INFO - Sync 1 DAGs
[2026-03-27T16:35:52.420+0000] {logging_mixin.py:188} INFO - [2026-03-27T16:35:52.419+0000] {dag.py:3823} INFO - Setting next_dagrun for pipeline_ETL to 2026-03-26 23:00:00+00:00, run_after=2026-03-27 23:00:00+00:00
[2026-03-27T16:35:52.509+0000] {processor.py:183} INFO - Processing /opt/airflow/dags/ETL_pipeline.py took 0.404 seconds
[2026-03-27T16:36:22.930+0000] {processor.py:161} INFO - Started process (PID=772) to work on /opt/airflow/dags/ETL_pipeline.py
[2026-03-27T16:36:22.936+0000] {processor.py:830} INFO - Processing file /opt/airflow/dags/ETL_pipeline.py for tasks to queue
[2026-03-27T16:36:22.940+0000] {logging_mixin.py:188} INFO - [2026-03-27T16:36:22.939+0000] {dagbag.py:538} INFO - Filling up the DagBag from /opt/airflow/dags/ETL_pipeline.py
[2026-03-27T16:36:23.082+0000] {processor.py:840} INFO - DAG(s) 'pipeline_ETL' retrieved from /opt/airflow/dags/ETL_pipeline.py
[2026-03-27T16:36:23.235+0000] {logging_mixin.py:188} INFO - [2026-03-27T16:36:23.234+0000] {dag.py:3036} INFO - Sync 1 DAGs
[2026-03-27T16:36:23.318+0000] {logging_mixin.py:188} INFO - [2026-03-27T16:36:23.318+0000] {dag.py:3823} INFO - Setting next_dagrun for pipeline_ETL to 2026-03-26 23:00:00+00:00, run_after=2026-03-27 23:00:00+00:00
[2026-03-27T16:36:23.388+0000] {processor.py:183} INFO - Processing /opt/airflow/dags/ETL_pipeline.py took 0.480 seconds
[2026-03-27T16:36:53.789+0000] {processor.py:161} INFO - Started process (PID=777) to work on /opt/airflow/dags/ETL_pipeline.py
[2026-03-27T16:36:53.793+0000] {processor.py:830} INFO - Processing file /opt/airflow/dags/ETL_pipeline.py for tasks to queue
[2026-03-27T16:36:53.797+0000] {logging_mixin.py:188} INFO - [2026-03-27T16:36:53.796+0000] {dagbag.py:538} INFO - Filling up the DagBag from /opt/airflow/dags/ETL_pipeline.py
[2026-03-27T16:36:53.874+0000] {processor.py:840} INFO - DAG(s) 'pipeline_ETL' retrieved from /opt/airflow/dags/ETL_pipeline.py
[2026-03-27T16:36:53.997+0000] {logging_mixin.py:188} INFO - [2026-03-27T16:36:53.996+0000] {dag.py:3036} INFO - Sync 1 DAGs
[2026-03-27T16:36:54.099+0000] {logging_mixin.py:188} INFO - [2026-03-27T16:36:54.098+0000] {dag.py:3823} INFO - Setting next_dagrun for pipeline_ETL to 2026-03-26 23:00:00+00:00, run_after=2026-03-27 23:00:00+00:00
[2026-03-27T16:36:54.183+0000] {processor.py:183} INFO - Processing /opt/airflow/dags/ETL_pipeline.py took 0.409 seconds
[2026-03-27T16:37:24.738+0000] {processor.py:161} INFO - Started process (PID=782) to work on /opt/airflow/dags/ETL_pipeline.py
[2026-03-27T16:37:24.743+0000] {processor.py:830} INFO - Processing file /opt/airflow/dags/ETL_pipeline.py for tasks to queue
[2026-03-27T16:37:24.748+0000] {logging_mixin.py:188} INFO - [2026-03-27T16:37:24.747+0000] {dagbag.py:538} INFO - Filling up the DagBag from /opt/airflow/dags/ETL_pipeline.py
[2026-03-27T16:37:24.855+0000] {processor.py:840} INFO - DAG(s) 'pipeline_ETL' retrieved from /opt/airflow/dags/ETL_pipeline.py
[2026-03-27T16:37:24.996+0000] {logging_mixin.py:188} INFO - [2026-03-27T16:37:24.995+0000] {dag.py:3036} INFO - Sync 1 DAGs
[2026-03-27T16:37:25.092+0000] {logging_mixin.py:188} INFO - [2026-03-27T16:37:25.092+0000] {dag.py:3823} INFO - Setting next_dagrun for pipeline_ETL to 2026-03-26 23:00:00+00:00, run_after=2026-03-27 23:00:00+00:00
[2026-03-27T16:37:25.189+0000] {processor.py:183} INFO - Processing /opt/airflow/dags/ETL_pipeline.py took 0.465 seconds
[2026-03-27T16:37:55.436+0000] {processor.py:161} INFO - Started process (PID=787) to work on /opt/airflow/dags/ETL_pipeline.py
[2026-03-27T16:37:55.440+0000] {processor.py:830} INFO - Processing file /opt/airflow/dags/ETL_pipeline.py for tasks to queue
[2026-03-27T16:37:55.444+0000] {logging_mixin.py:188} INFO - [2026-03-27T16:37:55.443+0000] {dagbag.py:538} INFO - Filling up the DagBag from /opt/airflow/dags/ETL_pipeline.py
[2026-03-27T16:37:55.559+0000] {processor.py:840} INFO - DAG(s) 'pipeline_ETL' retrieved from /opt/airflow/dags/ETL_pipeline.py
[2026-03-27T16:37:55.769+0000] {logging_mixin.py:188} INFO - [2026-03-27T16:37:55.768+0000] {dag.py:3036} INFO - Sync 1 DAGs
[2026-03-27T16:37:55.902+0000] {logging_mixin.py:188} INFO - [2026-03-27T16:37:55.901+0000] {dag.py:3823} INFO - Setting next_dagrun for pipeline_ETL to 2026-03-26 23:00:00+00:00, run_after=2026-03-27 23:00:00+00:00
[2026-03-27T16:37:56.045+0000] {processor.py:183} INFO - Processing /opt/airflow/dags/ETL_pipeline.py took 0.621 seconds
[2026-03-27T16:38:26.504+0000] {processor.py:161} INFO - Started process (PID=792) to work on /opt/airflow/dags/ETL_pipeline.py
[2026-03-27T16:38:26.508+0000] {processor.py:830} INFO - Processing file /opt/airflow/dags/ETL_pipeline.py for tasks to queue
[2026-03-27T16:38:26.513+0000] {logging_mixin.py:188} INFO - [2026-03-27T16:38:26.512+0000] {dagbag.py:538} INFO - Filling up the DagBag from /opt/airflow/dags/ETL_pipeline.py
[2026-03-27T16:38:26.614+0000] {processor.py:840} INFO - DAG(s) 'pipeline_ETL' retrieved from /opt/airflow/dags/ETL_pipeline.py
[2026-03-27T16:38:26.754+0000] {logging_mixin.py:188} INFO - [2026-03-27T16:38:26.753+0000] {dag.py:3036} INFO - Sync 1 DAGs
[2026-03-27T16:38:26.864+0000] {logging_mixin.py:188} INFO - [2026-03-27T16:38:26.858+0000] {dag.py:3823} INFO - Setting next_dagrun for pipeline_ETL to 2026-03-26 23:00:00+00:00, run_after=2026-03-27 23:00:00+00:00
[2026-03-27T16:38:26.986+0000] {processor.py:183} INFO - Processing /opt/airflow/dags/ETL_pipeline.py took 0.502 seconds
[2026-03-27T16:38:57.810+0000] {processor.py:161} INFO - Started process (PID=859) to work on /opt/airflow/dags/ETL_pipeline.py
[2026-03-27T16:38:57.822+0000] {processor.py:830} INFO - Processing file /opt/airflow/dags/ETL_pipeline.py for tasks to queue
[2026-03-27T16:38:57.834+0000] {logging_mixin.py:188} INFO - [2026-03-27T16:38:57.827+0000] {dagbag.py:538} INFO - Filling up the DagBag from /opt/airflow/dags/ETL_pipeline.py
[2026-03-27T16:38:57.992+0000] {processor.py:840} INFO - DAG(s) 'pipeline_ETL' retrieved from /opt/airflow/dags/ETL_pipeline.py
[2026-03-27T16:38:58.265+0000] {logging_mixin.py:188} INFO - [2026-03-27T16:38:58.262+0000] {dag.py:3036} INFO - Sync 1 DAGs
[2026-03-27T16:38:58.454+0000] {logging_mixin.py:188} INFO - [2026-03-27T16:38:58.454+0000] {dag.py:3823} INFO - Setting next_dagrun for pipeline_ETL to 2026-03-26 23:00:00+00:00, run_after=2026-03-27 23:00:00+00:00
[2026-03-27T16:38:58.634+0000] {processor.py:183} INFO - Processing /opt/airflow/dags/ETL_pipeline.py took 0.870 seconds
[2026-03-27T16:39:29.993+0000] {processor.py:161} INFO - Started process (PID=939) to work on /opt/airflow/dags/ETL_pipeline.py
[2026-03-27T16:39:30.003+0000] {processor.py:830} INFO - Processing file /opt/airflow/dags/ETL_pipeline.py for tasks to queue
[2026-03-27T16:39:30.020+0000] {logging_mixin.py:188} INFO - [2026-03-27T16:39:30.018+0000] {dagbag.py:538} INFO - Filling up the DagBag from /opt/airflow/dags/ETL_pipeline.py
[2026-03-27T16:39:30.448+0000] {processor.py:840} INFO - DAG(s) 'pipeline_ETL' retrieved from /opt/airflow/dags/ETL_pipeline.py
[2026-03-27T16:39:30.773+0000] {logging_mixin.py:188} INFO - [2026-03-27T16:39:30.771+0000] {dag.py:3036} INFO - Sync 1 DAGs
[2026-03-27T16:39:31.078+0000] {logging_mixin.py:188} INFO - [2026-03-27T16:39:31.077+0000] {dag.py:3823} INFO - Setting next_dagrun for pipeline_ETL to 2026-03-26 23:00:00+00:00, run_after=2026-03-27 23:00:00+00:00
[2026-03-27T16:39:31.250+0000] {processor.py:183} INFO - Processing /opt/airflow/dags/ETL_pipeline.py took 1.297 seconds
[2026-03-27T16:40:09.983+0000] {processor.py:161} INFO - Started process (PID=962) to work on /opt/airflow/dags/ETL_pipeline.py
[2026-03-27T16:40:10.006+0000] {processor.py:830} INFO - Processing file /opt/airflow/dags/ETL_pipeline.py for tasks to queue
[2026-03-27T16:40:10.016+0000] {logging_mixin.py:188} INFO - [2026-03-27T16:40:10.015+0000] {dagbag.py:538} INFO - Filling up the DagBag from /opt/airflow/dags/ETL_pipeline.py
[2026-03-27T16:40:11.150+0000] {processor.py:840} INFO - DAG(s) 'pipeline_ETL' retrieved from /opt/airflow/dags/ETL_pipeline.py
[2026-03-27T16:40:11.513+0000] {logging_mixin.py:188} INFO - [2026-03-27T16:40:11.512+0000] {dag.py:3036} INFO - Sync 1 DAGs
[2026-03-27T16:40:11.786+0000] {logging_mixin.py:188} INFO - [2026-03-27T16:40:11.785+0000] {dag.py:3823} INFO - Setting next_dagrun for pipeline_ETL to 2026-03-26 23:00:00+00:00, run_after=2026-03-27 23:00:00+00:00
[2026-03-27T16:40:12.009+0000] {processor.py:183} INFO - Processing /opt/airflow/dags/ETL_pipeline.py took 2.060 seconds
[2026-03-27T16:40:42.335+0000] {processor.py:161} INFO - Started process (PID=967) to work on /opt/airflow/dags/ETL_pipeline.py
[2026-03-27T16:40:42.344+0000] {processor.py:830} INFO - Processing file /opt/airflow/dags/ETL_pipeline.py for tasks to queue
[2026-03-27T16:40:42.350+0000] {logging_mixin.py:188} INFO - [2026-03-27T16:40:42.349+0000] {dagbag.py:538} INFO - Filling up the DagBag from /opt/airflow/dags/ETL_pipeline.py
[2026-03-27T16:40:42.528+0000] {processor.py:840} INFO - DAG(s) 'pipeline_ETL' retrieved from /opt/airflow/dags/ETL_pipeline.py
[2026-03-27T16:40:42.719+0000] {logging_mixin.py:188} INFO - [2026-03-27T16:40:42.718+0000] {dag.py:3036} INFO - Sync 1 DAGs
[2026-03-27T16:40:42.834+0000] {logging_mixin.py:188} INFO - [2026-03-27T16:40:42.833+0000] {dag.py:3823} INFO - Setting next_dagrun for pipeline_ETL to 2026-03-26 23:00:00+00:00, run_after=2026-03-27 23:00:00+00:00
[2026-03-27T16:40:43.009+0000] {processor.py:183} INFO - Processing /opt/airflow/dags/ETL_pipeline.py took 0.700 seconds
[2026-03-27T16:41:21.671+0000] {processor.py:161} INFO - Started process (PID=1019) to work on /opt/airflow/dags/ETL_pipeline.py
[2026-03-27T16:41:21.701+0000] {processor.py:830} INFO - Processing file /opt/airflow/dags/ETL_pipeline.py for tasks to queue
[2026-03-27T16:41:21.718+0000] {logging_mixin.py:188} INFO - [2026-03-27T16:41:21.714+0000] {dagbag.py:538} INFO - Filling up the DagBag from /opt/airflow/dags/ETL_pipeline.py
[2026-03-27T16:41:22.192+0000] {processor.py:840} INFO - DAG(s) 'pipeline_ETL' retrieved from /opt/airflow/dags/ETL_pipeline.py
[2026-03-27T16:41:22.804+0000] {logging_mixin.py:188} INFO - [2026-03-27T16:41:22.803+0000] {dag.py:3036} INFO - Sync 1 DAGs
[2026-03-27T16:41:23.170+0000] {logging_mixin.py:188} INFO - [2026-03-27T16:41:23.167+0000] {dag.py:3823} INFO - Setting next_dagrun for pipeline_ETL to 2026-03-26 23:00:00+00:00, run_after=2026-03-27 23:00:00+00:00
[2026-03-27T16:41:23.390+0000] {processor.py:183} INFO - Processing /opt/airflow/dags/ETL_pipeline.py took 1.748 seconds
[2026-03-27T16:41:53.623+0000] {processor.py:161} INFO - Started process (PID=1259) to work on /opt/airflow/dags/ETL_pipeline.py
[2026-03-27T16:41:53.628+0000] {processor.py:830} INFO - Processing file /opt/airflow/dags/ETL_pipeline.py for tasks to queue
[2026-03-27T16:41:53.632+0000] {logging_mixin.py:188} INFO - [2026-03-27T16:41:53.631+0000] {dagbag.py:538} INFO - Filling up the DagBag from /opt/airflow/dags/ETL_pipeline.py
[2026-03-27T16:41:53.736+0000] {processor.py:840} INFO - DAG(s) 'pipeline_ETL' retrieved from /opt/airflow/dags/ETL_pipeline.py
[2026-03-27T16:41:53.851+0000] {logging_mixin.py:188} INFO - [2026-03-27T16:41:53.851+0000] {dag.py:3036} INFO - Sync 1 DAGs
[2026-03-27T16:41:53.998+0000] {logging_mixin.py:188} INFO - [2026-03-27T16:41:53.997+0000] {dag.py:3823} INFO - Setting next_dagrun for pipeline_ETL to 2026-03-26 23:00:00+00:00, run_after=2026-03-27 23:00:00+00:00
[2026-03-27T16:41:54.124+0000] {processor.py:183} INFO - Processing /opt/airflow/dags/ETL_pipeline.py took 0.517 seconds
[2026-03-27T16:42:24.695+0000] {processor.py:161} INFO - Started process (PID=1276) to work on /opt/airflow/dags/ETL_pipeline.py
[2026-03-27T16:42:24.705+0000] {processor.py:830} INFO - Processing file /opt/airflow/dags/ETL_pipeline.py for tasks to queue
[2026-03-27T16:42:24.716+0000] {logging_mixin.py:188} INFO - [2026-03-27T16:42:24.715+0000] {dagbag.py:538} INFO - Filling up the DagBag from /opt/airflow/dags/ETL_pipeline.py
[2026-03-27T16:42:24.905+0000] {processor.py:840} INFO - DAG(s) 'pipeline_ETL' retrieved from /opt/airflow/dags/ETL_pipeline.py
[2026-03-27T16:42:25.069+0000] {logging_mixin.py:188} INFO - [2026-03-27T16:42:25.068+0000] {dag.py:3036} INFO - Sync 1 DAGs
[2026-03-27T16:42:25.212+0000] {logging_mixin.py:188} INFO - [2026-03-27T16:42:25.211+0000] {dag.py:3823} INFO - Setting next_dagrun for pipeline_ETL to 2026-03-26 23:00:00+00:00, run_after=2026-03-27 23:00:00+00:00
[2026-03-27T16:42:25.321+0000] {processor.py:183} INFO - Processing /opt/airflow/dags/ETL_pipeline.py took 0.647 seconds
[2026-03-27T16:42:56.028+0000] {processor.py:161} INFO - Started process (PID=1281) to work on /opt/airflow/dags/ETL_pipeline.py
[2026-03-27T16:42:56.035+0000] {processor.py:830} INFO - Processing file /opt/airflow/dags/ETL_pipeline.py for tasks to queue
[2026-03-27T16:42:56.050+0000] {logging_mixin.py:188} INFO - [2026-03-27T16:42:56.047+0000] {dagbag.py:538} INFO - Filling up the DagBag from /opt/airflow/dags/ETL_pipeline.py
[2026-03-27T16:42:56.200+0000] {processor.py:840} INFO - DAG(s) 'pipeline_ETL' retrieved from /opt/airflow/dags/ETL_pipeline.py
[2026-03-27T16:42:56.475+0000] {logging_mixin.py:188} INFO - [2026-03-27T16:42:56.474+0000] {dag.py:3036} INFO - Sync 1 DAGs
[2026-03-27T16:42:56.673+0000] {logging_mixin.py:188} INFO - [2026-03-27T16:42:56.672+0000] {dag.py:3823} INFO - Setting next_dagrun for pipeline_ETL to 2026-03-26 23:00:00+00:00, run_after=2026-03-27 23:00:00+00:00
[2026-03-27T16:42:56.811+0000] {processor.py:183} INFO - Processing /opt/airflow/dags/ETL_pipeline.py took 0.805 seconds
[2026-03-27T16:43:27.710+0000] {processor.py:161} INFO - Started process (PID=1286) to work on /opt/airflow/dags/ETL_pipeline.py
[2026-03-27T16:43:27.726+0000] {processor.py:830} INFO - Processing file /opt/airflow/dags/ETL_pipeline.py for tasks to queue
[2026-03-27T16:43:27.741+0000] {logging_mixin.py:188} INFO - [2026-03-27T16:43:27.733+0000] {dagbag.py:538} INFO - Filling up the DagBag from /opt/airflow/dags/ETL_pipeline.py
[2026-03-27T16:43:28.075+0000] {processor.py:840} INFO - DAG(s) 'pipeline_ETL' retrieved from /opt/airflow/dags/ETL_pipeline.py
[2026-03-27T16:43:28.462+0000] {logging_mixin.py:188} INFO - [2026-03-27T16:43:28.461+0000] {dag.py:3036} INFO - Sync 1 DAGs
[2026-03-27T16:43:28.674+0000] {logging_mixin.py:188} INFO - [2026-03-27T16:43:28.669+0000] {dag.py:3823} INFO - Setting next_dagrun for pipeline_ETL to 2026-03-26 23:00:00+00:00, run_after=2026-03-27 23:00:00+00:00
[2026-03-27T16:43:28.871+0000] {processor.py:183} INFO - Processing /opt/airflow/dags/ETL_pipeline.py took 1.207 seconds
[2026-03-27T16:43:59.279+0000] {processor.py:161} INFO - Started process (PID=1303) to work on /opt/airflow/dags/ETL_pipeline.py
[2026-03-27T16:43:59.284+0000] {processor.py:830} INFO - Processing file /opt/airflow/dags/ETL_pipeline.py for tasks to queue
[2026-03-27T16:43:59.291+0000] {logging_mixin.py:188} INFO - [2026-03-27T16:43:59.289+0000] {dagbag.py:538} INFO - Filling up the DagBag from /opt/airflow/dags/ETL_pipeline.py
[2026-03-27T16:43:59.402+0000] {processor.py:840} INFO - DAG(s) 'pipeline_ETL' retrieved from /opt/airflow/dags/ETL_pipeline.py
[2026-03-27T16:43:59.583+0000] {logging_mixin.py:188} INFO - [2026-03-27T16:43:59.582+0000] {dag.py:3036} INFO - Sync 1 DAGs
[2026-03-27T16:43:59.748+0000] {logging_mixin.py:188} INFO - [2026-03-27T16:43:59.747+0000] {dag.py:3823} INFO - Setting next_dagrun for pipeline_ETL to 2026-03-26 23:00:00+00:00, run_after=2026-03-27 23:00:00+00:00
[2026-03-27T16:43:59.854+0000] {processor.py:183} INFO - Processing /opt/airflow/dags/ETL_pipeline.py took 0.594 seconds
[2026-03-27T16:44:30.376+0000] {processor.py:161} INFO - Started process (PID=1308) to work on /opt/airflow/dags/ETL_pipeline.py
[2026-03-27T16:44:30.397+0000] {processor.py:830} INFO - Processing file /opt/airflow/dags/ETL_pipeline.py for tasks to queue
[2026-03-27T16:44:30.404+0000] {logging_mixin.py:188} INFO - [2026-03-27T16:44:30.402+0000] {dagbag.py:538} INFO - Filling up the DagBag from /opt/airflow/dags/ETL_pipeline.py
[2026-03-27T16:44:30.766+0000] {processor.py:840} INFO - DAG(s) 'pipeline_ETL' retrieved from /opt/airflow/dags/ETL_pipeline.py
[2026-03-27T16:44:30.896+0000] {logging_mixin.py:188} INFO - [2026-03-27T16:44:30.895+0000] {dag.py:3036} INFO - Sync 1 DAGs
[2026-03-27T16:44:31.043+0000] {logging_mixin.py:188} INFO - [2026-03-27T16:44:31.042+0000] {dag.py:3823} INFO - Setting next_dagrun for pipeline_ETL to 2026-03-26 23:00:00+00:00, run_after=2026-03-27 23:00:00+00:00
[2026-03-27T16:44:31.198+0000] {processor.py:183} INFO - Processing /opt/airflow/dags/ETL_pipeline.py took 0.841 seconds
[2026-03-27T16:45:01.712+0000] {processor.py:161} INFO - Started process (PID=1315) to work on /opt/airflow/dags/ETL_pipeline.py
[2026-03-27T16:45:01.715+0000] {processor.py:830} INFO - Processing file /opt/airflow/dags/ETL_pipeline.py for tasks to queue
[2026-03-27T16:45:01.718+0000] {logging_mixin.py:188} INFO - [2026-03-27T16:45:01.717+0000] {dagbag.py:538} INFO - Filling up the DagBag from /opt/airflow/dags/ETL_pipeline.py
[2026-03-27T16:45:01.792+0000] {processor.py:840} INFO - DAG(s) 'pipeline_ETL' retrieved from /opt/airflow/dags/ETL_pipeline.py
[2026-03-27T16:45:01.879+0000] {logging_mixin.py:188} INFO - [2026-03-27T16:45:01.878+0000] {dag.py:3036} INFO - Sync 1 DAGs
[2026-03-27T16:45:01.919+0000] {logging_mixin.py:188} INFO - [2026-03-27T16:45:01.918+0000] {dag.py:3823} INFO - Setting next_dagrun for pipeline_ETL to 2026-03-26 23:00:00+00:00, run_after=2026-03-27 23:00:00+00:00
[2026-03-27T16:45:01.982+0000] {processor.py:183} INFO - Processing /opt/airflow/dags/ETL_pipeline.py took 0.277 seconds
[2026-03-27T16:45:32.386+0000] {processor.py:161} INFO - Started process (PID=1320) to work on /opt/airflow/dags/ETL_pipeline.py
[2026-03-27T16:45:32.388+0000] {processor.py:830} INFO - Processing file /opt/airflow/dags/ETL_pipeline.py for tasks to queue
[2026-03-27T16:45:32.389+0000] {logging_mixin.py:188} INFO - [2026-03-27T16:45:32.389+0000] {dagbag.py:538} INFO - Filling up the DagBag from /opt/airflow/dags/ETL_pipeline.py
[2026-03-27T16:45:32.430+0000] {processor.py:840} INFO - DAG(s) 'pipeline_ETL' retrieved from /opt/airflow/dags/ETL_pipeline.py
[2026-03-27T16:45:32.472+0000] {logging_mixin.py:188} INFO - [2026-03-27T16:45:32.472+0000] {dag.py:3036} INFO - Sync 1 DAGs
[2026-03-27T16:45:32.500+0000] {logging_mixin.py:188} INFO - [2026-03-27T16:45:32.500+0000] {dag.py:3823} INFO - Setting next_dagrun for pipeline_ETL to 2026-03-26 23:00:00+00:00, run_after=2026-03-27 23:00:00+00:00
[2026-03-27T16:45:32.546+0000] {processor.py:183} INFO - Processing /opt/airflow/dags/ETL_pipeline.py took 0.165 seconds
[2026-03-27T16:46:02.719+0000] {processor.py:161} INFO - Started process (PID=1325) to work on /opt/airflow/dags/ETL_pipeline.py
[2026-03-27T16:46:02.721+0000] {processor.py:830} INFO - Processing file /opt/airflow/dags/ETL_pipeline.py for tasks to queue
[2026-03-27T16:46:02.723+0000] {logging_mixin.py:188} INFO - [2026-03-27T16:46:02.722+0000] {dagbag.py:538} INFO - Filling up the DagBag from /opt/airflow/dags/ETL_pipeline.py
[2026-03-27T16:46:02.763+0000] {processor.py:840} INFO - DAG(s) 'pipeline_ETL' retrieved from /opt/airflow/dags/ETL_pipeline.py
[2026-03-27T16:46:02.801+0000] {logging_mixin.py:188} INFO - [2026-03-27T16:46:02.800+0000] {dag.py:3036} INFO - Sync 1 DAGs
[2026-03-27T16:46:02.828+0000] {logging_mixin.py:188} INFO - [2026-03-27T16:46:02.828+0000] {dag.py:3823} INFO - Setting next_dagrun for pipeline_ETL to 2026-03-26 23:00:00+00:00, run_after=2026-03-27 23:00:00+00:00
[2026-03-27T16:46:02.875+0000] {processor.py:183} INFO - Processing /opt/airflow/dags/ETL_pipeline.py took 0.160 seconds
[2026-03-27T16:46:33.231+0000] {processor.py:161} INFO - Started process (PID=1330) to work on /opt/airflow/dags/ETL_pipeline.py
[2026-03-27T16:46:33.232+0000] {processor.py:830} INFO - Processing file /opt/airflow/dags/ETL_pipeline.py for tasks to queue
[2026-03-27T16:46:33.234+0000] {logging_mixin.py:188} INFO - [2026-03-27T16:46:33.233+0000] {dagbag.py:538} INFO - Filling up the DagBag from /opt/airflow/dags/ETL_pipeline.py
[2026-03-27T16:46:33.272+0000] {processor.py:840} INFO - DAG(s) 'pipeline_ETL' retrieved from /opt/airflow/dags/ETL_pipeline.py
[2026-03-27T16:46:33.308+0000] {logging_mixin.py:188} INFO - [2026-03-27T16:46:33.308+0000] {dag.py:3036} INFO - Sync 1 DAGs
[2026-03-27T16:46:33.334+0000] {logging_mixin.py:188} INFO - [2026-03-27T16:46:33.334+0000] {dag.py:3823} INFO - Setting next_dagrun for pipeline_ETL to 2026-03-26 23:00:00+00:00, run_after=2026-03-27 23:00:00+00:00
[2026-03-27T16:46:33.382+0000] {processor.py:183} INFO - Processing /opt/airflow/dags/ETL_pipeline.py took 0.154 seconds
[2026-03-27T16:47:03.575+0000] {processor.py:161} INFO - Started process (PID=1335) to work on /opt/airflow/dags/ETL_pipeline.py
[2026-03-27T16:47:03.578+0000] {processor.py:830} INFO - Processing file /opt/airflow/dags/ETL_pipeline.py for tasks to queue
[2026-03-27T16:47:03.579+0000] {logging_mixin.py:188} INFO - [2026-03-27T16:47:03.579+0000] {dagbag.py:538} INFO - Filling up the DagBag from /opt/airflow/dags/ETL_pipeline.py
[2026-03-27T16:47:03.621+0000] {processor.py:840} INFO - DAG(s) 'pipeline_ETL' retrieved from /opt/airflow/dags/ETL_pipeline.py
[2026-03-27T16:47:03.663+0000] {logging_mixin.py:188} INFO - [2026-03-27T16:47:03.663+0000] {dag.py:3036} INFO - Sync 1 DAGs
[2026-03-27T16:47:03.691+0000] {logging_mixin.py:188} INFO - [2026-03-27T16:47:03.691+0000] {dag.py:3823} INFO - Setting next_dagrun for pipeline_ETL to 2026-03-26 23:00:00+00:00, run_after=2026-03-27 23:00:00+00:00
[2026-03-27T16:47:03.721+0000] {processor.py:183} INFO - Processing /opt/airflow/dags/ETL_pipeline.py took 0.150 seconds
[2026-03-27T16:47:34.072+0000] {processor.py:161} INFO - Started process (PID=1340) to work on /opt/airflow/dags/ETL_pipeline.py
[2026-03-27T16:47:34.074+0000] {processor.py:830} INFO - Processing file /opt/airflow/dags/ETL_pipeline.py for tasks to queue
[2026-03-27T16:47:34.076+0000] {logging_mixin.py:188} INFO - [2026-03-27T16:47:34.075+0000] {dagbag.py:538} INFO - Filling up the DagBag from /opt/airflow/dags/ETL_pipeline.py
[2026-03-27T16:47:34.124+0000] {processor.py:840} INFO - DAG(s) 'pipeline_ETL' retrieved from /opt/airflow/dags/ETL_pipeline.py
[2026-03-27T16:47:34.168+0000] {logging_mixin.py:188} INFO - [2026-03-27T16:47:34.168+0000] {dag.py:3036} INFO - Sync 1 DAGs
[2026-03-27T16:47:34.200+0000] {logging_mixin.py:188} INFO - [2026-03-27T16:47:34.200+0000] {dag.py:3823} INFO - Setting next_dagrun for pipeline_ETL to 2026-03-26 23:00:00+00:00, run_after=2026-03-27 23:00:00+00:00
[2026-03-27T16:47:34.244+0000] {processor.py:183} INFO - Processing /opt/airflow/dags/ETL_pipeline.py took 0.177 seconds
[2026-03-27T16:48:04.439+0000] {processor.py:161} INFO - Started process (PID=1345) to work on /opt/airflow/dags/ETL_pipeline.py
[2026-03-27T16:48:04.441+0000] {processor.py:830} INFO - Processing file /opt/airflow/dags/ETL_pipeline.py for tasks to queue
[2026-03-27T16:48:04.442+0000] {logging_mixin.py:188} INFO - [2026-03-27T16:48:04.442+0000] {dagbag.py:538} INFO - Filling up the DagBag from /opt/airflow/dags/ETL_pipeline.py
[2026-03-27T16:48:04.479+0000] {processor.py:840} INFO - DAG(s) 'pipeline_ETL' retrieved from /opt/airflow/dags/ETL_pipeline.py
[2026-03-27T16:48:04.529+0000] {logging_mixin.py:188} INFO - [2026-03-27T16:48:04.529+0000] {dag.py:3036} INFO - Sync 1 DAGs
[2026-03-27T16:48:04.561+0000] {logging_mixin.py:188} INFO - [2026-03-27T16:48:04.561+0000] {dag.py:3823} INFO - Setting next_dagrun for pipeline_ETL to 2026-03-26 23:00:00+00:00, run_after=2026-03-27 23:00:00+00:00
[2026-03-27T16:48:04.615+0000] {processor.py:183} INFO - Processing /opt/airflow/dags/ETL_pipeline.py took 0.180 seconds
[2026-03-27T16:48:35.017+0000] {processor.py:161} INFO - Started process (PID=1350) to work on /opt/airflow/dags/ETL_pipeline.py
[2026-03-27T16:48:35.019+0000] {processor.py:830} INFO - Processing file /opt/airflow/dags/ETL_pipeline.py for tasks to queue
[2026-03-27T16:48:35.020+0000] {logging_mixin.py:188} INFO - [2026-03-27T16:48:35.020+0000] {dagbag.py:538} INFO - Filling up the DagBag from /opt/airflow/dags/ETL_pipeline.py
[2026-03-27T16:48:35.065+0000] {processor.py:840} INFO - DAG(s) 'pipeline_ETL' retrieved from /opt/airflow/dags/ETL_pipeline.py
[2026-03-27T16:48:35.104+0000] {logging_mixin.py:188} INFO - [2026-03-27T16:48:35.103+0000] {dag.py:3036} INFO - Sync 1 DAGs
[2026-03-27T16:48:35.134+0000] {logging_mixin.py:188} INFO - [2026-03-27T16:48:35.134+0000] {dag.py:3823} INFO - Setting next_dagrun for pipeline_ETL to 2026-03-26 23:00:00+00:00, run_after=2026-03-27 23:00:00+00:00
[2026-03-27T16:48:35.181+0000] {processor.py:183} INFO - Processing /opt/airflow/dags/ETL_pipeline.py took 0.168 seconds
[2026-03-27T16:49:05.372+0000] {processor.py:161} INFO - Started process (PID=1355) to work on /opt/airflow/dags/ETL_pipeline.py
[2026-03-27T16:49:05.374+0000] {processor.py:830} INFO - Processing file /opt/airflow/dags/ETL_pipeline.py for tasks to queue
[2026-03-27T16:49:05.375+0000] {logging_mixin.py:188} INFO - [2026-03-27T16:49:05.375+0000] {dagbag.py:538} INFO - Filling up the DagBag from /opt/airflow/dags/ETL_pipeline.py
[2026-03-27T16:49:05.413+0000] {processor.py:840} INFO - DAG(s) 'pipeline_ETL' retrieved from /opt/airflow/dags/ETL_pipeline.py
[2026-03-27T16:49:05.451+0000] {logging_mixin.py:188} INFO - [2026-03-27T16:49:05.450+0000] {dag.py:3036} INFO - Sync 1 DAGs
[2026-03-27T16:49:05.478+0000] {logging_mixin.py:188} INFO - [2026-03-27T16:49:05.478+0000] {dag.py:3823} INFO - Setting next_dagrun for pipeline_ETL to 2026-03-26 23:00:00+00:00, run_after=2026-03-27 23:00:00+00:00
[2026-03-27T16:49:05.523+0000] {processor.py:183} INFO - Processing /opt/airflow/dags/ETL_pipeline.py took 0.155 seconds
[2026-03-27T16:49:35.772+0000] {processor.py:161} INFO - Started process (PID=1360) to work on /opt/airflow/dags/ETL_pipeline.py
[2026-03-27T16:49:35.773+0000] {processor.py:830} INFO - Processing file /opt/airflow/dags/ETL_pipeline.py for tasks to queue
[2026-03-27T16:49:35.775+0000] {logging_mixin.py:188} INFO - [2026-03-27T16:49:35.774+0000] {dagbag.py:538} INFO - Filling up the DagBag from /opt/airflow/dags/ETL_pipeline.py
[2026-03-27T16:49:35.814+0000] {processor.py:840} INFO - DAG(s) 'pipeline_ETL' retrieved from /opt/airflow/dags/ETL_pipeline.py
[2026-03-27T16:49:35.851+0000] {logging_mixin.py:188} INFO - [2026-03-27T16:49:35.851+0000] {dag.py:3036} INFO - Sync 1 DAGs
[2026-03-27T16:49:35.878+0000] {logging_mixin.py:188} INFO - [2026-03-27T16:49:35.878+0000] {dag.py:3823} INFO - Setting next_dagrun for pipeline_ETL to 2026-03-26 23:00:00+00:00, run_after=2026-03-27 23:00:00+00:00
[2026-03-27T16:49:35.925+0000] {processor.py:183} INFO - Processing /opt/airflow/dags/ETL_pipeline.py took 0.157 seconds
[2026-03-27T16:50:06.288+0000] {processor.py:161} INFO - Started process (PID=1365) to work on /opt/airflow/dags/ETL_pipeline.py
[2026-03-27T16:50:06.290+0000] {processor.py:830} INFO - Processing file /opt/airflow/dags/ETL_pipeline.py for tasks to queue
[2026-03-27T16:50:06.292+0000] {logging_mixin.py:188} INFO - [2026-03-27T16:50:06.291+0000] {dagbag.py:538} INFO - Filling up the DagBag from /opt/airflow/dags/ETL_pipeline.py
[2026-03-27T16:50:06.328+0000] {processor.py:840} INFO - DAG(s) 'pipeline_ETL' retrieved from /opt/airflow/dags/ETL_pipeline.py
[2026-03-27T16:50:06.363+0000] {logging_mixin.py:188} INFO - [2026-03-27T16:50:06.363+0000] {dag.py:3036} INFO - Sync 1 DAGs
[2026-03-27T16:50:06.391+0000] {logging_mixin.py:188} INFO - [2026-03-27T16:50:06.391+0000] {dag.py:3823} INFO - Setting next_dagrun for pipeline_ETL to 2026-03-26 23:00:00+00:00, run_after=2026-03-27 23:00:00+00:00
[2026-03-27T16:50:06.438+0000] {processor.py:183} INFO - Processing /opt/airflow/dags/ETL_pipeline.py took 0.155 seconds
[2026-03-27T16:50:36.643+0000] {processor.py:161} INFO - Started process (PID=1370) to work on /opt/airflow/dags/ETL_pipeline.py
[2026-03-27T16:50:36.645+0000] {processor.py:830} INFO - Processing file /opt/airflow/dags/ETL_pipeline.py for tasks to queue
[2026-03-27T16:50:36.646+0000] {logging_mixin.py:188} INFO - [2026-03-27T16:50:36.646+0000] {dagbag.py:538} INFO - Filling up the DagBag from /opt/airflow/dags/ETL_pipeline.py
[2026-03-27T16:50:36.690+0000] {processor.py:840} INFO - DAG(s) 'pipeline_ETL' retrieved from /opt/airflow/dags/ETL_pipeline.py
[2026-03-27T16:50:36.736+0000] {logging_mixin.py:188} INFO - [2026-03-27T16:50:36.735+0000] {dag.py:3036} INFO - Sync 1 DAGs
[2026-03-27T16:50:36.764+0000] {logging_mixin.py:188} INFO - [2026-03-27T16:50:36.764+0000] {dag.py:3823} INFO - Setting next_dagrun for pipeline_ETL to 2026-03-26 23:00:00+00:00, run_after=2026-03-27 23:00:00+00:00
[2026-03-27T16:50:36.809+0000] {processor.py:183} INFO - Processing /opt/airflow/dags/ETL_pipeline.py took 0.173 seconds
[2026-03-27T16:51:07.191+0000] {processor.py:161} INFO - Started process (PID=1375) to work on /opt/airflow/dags/ETL_pipeline.py
[2026-03-27T16:51:07.193+0000] {processor.py:830} INFO - Processing file /opt/airflow/dags/ETL_pipeline.py for tasks to queue
[2026-03-27T16:51:07.194+0000] {logging_mixin.py:188} INFO - [2026-03-27T16:51:07.194+0000] {dagbag.py:538} INFO - Filling up the DagBag from /opt/airflow/dags/ETL_pipeline.py
[2026-03-27T16:51:07.246+0000] {processor.py:840} INFO - DAG(s) 'pipeline_ETL' retrieved from /opt/airflow/dags/ETL_pipeline.py
[2026-03-27T16:51:07.281+0000] {logging_mixin.py:188} INFO - [2026-03-27T16:51:07.281+0000] {dag.py:3036} INFO - Sync 1 DAGs
[2026-03-27T16:51:07.305+0000] {logging_mixin.py:188} INFO - [2026-03-27T16:51:07.305+0000] {dag.py:3823} INFO - Setting next_dagrun for pipeline_ETL to 2026-03-26 23:00:00+00:00, run_after=2026-03-27 23:00:00+00:00
[2026-03-27T16:51:07.351+0000] {processor.py:183} INFO - Processing /opt/airflow/dags/ETL_pipeline.py took 0.164 seconds
[2026-03-27T16:51:37.535+0000] {processor.py:161} INFO - Started process (PID=1380) to work on /opt/airflow/dags/ETL_pipeline.py
[2026-03-27T16:51:37.537+0000] {processor.py:830} INFO - Processing file /opt/airflow/dags/ETL_pipeline.py for tasks to queue
[2026-03-27T16:51:37.538+0000] {logging_mixin.py:188} INFO - [2026-03-27T16:51:37.538+0000] {dagbag.py:538} INFO - Filling up the DagBag from /opt/airflow/dags/ETL_pipeline.py
[2026-03-27T16:51:37.576+0000] {processor.py:840} INFO - DAG(s) 'pipeline_ETL' retrieved from /opt/airflow/dags/ETL_pipeline.py
[2026-03-27T16:51:37.614+0000] {logging_mixin.py:188} INFO - [2026-03-27T16:51:37.613+0000] {dag.py:3036} INFO - Sync 1 DAGs
[2026-03-27T16:51:37.641+0000] {logging_mixin.py:188} INFO - [2026-03-27T16:51:37.641+0000] {dag.py:3823} INFO - Setting next_dagrun for pipeline_ETL to 2026-03-26 23:00:00+00:00, run_after=2026-03-27 23:00:00+00:00
[2026-03-27T16:51:37.687+0000] {processor.py:183} INFO - Processing /opt/airflow/dags/ETL_pipeline.py took 0.156 seconds
[2026-03-27T16:52:08.067+0000] {processor.py:161} INFO - Started process (PID=1385) to work on /opt/airflow/dags/ETL_pipeline.py
[2026-03-27T16:52:08.068+0000] {processor.py:830} INFO - Processing file /opt/airflow/dags/ETL_pipeline.py for tasks to queue
[2026-03-27T16:52:08.071+0000] {logging_mixin.py:188} INFO - [2026-03-27T16:52:08.070+0000] {dagbag.py:538} INFO - Filling up the DagBag from /opt/airflow/dags/ETL_pipeline.py
[2026-03-27T16:52:08.112+0000] {processor.py:840} INFO - DAG(s) 'pipeline_ETL' retrieved from /opt/airflow/dags/ETL_pipeline.py
[2026-03-27T16:52:08.149+0000] {logging_mixin.py:188} INFO - [2026-03-27T16:52:08.149+0000] {dag.py:3036} INFO - Sync 1 DAGs
[2026-03-27T16:52:08.178+0000] {logging_mixin.py:188} INFO - [2026-03-27T16:52:08.177+0000] {dag.py:3823} INFO - Setting next_dagrun for pipeline_ETL to 2026-03-26 23:00:00+00:00, run_after=2026-03-27 23:00:00+00:00
[2026-03-27T16:52:08.229+0000] {processor.py:183} INFO - Processing /opt/airflow/dags/ETL_pipeline.py took 0.166 seconds
[2026-03-27T16:52:38.370+0000] {processor.py:161} INFO - Started process (PID=1390) to work on /opt/airflow/dags/ETL_pipeline.py
[2026-03-27T16:52:38.371+0000] {processor.py:830} INFO - Processing file /opt/airflow/dags/ETL_pipeline.py for tasks to queue
[2026-03-27T16:52:38.372+0000] {logging_mixin.py:188} INFO - [2026-03-27T16:52:38.372+0000] {dagbag.py:538} INFO - Filling up the DagBag from /opt/airflow/dags/ETL_pipeline.py
[2026-03-27T16:52:38.404+0000] {processor.py:840} INFO - DAG(s) 'pipeline_ETL' retrieved from /opt/airflow/dags/ETL_pipeline.py
[2026-03-27T16:52:38.439+0000] {logging_mixin.py:188} INFO - [2026-03-27T16:52:38.438+0000] {dag.py:3036} INFO - Sync 1 DAGs
[2026-03-27T16:52:38.464+0000] {logging_mixin.py:188} INFO - [2026-03-27T16:52:38.464+0000] {dag.py:3823} INFO - Setting next_dagrun for pipeline_ETL to 2026-03-26 23:00:00+00:00, run_after=2026-03-27 23:00:00+00:00
[2026-03-27T16:52:38.510+0000] {processor.py:183} INFO - Processing /opt/airflow/dags/ETL_pipeline.py took 0.145 seconds
[2026-03-27T16:53:08.890+0000] {processor.py:161} INFO - Started process (PID=1395) to work on /opt/airflow/dags/ETL_pipeline.py
[2026-03-27T16:53:08.892+0000] {processor.py:830} INFO - Processing file /opt/airflow/dags/ETL_pipeline.py for tasks to queue
[2026-03-27T16:53:08.893+0000] {logging_mixin.py:188} INFO - [2026-03-27T16:53:08.893+0000] {dagbag.py:538} INFO - Filling up the DagBag from /opt/airflow/dags/ETL_pipeline.py
[2026-03-27T16:53:08.930+0000] {processor.py:840} INFO - DAG(s) 'pipeline_ETL' retrieved from /opt/airflow/dags/ETL_pipeline.py
[2026-03-27T16:53:08.964+0000] {logging_mixin.py:188} INFO - [2026-03-27T16:53:08.964+0000] {dag.py:3036} INFO - Sync 1 DAGs
[2026-03-27T16:53:08.991+0000] {logging_mixin.py:188} INFO - [2026-03-27T16:53:08.990+0000] {dag.py:3823} INFO - Setting next_dagrun for pipeline_ETL to 2026-03-26 23:00:00+00:00, run_after=2026-03-27 23:00:00+00:00
[2026-03-27T16:53:09.033+0000] {processor.py:183} INFO - Processing /opt/airflow/dags/ETL_pipeline.py took 0.146 seconds
[2026-03-27T16:53:39.225+0000] {processor.py:161} INFO - Started process (PID=1400) to work on /opt/airflow/dags/ETL_pipeline.py
[2026-03-27T16:53:39.227+0000] {processor.py:830} INFO - Processing file /opt/airflow/dags/ETL_pipeline.py for tasks to queue
[2026-03-27T16:53:39.229+0000] {logging_mixin.py:188} INFO - [2026-03-27T16:53:39.228+0000] {dagbag.py:538} INFO - Filling up the DagBag from /opt/airflow/dags/ETL_pipeline.py
[2026-03-27T16:53:39.266+0000] {processor.py:840} INFO - DAG(s) 'pipeline_ETL' retrieved from /opt/airflow/dags/ETL_pipeline.py
[2026-03-27T16:53:39.304+0000] {logging_mixin.py:188} INFO - [2026-03-27T16:53:39.304+0000] {dag.py:3036} INFO - Sync 1 DAGs
[2026-03-27T16:53:39.331+0000] {logging_mixin.py:188} INFO - [2026-03-27T16:53:39.331+0000] {dag.py:3823} INFO - Setting next_dagrun for pipeline_ETL to 2026-03-26 23:00:00+00:00, run_after=2026-03-27 23:00:00+00:00
[2026-03-27T16:53:39.384+0000] {processor.py:183} INFO - Processing /opt/airflow/dags/ETL_pipeline.py took 0.163 seconds
[2026-03-27T16:54:09.619+0000] {processor.py:161} INFO - Started process (PID=1405) to work on /opt/airflow/dags/ETL_pipeline.py
[2026-03-27T16:54:09.620+0000] {processor.py:830} INFO - Processing file /opt/airflow/dags/ETL_pipeline.py for tasks to queue
[2026-03-27T16:54:09.622+0000] {logging_mixin.py:188} INFO - [2026-03-27T16:54:09.621+0000] {dagbag.py:538} INFO - Filling up the DagBag from /opt/airflow/dags/ETL_pipeline.py
[2026-03-27T16:54:09.665+0000] {processor.py:840} INFO - DAG(s) 'pipeline_ETL' retrieved from /opt/airflow/dags/ETL_pipeline.py
[2026-03-27T16:54:09.702+0000] {logging_mixin.py:188} INFO - [2026-03-27T16:54:09.701+0000] {dag.py:3036} INFO - Sync 1 DAGs
[2026-03-27T16:54:09.728+0000] {logging_mixin.py:188} INFO - [2026-03-27T16:54:09.727+0000] {dag.py:3823} INFO - Setting next_dagrun for pipeline_ETL to 2026-03-26 23:00:00+00:00, run_after=2026-03-27 23:00:00+00:00
[2026-03-27T16:54:09.772+0000] {processor.py:183} INFO - Processing /opt/airflow/dags/ETL_pipeline.py took 0.157 seconds
[2026-03-27T16:54:39.999+0000] {processor.py:161} INFO - Started process (PID=1410) to work on /opt/airflow/dags/ETL_pipeline.py
[2026-03-27T16:54:40.001+0000] {processor.py:830} INFO - Processing file /opt/airflow/dags/ETL_pipeline.py for tasks to queue
[2026-03-27T16:54:40.002+0000] {logging_mixin.py:188} INFO - [2026-03-27T16:54:40.002+0000] {dagbag.py:538} INFO - Filling up the DagBag from /opt/airflow/dags/ETL_pipeline.py
[2026-03-27T16:54:40.039+0000] {processor.py:840} INFO - DAG(s) 'pipeline_ETL' retrieved from /opt/airflow/dags/ETL_pipeline.py
[2026-03-27T16:54:40.074+0000] {logging_mixin.py:188} INFO - [2026-03-27T16:54:40.073+0000] {dag.py:3036} INFO - Sync 1 DAGs
[2026-03-27T16:54:40.099+0000] {logging_mixin.py:188} INFO - [2026-03-27T16:54:40.099+0000] {dag.py:3823} INFO - Setting next_dagrun for pipeline_ETL to 2026-03-26 23:00:00+00:00, run_after=2026-03-27 23:00:00+00:00
[2026-03-27T16:54:40.147+0000] {processor.py:183} INFO - Processing /opt/airflow/dags/ETL_pipeline.py took 0.152 seconds
[2026-03-27T16:55:10.415+0000] {processor.py:161} INFO - Started process (PID=1415) to work on /opt/airflow/dags/ETL_pipeline.py
[2026-03-27T16:55:10.417+0000] {processor.py:830} INFO - Processing file /opt/airflow/dags/ETL_pipeline.py for tasks to queue
[2026-03-27T16:55:10.418+0000] {logging_mixin.py:188} INFO - [2026-03-27T16:55:10.418+0000] {dagbag.py:538} INFO - Filling up the DagBag from /opt/airflow/dags/ETL_pipeline.py
[2026-03-27T16:55:10.453+0000] {processor.py:840} INFO - DAG(s) 'pipeline_ETL' retrieved from /opt/airflow/dags/ETL_pipeline.py
[2026-03-27T16:55:10.490+0000] {logging_mixin.py:188} INFO - [2026-03-27T16:55:10.489+0000] {dag.py:3036} INFO - Sync 1 DAGs
[2026-03-27T16:55:10.525+0000] {logging_mixin.py:188} INFO - [2026-03-27T16:55:10.524+0000] {dag.py:3823} INFO - Setting next_dagrun for pipeline_ETL to 2026-03-26 23:00:00+00:00, run_after=2026-03-27 23:00:00+00:00
[2026-03-27T16:55:10.569+0000] {processor.py:183} INFO - Processing /opt/airflow/dags/ETL_pipeline.py took 0.157 seconds
[2026-03-27T16:55:40.742+0000] {processor.py:161} INFO - Started process (PID=1420) to work on /opt/airflow/dags/ETL_pipeline.py
[2026-03-27T16:55:40.744+0000] {processor.py:830} INFO - Processing file /opt/airflow/dags/ETL_pipeline.py for tasks to queue
[2026-03-27T16:55:40.746+0000] {logging_mixin.py:188} INFO - [2026-03-27T16:55:40.745+0000] {dagbag.py:538} INFO - Filling up the DagBag from /opt/airflow/dags/ETL_pipeline.py
[2026-03-27T16:55:40.786+0000] {processor.py:840} INFO - DAG(s) 'pipeline_ETL' retrieved from /opt/airflow/dags/ETL_pipeline.py
[2026-03-27T16:55:40.827+0000] {logging_mixin.py:188} INFO - [2026-03-27T16:55:40.826+0000] {dag.py:3036} INFO - Sync 1 DAGs
[2026-03-27T16:55:40.854+0000] {logging_mixin.py:188} INFO - [2026-03-27T16:55:40.853+0000] {dag.py:3823} INFO - Setting next_dagrun for pipeline_ETL to 2026-03-26 23:00:00+00:00, run_after=2026-03-27 23:00:00+00:00
[2026-03-27T16:55:40.903+0000] {processor.py:183} INFO - Processing /opt/airflow/dags/ETL_pipeline.py took 0.166 seconds
[2026-03-27T16:56:11.172+0000] {processor.py:161} INFO - Started process (PID=1425) to work on /opt/airflow/dags/ETL_pipeline.py
[2026-03-27T16:56:11.173+0000] {processor.py:830} INFO - Processing file /opt/airflow/dags/ETL_pipeline.py for tasks to queue
[2026-03-27T16:56:11.175+0000] {logging_mixin.py:188} INFO - [2026-03-27T16:56:11.175+0000] {dagbag.py:538} INFO - Filling up the DagBag from /opt/airflow/dags/ETL_pipeline.py
[2026-03-27T16:56:11.212+0000] {processor.py:840} INFO - DAG(s) 'pipeline_ETL' retrieved from /opt/airflow/dags/ETL_pipeline.py
[2026-03-27T16:56:11.245+0000] {logging_mixin.py:188} INFO - [2026-03-27T16:56:11.245+0000] {dag.py:3036} INFO - Sync 1 DAGs
[2026-03-27T16:56:11.272+0000] {logging_mixin.py:188} INFO - [2026-03-27T16:56:11.272+0000] {dag.py:3823} INFO - Setting next_dagrun for pipeline_ETL to 2026-03-26 23:00:00+00:00, run_after=2026-03-27 23:00:00+00:00
[2026-03-27T16:56:11.317+0000] {processor.py:183} INFO - Processing /opt/airflow/dags/ETL_pipeline.py took 0.149 seconds
[2026-03-27T16:56:41.507+0000] {processor.py:161} INFO - Started process (PID=1430) to work on /opt/airflow/dags/ETL_pipeline.py
[2026-03-27T16:56:41.508+0000] {processor.py:830} INFO - Processing file /opt/airflow/dags/ETL_pipeline.py for tasks to queue
[2026-03-27T16:56:41.510+0000] {logging_mixin.py:188} INFO - [2026-03-27T16:56:41.509+0000] {dagbag.py:538} INFO - Filling up the DagBag from /opt/airflow/dags/ETL_pipeline.py
[2026-03-27T16:56:41.547+0000] {processor.py:840} INFO - DAG(s) 'pipeline_ETL' retrieved from /opt/airflow/dags/ETL_pipeline.py
[2026-03-27T16:56:41.595+0000] {logging_mixin.py:188} INFO - [2026-03-27T16:56:41.595+0000] {dag.py:3036} INFO - Sync 1 DAGs
[2026-03-27T16:56:41.632+0000] {logging_mixin.py:188} INFO - [2026-03-27T16:56:41.631+0000] {dag.py:3823} INFO - Setting next_dagrun for pipeline_ETL to 2026-03-26 23:00:00+00:00, run_after=2026-03-27 23:00:00+00:00
[2026-03-27T16:56:41.678+0000] {processor.py:183} INFO - Processing /opt/airflow/dags/ETL_pipeline.py took 0.176 seconds
[2026-03-27T16:57:11.904+0000] {processor.py:161} INFO - Started process (PID=1435) to work on /opt/airflow/dags/ETL_pipeline.py
[2026-03-27T16:57:11.905+0000] {processor.py:830} INFO - Processing file /opt/airflow/dags/ETL_pipeline.py for tasks to queue
[2026-03-27T16:57:11.907+0000] {logging_mixin.py:188} INFO - [2026-03-27T16:57:11.907+0000] {dagbag.py:538} INFO - Filling up the DagBag from /opt/airflow/dags/ETL_pipeline.py
[2026-03-27T16:57:11.942+0000] {processor.py:840} INFO - DAG(s) 'pipeline_ETL' retrieved from /opt/airflow/dags/ETL_pipeline.py
[2026-03-27T16:57:11.981+0000] {logging_mixin.py:188} INFO - [2026-03-27T16:57:11.981+0000] {dag.py:3036} INFO - Sync 1 DAGs
[2026-03-27T16:57:12.010+0000] {logging_mixin.py:188} INFO - [2026-03-27T16:57:12.010+0000] {dag.py:3823} INFO - Setting next_dagrun for pipeline_ETL to 2026-03-26 23:00:00+00:00, run_after=2026-03-27 23:00:00+00:00
[2026-03-27T16:57:12.054+0000] {processor.py:183} INFO - Processing /opt/airflow/dags/ETL_pipeline.py took 0.154 seconds
[2026-03-27T16:57:42.300+0000] {processor.py:161} INFO - Started process (PID=1440) to work on /opt/airflow/dags/ETL_pipeline.py
[2026-03-27T16:57:42.302+0000] {processor.py:830} INFO - Processing file /opt/airflow/dags/ETL_pipeline.py for tasks to queue
[2026-03-27T16:57:42.304+0000] {logging_mixin.py:188} INFO - [2026-03-27T16:57:42.303+0000] {dagbag.py:538} INFO - Filling up the DagBag from /opt/airflow/dags/ETL_pipeline.py
[2026-03-27T16:57:42.343+0000] {processor.py:840} INFO - DAG(s) 'pipeline_ETL' retrieved from /opt/airflow/dags/ETL_pipeline.py
[2026-03-27T16:57:42.385+0000] {logging_mixin.py:188} INFO - [2026-03-27T16:57:42.385+0000] {dag.py:3036} INFO - Sync 1 DAGs
[2026-03-27T16:57:42.425+0000] {logging_mixin.py:188} INFO - [2026-03-27T16:57:42.424+0000] {dag.py:3823} INFO - Setting next_dagrun for pipeline_ETL to 2026-03-26 23:00:00+00:00, run_after=2026-03-27 23:00:00+00:00
[2026-03-27T16:57:42.474+0000] {processor.py:183} INFO - Processing /opt/airflow/dags/ETL_pipeline.py took 0.179 seconds
[2026-03-27T16:58:12.657+0000] {processor.py:161} INFO - Started process (PID=1445) to work on /opt/airflow/dags/ETL_pipeline.py
[2026-03-27T16:58:12.659+0000] {processor.py:830} INFO - Processing file /opt/airflow/dags/ETL_pipeline.py for tasks to queue
[2026-03-27T16:58:12.660+0000] {logging_mixin.py:188} INFO - [2026-03-27T16:58:12.660+0000] {dagbag.py:538} INFO - Filling up the DagBag from /opt/airflow/dags/ETL_pipeline.py
[2026-03-27T16:58:12.698+0000] {processor.py:840} INFO - DAG(s) 'pipeline_ETL' retrieved from /opt/airflow/dags/ETL_pipeline.py
[2026-03-27T16:58:12.739+0000] {logging_mixin.py:188} INFO - [2026-03-27T16:58:12.738+0000] {dag.py:3036} INFO - Sync 1 DAGs
[2026-03-27T16:58:12.764+0000] {logging_mixin.py:188} INFO - [2026-03-27T16:58:12.764+0000] {dag.py:3823} INFO - Setting next_dagrun for pipeline_ETL to 2026-03-26 23:00:00+00:00, run_after=2026-03-27 23:00:00+00:00
[2026-03-27T16:58:12.807+0000] {processor.py:183} INFO - Processing /opt/airflow/dags/ETL_pipeline.py took 0.154 seconds
