[2026-03-18T10:29:24.264+0000] {processor.py:161} INFO - Started process (PID=167) to work on /opt/airflow/dags/ETL_pipeline.py
[2026-03-18T10:29:24.270+0000] {processor.py:830} INFO - Processing file /opt/airflow/dags/ETL_pipeline.py for tasks to queue
[2026-03-18T10:29:24.277+0000] {logging_mixin.py:188} INFO - [2026-03-18T10:29:24.275+0000] {dagbag.py:538} INFO - Filling up the DagBag from /opt/airflow/dags/ETL_pipeline.py
[2026-03-18T10:29:24.523+0000] {processor.py:840} INFO - DAG(s) 'pipeline_ETL' retrieved from /opt/airflow/dags/ETL_pipeline.py
[2026-03-18T10:29:24.680+0000] {logging_mixin.py:188} INFO - [2026-03-18T10:29:24.679+0000] {dag.py:3036} INFO - Sync 1 DAGs
[2026-03-18T10:29:24.804+0000] {logging_mixin.py:188} INFO - [2026-03-18T10:29:24.803+0000] {dag.py:3823} INFO - Setting next_dagrun for pipeline_ETL to 2026-03-17 23:00:00+00:00, run_after=2026-03-18 23:00:00+00:00
[2026-03-18T10:29:24.917+0000] {processor.py:183} INFO - Processing /opt/airflow/dags/ETL_pipeline.py took 0.691 seconds
[2026-03-18T10:29:55.786+0000] {processor.py:161} INFO - Started process (PID=172) to work on /opt/airflow/dags/ETL_pipeline.py
[2026-03-18T10:29:55.793+0000] {processor.py:830} INFO - Processing file /opt/airflow/dags/ETL_pipeline.py for tasks to queue
[2026-03-18T10:29:55.797+0000] {logging_mixin.py:188} INFO - [2026-03-18T10:29:55.796+0000] {dagbag.py:538} INFO - Filling up the DagBag from /opt/airflow/dags/ETL_pipeline.py
[2026-03-18T10:29:55.893+0000] {processor.py:840} INFO - DAG(s) 'pipeline_ETL' retrieved from /opt/airflow/dags/ETL_pipeline.py
[2026-03-18T10:29:56.538+0000] {logging_mixin.py:188} INFO - [2026-03-18T10:29:56.537+0000] {dag.py:3036} INFO - Sync 1 DAGs
[2026-03-18T10:29:56.606+0000] {logging_mixin.py:188} INFO - [2026-03-18T10:29:56.606+0000] {dag.py:3823} INFO - Setting next_dagrun for pipeline_ETL to 2026-03-17 23:00:00+00:00, run_after=2026-03-18 23:00:00+00:00
[2026-03-18T10:29:56.690+0000] {processor.py:183} INFO - Processing /opt/airflow/dags/ETL_pipeline.py took 0.927 seconds
[2026-03-18T10:30:27.008+0000] {processor.py:161} INFO - Started process (PID=177) to work on /opt/airflow/dags/ETL_pipeline.py
[2026-03-18T10:30:27.010+0000] {processor.py:830} INFO - Processing file /opt/airflow/dags/ETL_pipeline.py for tasks to queue
[2026-03-18T10:30:27.011+0000] {logging_mixin.py:188} INFO - [2026-03-18T10:30:27.011+0000] {dagbag.py:538} INFO - Filling up the DagBag from /opt/airflow/dags/ETL_pipeline.py
[2026-03-18T10:30:27.057+0000] {processor.py:840} INFO - DAG(s) 'pipeline_ETL' retrieved from /opt/airflow/dags/ETL_pipeline.py
[2026-03-18T10:30:27.107+0000] {logging_mixin.py:188} INFO - [2026-03-18T10:30:27.107+0000] {dag.py:3036} INFO - Sync 1 DAGs
[2026-03-18T10:30:27.153+0000] {logging_mixin.py:188} INFO - [2026-03-18T10:30:27.152+0000] {dag.py:3823} INFO - Setting next_dagrun for pipeline_ETL to 2026-03-17 23:00:00+00:00, run_after=2026-03-18 23:00:00+00:00
[2026-03-18T10:30:27.230+0000] {processor.py:183} INFO - Processing /opt/airflow/dags/ETL_pipeline.py took 0.227 seconds
[2026-03-18T10:30:57.395+0000] {processor.py:161} INFO - Started process (PID=182) to work on /opt/airflow/dags/ETL_pipeline.py
[2026-03-18T10:30:57.398+0000] {processor.py:830} INFO - Processing file /opt/airflow/dags/ETL_pipeline.py for tasks to queue
[2026-03-18T10:30:57.402+0000] {logging_mixin.py:188} INFO - [2026-03-18T10:30:57.401+0000] {dagbag.py:538} INFO - Filling up the DagBag from /opt/airflow/dags/ETL_pipeline.py
[2026-03-18T10:30:57.498+0000] {processor.py:840} INFO - DAG(s) 'pipeline_ETL' retrieved from /opt/airflow/dags/ETL_pipeline.py
[2026-03-18T10:30:57.590+0000] {logging_mixin.py:188} INFO - [2026-03-18T10:30:57.590+0000] {dag.py:3036} INFO - Sync 1 DAGs
[2026-03-18T10:30:57.646+0000] {logging_mixin.py:188} INFO - [2026-03-18T10:30:57.645+0000] {dag.py:3823} INFO - Setting next_dagrun for pipeline_ETL to 2026-03-17 23:00:00+00:00, run_after=2026-03-18 23:00:00+00:00
[2026-03-18T10:30:57.729+0000] {processor.py:183} INFO - Processing /opt/airflow/dags/ETL_pipeline.py took 0.353 seconds
[2026-03-18T10:31:28.228+0000] {processor.py:161} INFO - Started process (PID=187) to work on /opt/airflow/dags/ETL_pipeline.py
[2026-03-18T10:31:28.243+0000] {processor.py:830} INFO - Processing file /opt/airflow/dags/ETL_pipeline.py for tasks to queue
[2026-03-18T10:31:28.261+0000] {logging_mixin.py:188} INFO - [2026-03-18T10:31:28.259+0000] {dagbag.py:538} INFO - Filling up the DagBag from /opt/airflow/dags/ETL_pipeline.py
[2026-03-18T10:31:28.610+0000] {processor.py:840} INFO - DAG(s) 'pipeline_ETL' retrieved from /opt/airflow/dags/ETL_pipeline.py
[2026-03-18T10:31:28.852+0000] {logging_mixin.py:188} INFO - [2026-03-18T10:31:28.851+0000] {dag.py:3036} INFO - Sync 1 DAGs
[2026-03-18T10:31:29.065+0000] {logging_mixin.py:188} INFO - [2026-03-18T10:31:29.062+0000] {dag.py:3823} INFO - Setting next_dagrun for pipeline_ETL to 2026-03-17 23:00:00+00:00, run_after=2026-03-18 23:00:00+00:00
[2026-03-18T10:31:29.289+0000] {processor.py:183} INFO - Processing /opt/airflow/dags/ETL_pipeline.py took 1.091 seconds
[2026-03-18T10:31:59.662+0000] {processor.py:161} INFO - Started process (PID=192) to work on /opt/airflow/dags/ETL_pipeline.py
[2026-03-18T10:31:59.667+0000] {processor.py:830} INFO - Processing file /opt/airflow/dags/ETL_pipeline.py for tasks to queue
[2026-03-18T10:31:59.675+0000] {logging_mixin.py:188} INFO - [2026-03-18T10:31:59.671+0000] {dagbag.py:538} INFO - Filling up the DagBag from /opt/airflow/dags/ETL_pipeline.py
[2026-03-18T10:31:59.852+0000] {processor.py:840} INFO - DAG(s) 'pipeline_ETL' retrieved from /opt/airflow/dags/ETL_pipeline.py
[2026-03-18T10:31:59.950+0000] {logging_mixin.py:188} INFO - [2026-03-18T10:31:59.949+0000] {dag.py:3036} INFO - Sync 1 DAGs
[2026-03-18T10:32:00.045+0000] {logging_mixin.py:188} INFO - [2026-03-18T10:32:00.044+0000] {dag.py:3823} INFO - Setting next_dagrun for pipeline_ETL to 2026-03-17 23:00:00+00:00, run_after=2026-03-18 23:00:00+00:00
[2026-03-18T10:32:00.124+0000] {processor.py:183} INFO - Processing /opt/airflow/dags/ETL_pipeline.py took 0.487 seconds
[2026-03-18T10:32:30.560+0000] {processor.py:161} INFO - Started process (PID=197) to work on /opt/airflow/dags/ETL_pipeline.py
[2026-03-18T10:32:30.563+0000] {processor.py:830} INFO - Processing file /opt/airflow/dags/ETL_pipeline.py for tasks to queue
[2026-03-18T10:32:30.565+0000] {logging_mixin.py:188} INFO - [2026-03-18T10:32:30.565+0000] {dagbag.py:538} INFO - Filling up the DagBag from /opt/airflow/dags/ETL_pipeline.py
[2026-03-18T10:32:30.632+0000] {processor.py:840} INFO - DAG(s) 'pipeline_ETL' retrieved from /opt/airflow/dags/ETL_pipeline.py
[2026-03-18T10:32:30.712+0000] {logging_mixin.py:188} INFO - [2026-03-18T10:32:30.711+0000] {dag.py:3036} INFO - Sync 1 DAGs
[2026-03-18T10:32:30.771+0000] {logging_mixin.py:188} INFO - [2026-03-18T10:32:30.770+0000] {dag.py:3823} INFO - Setting next_dagrun for pipeline_ETL to 2026-03-17 23:00:00+00:00, run_after=2026-03-18 23:00:00+00:00
[2026-03-18T10:32:30.834+0000] {processor.py:183} INFO - Processing /opt/airflow/dags/ETL_pipeline.py took 0.285 seconds
[2026-03-18T10:33:01.207+0000] {processor.py:161} INFO - Started process (PID=202) to work on /opt/airflow/dags/ETL_pipeline.py
[2026-03-18T10:33:01.209+0000] {processor.py:830} INFO - Processing file /opt/airflow/dags/ETL_pipeline.py for tasks to queue
[2026-03-18T10:33:01.212+0000] {logging_mixin.py:188} INFO - [2026-03-18T10:33:01.211+0000] {dagbag.py:538} INFO - Filling up the DagBag from /opt/airflow/dags/ETL_pipeline.py
[2026-03-18T10:33:01.268+0000] {processor.py:840} INFO - DAG(s) 'pipeline_ETL' retrieved from /opt/airflow/dags/ETL_pipeline.py
[2026-03-18T10:33:01.417+0000] {logging_mixin.py:188} INFO - [2026-03-18T10:33:01.416+0000] {dag.py:3036} INFO - Sync 1 DAGs
[2026-03-18T10:33:01.502+0000] {logging_mixin.py:188} INFO - [2026-03-18T10:33:01.501+0000] {dag.py:3823} INFO - Setting next_dagrun for pipeline_ETL to 2026-03-17 23:00:00+00:00, run_after=2026-03-18 23:00:00+00:00
[2026-03-18T10:33:01.587+0000] {processor.py:183} INFO - Processing /opt/airflow/dags/ETL_pipeline.py took 0.385 seconds
[2026-03-18T10:33:32.000+0000] {processor.py:161} INFO - Started process (PID=207) to work on /opt/airflow/dags/ETL_pipeline.py
[2026-03-18T10:33:32.006+0000] {processor.py:830} INFO - Processing file /opt/airflow/dags/ETL_pipeline.py for tasks to queue
[2026-03-18T10:33:32.008+0000] {logging_mixin.py:188} INFO - [2026-03-18T10:33:32.008+0000] {dagbag.py:538} INFO - Filling up the DagBag from /opt/airflow/dags/ETL_pipeline.py
[2026-03-18T10:33:32.078+0000] {processor.py:840} INFO - DAG(s) 'pipeline_ETL' retrieved from /opt/airflow/dags/ETL_pipeline.py
[2026-03-18T10:33:32.239+0000] {logging_mixin.py:188} INFO - [2026-03-18T10:33:32.238+0000] {dag.py:3036} INFO - Sync 1 DAGs
[2026-03-18T10:33:32.344+0000] {logging_mixin.py:188} INFO - [2026-03-18T10:33:32.344+0000] {dag.py:3823} INFO - Setting next_dagrun for pipeline_ETL to 2026-03-17 23:00:00+00:00, run_after=2026-03-18 23:00:00+00:00
[2026-03-18T10:33:32.417+0000] {processor.py:183} INFO - Processing /opt/airflow/dags/ETL_pipeline.py took 0.455 seconds
[2026-03-18T10:34:03.162+0000] {processor.py:161} INFO - Started process (PID=212) to work on /opt/airflow/dags/ETL_pipeline.py
[2026-03-18T10:34:03.171+0000] {processor.py:830} INFO - Processing file /opt/airflow/dags/ETL_pipeline.py for tasks to queue
[2026-03-18T10:34:03.183+0000] {logging_mixin.py:188} INFO - [2026-03-18T10:34:03.181+0000] {dagbag.py:538} INFO - Filling up the DagBag from /opt/airflow/dags/ETL_pipeline.py
[2026-03-18T10:34:03.470+0000] {processor.py:840} INFO - DAG(s) 'pipeline_ETL' retrieved from /opt/airflow/dags/ETL_pipeline.py
[2026-03-18T10:34:03.672+0000] {logging_mixin.py:188} INFO - [2026-03-18T10:34:03.671+0000] {dag.py:3036} INFO - Sync 1 DAGs
[2026-03-18T10:34:03.743+0000] {logging_mixin.py:188} INFO - [2026-03-18T10:34:03.743+0000] {dag.py:3823} INFO - Setting next_dagrun for pipeline_ETL to 2026-03-17 23:00:00+00:00, run_after=2026-03-18 23:00:00+00:00
[2026-03-18T10:34:03.839+0000] {processor.py:183} INFO - Processing /opt/airflow/dags/ETL_pipeline.py took 0.722 seconds
[2026-03-18T10:34:35.058+0000] {processor.py:161} INFO - Started process (PID=217) to work on /opt/airflow/dags/ETL_pipeline.py
[2026-03-18T10:34:35.066+0000] {processor.py:830} INFO - Processing file /opt/airflow/dags/ETL_pipeline.py for tasks to queue
[2026-03-18T10:34:35.082+0000] {logging_mixin.py:188} INFO - [2026-03-18T10:34:35.080+0000] {dagbag.py:538} INFO - Filling up the DagBag from /opt/airflow/dags/ETL_pipeline.py
[2026-03-18T10:34:35.459+0000] {processor.py:840} INFO - DAG(s) 'pipeline_ETL' retrieved from /opt/airflow/dags/ETL_pipeline.py
[2026-03-18T10:34:35.852+0000] {logging_mixin.py:188} INFO - [2026-03-18T10:34:35.850+0000] {dag.py:3036} INFO - Sync 1 DAGs
[2026-03-18T10:34:36.289+0000] {logging_mixin.py:188} INFO - [2026-03-18T10:34:36.287+0000] {dag.py:3823} INFO - Setting next_dagrun for pipeline_ETL to 2026-03-17 23:00:00+00:00, run_after=2026-03-18 23:00:00+00:00
[2026-03-18T10:34:36.584+0000] {processor.py:183} INFO - Processing /opt/airflow/dags/ETL_pipeline.py took 1.576 seconds
[2026-03-18T10:35:07.458+0000] {processor.py:161} INFO - Started process (PID=222) to work on /opt/airflow/dags/ETL_pipeline.py
[2026-03-18T10:35:07.477+0000] {processor.py:830} INFO - Processing file /opt/airflow/dags/ETL_pipeline.py for tasks to queue
[2026-03-18T10:35:07.484+0000] {logging_mixin.py:188} INFO - [2026-03-18T10:35:07.483+0000] {dagbag.py:538} INFO - Filling up the DagBag from /opt/airflow/dags/ETL_pipeline.py
[2026-03-18T10:35:07.807+0000] {processor.py:840} INFO - DAG(s) 'pipeline_ETL' retrieved from /opt/airflow/dags/ETL_pipeline.py
[2026-03-18T10:35:08.162+0000] {logging_mixin.py:188} INFO - [2026-03-18T10:35:08.161+0000] {dag.py:3036} INFO - Sync 1 DAGs
[2026-03-18T10:35:08.466+0000] {logging_mixin.py:188} INFO - [2026-03-18T10:35:08.464+0000] {dag.py:3823} INFO - Setting next_dagrun for pipeline_ETL to 2026-03-17 23:00:00+00:00, run_after=2026-03-18 23:00:00+00:00
[2026-03-18T10:35:08.719+0000] {processor.py:183} INFO - Processing /opt/airflow/dags/ETL_pipeline.py took 1.297 seconds
[2026-03-18T10:35:39.844+0000] {processor.py:161} INFO - Started process (PID=227) to work on /opt/airflow/dags/ETL_pipeline.py
[2026-03-18T10:35:39.854+0000] {processor.py:830} INFO - Processing file /opt/airflow/dags/ETL_pipeline.py for tasks to queue
[2026-03-18T10:35:39.861+0000] {logging_mixin.py:188} INFO - [2026-03-18T10:35:39.859+0000] {dagbag.py:538} INFO - Filling up the DagBag from /opt/airflow/dags/ETL_pipeline.py
[2026-03-18T10:35:40.038+0000] {processor.py:840} INFO - DAG(s) 'pipeline_ETL' retrieved from /opt/airflow/dags/ETL_pipeline.py
[2026-03-18T10:35:40.565+0000] {logging_mixin.py:188} INFO - [2026-03-18T10:35:40.564+0000] {dag.py:3036} INFO - Sync 1 DAGs
[2026-03-18T10:35:40.835+0000] {logging_mixin.py:188} INFO - [2026-03-18T10:35:40.834+0000] {dag.py:3823} INFO - Setting next_dagrun for pipeline_ETL to 2026-03-17 23:00:00+00:00, run_after=2026-03-18 23:00:00+00:00
[2026-03-18T10:35:41.051+0000] {processor.py:183} INFO - Processing /opt/airflow/dags/ETL_pipeline.py took 1.266 seconds
[2026-03-18T10:36:11.595+0000] {processor.py:161} INFO - Started process (PID=232) to work on /opt/airflow/dags/ETL_pipeline.py
[2026-03-18T10:36:11.603+0000] {processor.py:830} INFO - Processing file /opt/airflow/dags/ETL_pipeline.py for tasks to queue
[2026-03-18T10:36:11.618+0000] {logging_mixin.py:188} INFO - [2026-03-18T10:36:11.615+0000] {dagbag.py:538} INFO - Filling up the DagBag from /opt/airflow/dags/ETL_pipeline.py
[2026-03-18T10:36:11.958+0000] {processor.py:840} INFO - DAG(s) 'pipeline_ETL' retrieved from /opt/airflow/dags/ETL_pipeline.py
[2026-03-18T10:36:12.419+0000] {logging_mixin.py:188} INFO - [2026-03-18T10:36:12.418+0000] {dag.py:3036} INFO - Sync 1 DAGs
[2026-03-18T10:36:12.863+0000] {logging_mixin.py:188} INFO - [2026-03-18T10:36:12.862+0000] {dag.py:3823} INFO - Setting next_dagrun for pipeline_ETL to 2026-03-17 23:00:00+00:00, run_after=2026-03-18 23:00:00+00:00
[2026-03-18T10:36:13.333+0000] {processor.py:183} INFO - Processing /opt/airflow/dags/ETL_pipeline.py took 1.790 seconds
[2026-03-18T10:36:44.167+0000] {processor.py:161} INFO - Started process (PID=237) to work on /opt/airflow/dags/ETL_pipeline.py
[2026-03-18T10:36:44.195+0000] {processor.py:830} INFO - Processing file /opt/airflow/dags/ETL_pipeline.py for tasks to queue
[2026-03-18T10:36:44.224+0000] {logging_mixin.py:188} INFO - [2026-03-18T10:36:44.214+0000] {dagbag.py:538} INFO - Filling up the DagBag from /opt/airflow/dags/ETL_pipeline.py
[2026-03-18T10:36:44.684+0000] {processor.py:840} INFO - DAG(s) 'pipeline_ETL' retrieved from /opt/airflow/dags/ETL_pipeline.py
[2026-03-18T10:36:45.186+0000] {logging_mixin.py:188} INFO - [2026-03-18T10:36:45.181+0000] {dag.py:3036} INFO - Sync 1 DAGs
[2026-03-18T10:36:45.568+0000] {logging_mixin.py:188} INFO - [2026-03-18T10:36:45.567+0000] {dag.py:3823} INFO - Setting next_dagrun for pipeline_ETL to 2026-03-17 23:00:00+00:00, run_after=2026-03-18 23:00:00+00:00
[2026-03-18T10:36:45.837+0000] {processor.py:183} INFO - Processing /opt/airflow/dags/ETL_pipeline.py took 1.753 seconds
[2026-03-18T10:37:16.704+0000] {processor.py:161} INFO - Started process (PID=242) to work on /opt/airflow/dags/ETL_pipeline.py
[2026-03-18T10:37:16.707+0000] {processor.py:830} INFO - Processing file /opt/airflow/dags/ETL_pipeline.py for tasks to queue
[2026-03-18T10:37:16.710+0000] {logging_mixin.py:188} INFO - [2026-03-18T10:37:16.710+0000] {dagbag.py:538} INFO - Filling up the DagBag from /opt/airflow/dags/ETL_pipeline.py
[2026-03-18T10:37:16.770+0000] {processor.py:840} INFO - DAG(s) 'pipeline_ETL' retrieved from /opt/airflow/dags/ETL_pipeline.py
[2026-03-18T10:37:16.864+0000] {logging_mixin.py:188} INFO - [2026-03-18T10:37:16.863+0000] {dag.py:3036} INFO - Sync 1 DAGs
[2026-03-18T10:37:16.930+0000] {logging_mixin.py:188} INFO - [2026-03-18T10:37:16.929+0000] {dag.py:3823} INFO - Setting next_dagrun for pipeline_ETL to 2026-03-17 23:00:00+00:00, run_after=2026-03-18 23:00:00+00:00
[2026-03-18T10:37:17.002+0000] {processor.py:183} INFO - Processing /opt/airflow/dags/ETL_pipeline.py took 0.306 seconds
[2026-03-18T10:37:47.165+0000] {processor.py:161} INFO - Started process (PID=247) to work on /opt/airflow/dags/ETL_pipeline.py
[2026-03-18T10:37:47.167+0000] {processor.py:830} INFO - Processing file /opt/airflow/dags/ETL_pipeline.py for tasks to queue
[2026-03-18T10:37:47.171+0000] {logging_mixin.py:188} INFO - [2026-03-18T10:37:47.170+0000] {dagbag.py:538} INFO - Filling up the DagBag from /opt/airflow/dags/ETL_pipeline.py
[2026-03-18T10:37:47.234+0000] {processor.py:840} INFO - DAG(s) 'pipeline_ETL' retrieved from /opt/airflow/dags/ETL_pipeline.py
[2026-03-18T10:37:47.322+0000] {logging_mixin.py:188} INFO - [2026-03-18T10:37:47.322+0000] {dag.py:3036} INFO - Sync 1 DAGs
[2026-03-18T10:37:47.371+0000] {logging_mixin.py:188} INFO - [2026-03-18T10:37:47.371+0000] {dag.py:3823} INFO - Setting next_dagrun for pipeline_ETL to 2026-03-17 23:00:00+00:00, run_after=2026-03-18 23:00:00+00:00
[2026-03-18T10:37:47.432+0000] {processor.py:183} INFO - Processing /opt/airflow/dags/ETL_pipeline.py took 0.276 seconds
[2026-03-18T10:38:17.764+0000] {processor.py:161} INFO - Started process (PID=252) to work on /opt/airflow/dags/ETL_pipeline.py
[2026-03-18T10:38:17.765+0000] {processor.py:830} INFO - Processing file /opt/airflow/dags/ETL_pipeline.py for tasks to queue
[2026-03-18T10:38:17.767+0000] {logging_mixin.py:188} INFO - [2026-03-18T10:38:17.766+0000] {dagbag.py:538} INFO - Filling up the DagBag from /opt/airflow/dags/ETL_pipeline.py
[2026-03-18T10:38:17.816+0000] {processor.py:840} INFO - DAG(s) 'pipeline_ETL' retrieved from /opt/airflow/dags/ETL_pipeline.py
[2026-03-18T10:38:17.901+0000] {logging_mixin.py:188} INFO - [2026-03-18T10:38:17.900+0000] {dag.py:3036} INFO - Sync 1 DAGs
[2026-03-18T10:38:17.954+0000] {logging_mixin.py:188} INFO - [2026-03-18T10:38:17.954+0000] {dag.py:3823} INFO - Setting next_dagrun for pipeline_ETL to 2026-03-17 23:00:00+00:00, run_after=2026-03-18 23:00:00+00:00
[2026-03-18T10:38:18.013+0000] {processor.py:183} INFO - Processing /opt/airflow/dags/ETL_pipeline.py took 0.254 seconds
[2026-03-18T10:38:48.195+0000] {processor.py:161} INFO - Started process (PID=257) to work on /opt/airflow/dags/ETL_pipeline.py
[2026-03-18T10:38:48.198+0000] {processor.py:830} INFO - Processing file /opt/airflow/dags/ETL_pipeline.py for tasks to queue
[2026-03-18T10:38:48.200+0000] {logging_mixin.py:188} INFO - [2026-03-18T10:38:48.200+0000] {dagbag.py:538} INFO - Filling up the DagBag from /opt/airflow/dags/ETL_pipeline.py
[2026-03-18T10:38:48.256+0000] {processor.py:840} INFO - DAG(s) 'pipeline_ETL' retrieved from /opt/airflow/dags/ETL_pipeline.py
[2026-03-18T10:38:48.326+0000] {logging_mixin.py:188} INFO - [2026-03-18T10:38:48.325+0000] {dag.py:3036} INFO - Sync 1 DAGs
[2026-03-18T10:38:48.373+0000] {logging_mixin.py:188} INFO - [2026-03-18T10:38:48.373+0000] {dag.py:3823} INFO - Setting next_dagrun for pipeline_ETL to 2026-03-17 23:00:00+00:00, run_after=2026-03-18 23:00:00+00:00
[2026-03-18T10:38:48.438+0000] {processor.py:183} INFO - Processing /opt/airflow/dags/ETL_pipeline.py took 0.252 seconds
[2026-03-18T10:39:18.619+0000] {processor.py:161} INFO - Started process (PID=262) to work on /opt/airflow/dags/ETL_pipeline.py
[2026-03-18T10:39:18.622+0000] {processor.py:830} INFO - Processing file /opt/airflow/dags/ETL_pipeline.py for tasks to queue
[2026-03-18T10:39:18.624+0000] {logging_mixin.py:188} INFO - [2026-03-18T10:39:18.624+0000] {dagbag.py:538} INFO - Filling up the DagBag from /opt/airflow/dags/ETL_pipeline.py
[2026-03-18T10:39:18.693+0000] {processor.py:840} INFO - DAG(s) 'pipeline_ETL' retrieved from /opt/airflow/dags/ETL_pipeline.py
[2026-03-18T10:39:18.779+0000] {logging_mixin.py:188} INFO - [2026-03-18T10:39:18.778+0000] {dag.py:3036} INFO - Sync 1 DAGs
[2026-03-18T10:39:19.001+0000] {logging_mixin.py:188} INFO - [2026-03-18T10:39:19.000+0000] {dag.py:3823} INFO - Setting next_dagrun for pipeline_ETL to 2026-03-17 23:00:00+00:00, run_after=2026-03-18 23:00:00+00:00
[2026-03-18T10:39:19.132+0000] {processor.py:183} INFO - Processing /opt/airflow/dags/ETL_pipeline.py took 0.519 seconds
[2026-03-18T10:39:49.560+0000] {processor.py:161} INFO - Started process (PID=267) to work on /opt/airflow/dags/ETL_pipeline.py
[2026-03-18T10:39:49.563+0000] {processor.py:830} INFO - Processing file /opt/airflow/dags/ETL_pipeline.py for tasks to queue
[2026-03-18T10:39:49.566+0000] {logging_mixin.py:188} INFO - [2026-03-18T10:39:49.565+0000] {dagbag.py:538} INFO - Filling up the DagBag from /opt/airflow/dags/ETL_pipeline.py
[2026-03-18T10:39:49.611+0000] {processor.py:840} INFO - DAG(s) 'pipeline_ETL' retrieved from /opt/airflow/dags/ETL_pipeline.py
[2026-03-18T10:39:49.687+0000] {logging_mixin.py:188} INFO - [2026-03-18T10:39:49.687+0000] {dag.py:3036} INFO - Sync 1 DAGs
[2026-03-18T10:39:49.749+0000] {logging_mixin.py:188} INFO - [2026-03-18T10:39:49.749+0000] {dag.py:3823} INFO - Setting next_dagrun for pipeline_ETL to 2026-03-17 23:00:00+00:00, run_after=2026-03-18 23:00:00+00:00
[2026-03-18T10:39:49.831+0000] {processor.py:183} INFO - Processing /opt/airflow/dags/ETL_pipeline.py took 0.280 seconds
[2026-03-18T10:40:20.273+0000] {processor.py:161} INFO - Started process (PID=272) to work on /opt/airflow/dags/ETL_pipeline.py
[2026-03-18T10:40:20.275+0000] {processor.py:830} INFO - Processing file /opt/airflow/dags/ETL_pipeline.py for tasks to queue
[2026-03-18T10:40:20.277+0000] {logging_mixin.py:188} INFO - [2026-03-18T10:40:20.276+0000] {dagbag.py:538} INFO - Filling up the DagBag from /opt/airflow/dags/ETL_pipeline.py
[2026-03-18T10:40:20.315+0000] {processor.py:840} INFO - DAG(s) 'pipeline_ETL' retrieved from /opt/airflow/dags/ETL_pipeline.py
[2026-03-18T10:40:20.356+0000] {logging_mixin.py:188} INFO - [2026-03-18T10:40:20.356+0000] {dag.py:3036} INFO - Sync 1 DAGs
[2026-03-18T10:40:20.386+0000] {logging_mixin.py:188} INFO - [2026-03-18T10:40:20.385+0000] {dag.py:3823} INFO - Setting next_dagrun for pipeline_ETL to 2026-03-17 23:00:00+00:00, run_after=2026-03-18 23:00:00+00:00
[2026-03-18T10:40:20.432+0000] {processor.py:183} INFO - Processing /opt/airflow/dags/ETL_pipeline.py took 0.163 seconds
[2026-03-18T10:40:50.579+0000] {processor.py:161} INFO - Started process (PID=277) to work on /opt/airflow/dags/ETL_pipeline.py
[2026-03-18T10:40:50.582+0000] {processor.py:830} INFO - Processing file /opt/airflow/dags/ETL_pipeline.py for tasks to queue
[2026-03-18T10:40:50.584+0000] {logging_mixin.py:188} INFO - [2026-03-18T10:40:50.584+0000] {dagbag.py:538} INFO - Filling up the DagBag from /opt/airflow/dags/ETL_pipeline.py
[2026-03-18T10:40:50.631+0000] {processor.py:840} INFO - DAG(s) 'pipeline_ETL' retrieved from /opt/airflow/dags/ETL_pipeline.py
[2026-03-18T10:40:50.694+0000] {logging_mixin.py:188} INFO - [2026-03-18T10:40:50.694+0000] {dag.py:3036} INFO - Sync 1 DAGs
[2026-03-18T10:40:50.755+0000] {logging_mixin.py:188} INFO - [2026-03-18T10:40:50.754+0000] {dag.py:3823} INFO - Setting next_dagrun for pipeline_ETL to 2026-03-17 23:00:00+00:00, run_after=2026-03-18 23:00:00+00:00
[2026-03-18T10:40:50.819+0000] {processor.py:183} INFO - Processing /opt/airflow/dags/ETL_pipeline.py took 0.248 seconds
[2026-03-18T10:41:21.114+0000] {processor.py:161} INFO - Started process (PID=282) to work on /opt/airflow/dags/ETL_pipeline.py
[2026-03-18T10:41:21.117+0000] {processor.py:830} INFO - Processing file /opt/airflow/dags/ETL_pipeline.py for tasks to queue
[2026-03-18T10:41:21.119+0000] {logging_mixin.py:188} INFO - [2026-03-18T10:41:21.119+0000] {dagbag.py:538} INFO - Filling up the DagBag from /opt/airflow/dags/ETL_pipeline.py
[2026-03-18T10:41:21.180+0000] {processor.py:840} INFO - DAG(s) 'pipeline_ETL' retrieved from /opt/airflow/dags/ETL_pipeline.py
[2026-03-18T10:41:21.260+0000] {logging_mixin.py:188} INFO - [2026-03-18T10:41:21.259+0000] {dag.py:3036} INFO - Sync 1 DAGs
[2026-03-18T10:41:21.309+0000] {logging_mixin.py:188} INFO - [2026-03-18T10:41:21.308+0000] {dag.py:3823} INFO - Setting next_dagrun for pipeline_ETL to 2026-03-17 23:00:00+00:00, run_after=2026-03-18 23:00:00+00:00
[2026-03-18T10:41:21.379+0000] {processor.py:183} INFO - Processing /opt/airflow/dags/ETL_pipeline.py took 0.274 seconds
[2026-03-18T10:41:51.507+0000] {processor.py:161} INFO - Started process (PID=287) to work on /opt/airflow/dags/ETL_pipeline.py
[2026-03-18T10:41:51.510+0000] {processor.py:830} INFO - Processing file /opt/airflow/dags/ETL_pipeline.py for tasks to queue
[2026-03-18T10:41:51.512+0000] {logging_mixin.py:188} INFO - [2026-03-18T10:41:51.512+0000] {dagbag.py:538} INFO - Filling up the DagBag from /opt/airflow/dags/ETL_pipeline.py
[2026-03-18T10:41:51.564+0000] {processor.py:840} INFO - DAG(s) 'pipeline_ETL' retrieved from /opt/airflow/dags/ETL_pipeline.py
[2026-03-18T10:41:51.612+0000] {logging_mixin.py:188} INFO - [2026-03-18T10:41:51.611+0000] {dag.py:3036} INFO - Sync 1 DAGs
[2026-03-18T10:41:51.644+0000] {logging_mixin.py:188} INFO - [2026-03-18T10:41:51.643+0000] {dag.py:3823} INFO - Setting next_dagrun for pipeline_ETL to 2026-03-17 23:00:00+00:00, run_after=2026-03-18 23:00:00+00:00
[2026-03-18T10:41:51.691+0000] {processor.py:183} INFO - Processing /opt/airflow/dags/ETL_pipeline.py took 0.189 seconds
[2026-03-18T10:42:21.962+0000] {processor.py:161} INFO - Started process (PID=292) to work on /opt/airflow/dags/ETL_pipeline.py
[2026-03-18T10:42:21.963+0000] {processor.py:830} INFO - Processing file /opt/airflow/dags/ETL_pipeline.py for tasks to queue
[2026-03-18T10:42:21.965+0000] {logging_mixin.py:188} INFO - [2026-03-18T10:42:21.965+0000] {dagbag.py:538} INFO - Filling up the DagBag from /opt/airflow/dags/ETL_pipeline.py
[2026-03-18T10:42:22.008+0000] {processor.py:840} INFO - DAG(s) 'pipeline_ETL' retrieved from /opt/airflow/dags/ETL_pipeline.py
[2026-03-18T10:42:22.063+0000] {logging_mixin.py:188} INFO - [2026-03-18T10:42:22.063+0000] {dag.py:3036} INFO - Sync 1 DAGs
[2026-03-18T10:42:22.105+0000] {logging_mixin.py:188} INFO - [2026-03-18T10:42:22.105+0000] {dag.py:3823} INFO - Setting next_dagrun for pipeline_ETL to 2026-03-17 23:00:00+00:00, run_after=2026-03-18 23:00:00+00:00
[2026-03-18T10:42:22.196+0000] {processor.py:183} INFO - Processing /opt/airflow/dags/ETL_pipeline.py took 0.239 seconds
[2026-03-18T10:42:52.315+0000] {processor.py:161} INFO - Started process (PID=297) to work on /opt/airflow/dags/ETL_pipeline.py
[2026-03-18T10:42:52.327+0000] {processor.py:830} INFO - Processing file /opt/airflow/dags/ETL_pipeline.py for tasks to queue
[2026-03-18T10:42:52.337+0000] {logging_mixin.py:188} INFO - [2026-03-18T10:42:52.336+0000] {dagbag.py:538} INFO - Filling up the DagBag from /opt/airflow/dags/ETL_pipeline.py
[2026-03-18T10:42:52.447+0000] {processor.py:840} INFO - DAG(s) 'pipeline_ETL' retrieved from /opt/airflow/dags/ETL_pipeline.py
[2026-03-18T10:42:52.588+0000] {logging_mixin.py:188} INFO - [2026-03-18T10:42:52.587+0000] {dag.py:3036} INFO - Sync 1 DAGs
[2026-03-18T10:42:52.679+0000] {logging_mixin.py:188} INFO - [2026-03-18T10:42:52.678+0000] {dag.py:3823} INFO - Setting next_dagrun for pipeline_ETL to 2026-03-17 23:00:00+00:00, run_after=2026-03-18 23:00:00+00:00
[2026-03-18T10:42:52.744+0000] {processor.py:183} INFO - Processing /opt/airflow/dags/ETL_pipeline.py took 0.458 seconds
[2026-03-18T10:43:22.875+0000] {processor.py:161} INFO - Started process (PID=302) to work on /opt/airflow/dags/ETL_pipeline.py
[2026-03-18T10:43:22.877+0000] {processor.py:830} INFO - Processing file /opt/airflow/dags/ETL_pipeline.py for tasks to queue
[2026-03-18T10:43:22.879+0000] {logging_mixin.py:188} INFO - [2026-03-18T10:43:22.878+0000] {dagbag.py:538} INFO - Filling up the DagBag from /opt/airflow/dags/ETL_pipeline.py
[2026-03-18T10:43:22.921+0000] {processor.py:840} INFO - DAG(s) 'pipeline_ETL' retrieved from /opt/airflow/dags/ETL_pipeline.py
[2026-03-18T10:43:22.959+0000] {logging_mixin.py:188} INFO - [2026-03-18T10:43:22.959+0000] {dag.py:3036} INFO - Sync 1 DAGs
[2026-03-18T10:43:22.992+0000] {logging_mixin.py:188} INFO - [2026-03-18T10:43:22.992+0000] {dag.py:3823} INFO - Setting next_dagrun for pipeline_ETL to 2026-03-17 23:00:00+00:00, run_after=2026-03-18 23:00:00+00:00
[2026-03-18T10:43:23.044+0000] {processor.py:183} INFO - Processing /opt/airflow/dags/ETL_pipeline.py took 0.174 seconds
[2026-03-18T10:43:53.439+0000] {processor.py:161} INFO - Started process (PID=307) to work on /opt/airflow/dags/ETL_pipeline.py
[2026-03-18T10:43:53.442+0000] {processor.py:830} INFO - Processing file /opt/airflow/dags/ETL_pipeline.py for tasks to queue
[2026-03-18T10:43:53.444+0000] {logging_mixin.py:188} INFO - [2026-03-18T10:43:53.444+0000] {dagbag.py:538} INFO - Filling up the DagBag from /opt/airflow/dags/ETL_pipeline.py
[2026-03-18T10:43:53.509+0000] {processor.py:840} INFO - DAG(s) 'pipeline_ETL' retrieved from /opt/airflow/dags/ETL_pipeline.py
[2026-03-18T10:43:53.580+0000] {logging_mixin.py:188} INFO - [2026-03-18T10:43:53.579+0000] {dag.py:3036} INFO - Sync 1 DAGs
[2026-03-18T10:43:53.637+0000] {logging_mixin.py:188} INFO - [2026-03-18T10:43:53.636+0000] {dag.py:3823} INFO - Setting next_dagrun for pipeline_ETL to 2026-03-17 23:00:00+00:00, run_after=2026-03-18 23:00:00+00:00
[2026-03-18T10:43:53.703+0000] {processor.py:183} INFO - Processing /opt/airflow/dags/ETL_pipeline.py took 0.270 seconds
[2026-03-18T10:44:23.830+0000] {processor.py:161} INFO - Started process (PID=312) to work on /opt/airflow/dags/ETL_pipeline.py
[2026-03-18T10:44:23.833+0000] {processor.py:830} INFO - Processing file /opt/airflow/dags/ETL_pipeline.py for tasks to queue
[2026-03-18T10:44:23.837+0000] {logging_mixin.py:188} INFO - [2026-03-18T10:44:23.835+0000] {dagbag.py:538} INFO - Filling up the DagBag from /opt/airflow/dags/ETL_pipeline.py
[2026-03-18T10:44:23.897+0000] {processor.py:840} INFO - DAG(s) 'pipeline_ETL' retrieved from /opt/airflow/dags/ETL_pipeline.py
[2026-03-18T10:44:23.991+0000] {logging_mixin.py:188} INFO - [2026-03-18T10:44:23.991+0000] {dag.py:3036} INFO - Sync 1 DAGs
[2026-03-18T10:44:24.049+0000] {logging_mixin.py:188} INFO - [2026-03-18T10:44:24.049+0000] {dag.py:3823} INFO - Setting next_dagrun for pipeline_ETL to 2026-03-17 23:00:00+00:00, run_after=2026-03-18 23:00:00+00:00
[2026-03-18T10:44:24.121+0000] {processor.py:183} INFO - Processing /opt/airflow/dags/ETL_pipeline.py took 0.301 seconds
[2026-03-18T10:44:54.528+0000] {processor.py:161} INFO - Started process (PID=317) to work on /opt/airflow/dags/ETL_pipeline.py
[2026-03-18T10:44:54.545+0000] {processor.py:830} INFO - Processing file /opt/airflow/dags/ETL_pipeline.py for tasks to queue
[2026-03-18T10:44:54.547+0000] {logging_mixin.py:188} INFO - [2026-03-18T10:44:54.546+0000] {dagbag.py:538} INFO - Filling up the DagBag from /opt/airflow/dags/ETL_pipeline.py
[2026-03-18T10:44:54.604+0000] {processor.py:840} INFO - DAG(s) 'pipeline_ETL' retrieved from /opt/airflow/dags/ETL_pipeline.py
[2026-03-18T10:44:54.673+0000] {logging_mixin.py:188} INFO - [2026-03-18T10:44:54.672+0000] {dag.py:3036} INFO - Sync 1 DAGs
[2026-03-18T10:44:54.727+0000] {logging_mixin.py:188} INFO - [2026-03-18T10:44:54.726+0000] {dag.py:3823} INFO - Setting next_dagrun for pipeline_ETL to 2026-03-17 23:00:00+00:00, run_after=2026-03-18 23:00:00+00:00
[2026-03-18T10:44:54.795+0000] {processor.py:183} INFO - Processing /opt/airflow/dags/ETL_pipeline.py took 0.276 seconds
[2026-03-18T10:45:25.065+0000] {processor.py:161} INFO - Started process (PID=322) to work on /opt/airflow/dags/ETL_pipeline.py
[2026-03-18T10:45:25.070+0000] {processor.py:830} INFO - Processing file /opt/airflow/dags/ETL_pipeline.py for tasks to queue
[2026-03-18T10:45:25.073+0000] {logging_mixin.py:188} INFO - [2026-03-18T10:45:25.072+0000] {dagbag.py:538} INFO - Filling up the DagBag from /opt/airflow/dags/ETL_pipeline.py
[2026-03-18T10:45:25.136+0000] {processor.py:840} INFO - DAG(s) 'pipeline_ETL' retrieved from /opt/airflow/dags/ETL_pipeline.py
[2026-03-18T10:45:25.201+0000] {logging_mixin.py:188} INFO - [2026-03-18T10:45:25.201+0000] {dag.py:3036} INFO - Sync 1 DAGs
[2026-03-18T10:45:25.249+0000] {logging_mixin.py:188} INFO - [2026-03-18T10:45:25.248+0000] {dag.py:3823} INFO - Setting next_dagrun for pipeline_ETL to 2026-03-17 23:00:00+00:00, run_after=2026-03-18 23:00:00+00:00
[2026-03-18T10:45:25.305+0000] {processor.py:183} INFO - Processing /opt/airflow/dags/ETL_pipeline.py took 0.252 seconds
[2026-03-18T10:45:55.545+0000] {processor.py:161} INFO - Started process (PID=327) to work on /opt/airflow/dags/ETL_pipeline.py
[2026-03-18T10:45:55.553+0000] {processor.py:830} INFO - Processing file /opt/airflow/dags/ETL_pipeline.py for tasks to queue
[2026-03-18T10:45:55.556+0000] {logging_mixin.py:188} INFO - [2026-03-18T10:45:55.555+0000] {dagbag.py:538} INFO - Filling up the DagBag from /opt/airflow/dags/ETL_pipeline.py
[2026-03-18T10:45:55.630+0000] {processor.py:840} INFO - DAG(s) 'pipeline_ETL' retrieved from /opt/airflow/dags/ETL_pipeline.py
[2026-03-18T10:45:55.734+0000] {logging_mixin.py:188} INFO - [2026-03-18T10:45:55.733+0000] {dag.py:3036} INFO - Sync 1 DAGs
[2026-03-18T10:45:55.816+0000] {logging_mixin.py:188} INFO - [2026-03-18T10:45:55.815+0000] {dag.py:3823} INFO - Setting next_dagrun for pipeline_ETL to 2026-03-17 23:00:00+00:00, run_after=2026-03-18 23:00:00+00:00
[2026-03-18T10:45:55.894+0000] {processor.py:183} INFO - Processing /opt/airflow/dags/ETL_pipeline.py took 0.362 seconds
[2026-03-18T10:46:26.254+0000] {processor.py:161} INFO - Started process (PID=332) to work on /opt/airflow/dags/ETL_pipeline.py
[2026-03-18T10:46:26.260+0000] {processor.py:830} INFO - Processing file /opt/airflow/dags/ETL_pipeline.py for tasks to queue
[2026-03-18T10:46:26.265+0000] {logging_mixin.py:188} INFO - [2026-03-18T10:46:26.264+0000] {dagbag.py:538} INFO - Filling up the DagBag from /opt/airflow/dags/ETL_pipeline.py
[2026-03-18T10:46:26.351+0000] {processor.py:840} INFO - DAG(s) 'pipeline_ETL' retrieved from /opt/airflow/dags/ETL_pipeline.py
[2026-03-18T10:46:26.455+0000] {logging_mixin.py:188} INFO - [2026-03-18T10:46:26.454+0000] {dag.py:3036} INFO - Sync 1 DAGs
[2026-03-18T10:46:26.512+0000] {logging_mixin.py:188} INFO - [2026-03-18T10:46:26.512+0000] {dag.py:3823} INFO - Setting next_dagrun for pipeline_ETL to 2026-03-17 23:00:00+00:00, run_after=2026-03-18 23:00:00+00:00
[2026-03-18T10:46:26.582+0000] {processor.py:183} INFO - Processing /opt/airflow/dags/ETL_pipeline.py took 0.338 seconds
[2026-03-18T10:46:56.939+0000] {processor.py:161} INFO - Started process (PID=337) to work on /opt/airflow/dags/ETL_pipeline.py
[2026-03-18T10:46:56.942+0000] {processor.py:830} INFO - Processing file /opt/airflow/dags/ETL_pipeline.py for tasks to queue
[2026-03-18T10:46:56.944+0000] {logging_mixin.py:188} INFO - [2026-03-18T10:46:56.944+0000] {dagbag.py:538} INFO - Filling up the DagBag from /opt/airflow/dags/ETL_pipeline.py
[2026-03-18T10:46:56.998+0000] {processor.py:840} INFO - DAG(s) 'pipeline_ETL' retrieved from /opt/airflow/dags/ETL_pipeline.py
[2026-03-18T10:46:57.063+0000] {logging_mixin.py:188} INFO - [2026-03-18T10:46:57.063+0000] {dag.py:3036} INFO - Sync 1 DAGs
[2026-03-18T10:46:57.111+0000] {logging_mixin.py:188} INFO - [2026-03-18T10:46:57.110+0000] {dag.py:3823} INFO - Setting next_dagrun for pipeline_ETL to 2026-03-17 23:00:00+00:00, run_after=2026-03-18 23:00:00+00:00
[2026-03-18T10:46:57.169+0000] {processor.py:183} INFO - Processing /opt/airflow/dags/ETL_pipeline.py took 0.239 seconds
[2026-03-18T10:47:27.277+0000] {processor.py:161} INFO - Started process (PID=342) to work on /opt/airflow/dags/ETL_pipeline.py
[2026-03-18T10:47:27.280+0000] {processor.py:830} INFO - Processing file /opt/airflow/dags/ETL_pipeline.py for tasks to queue
[2026-03-18T10:47:27.282+0000] {logging_mixin.py:188} INFO - [2026-03-18T10:47:27.281+0000] {dagbag.py:538} INFO - Filling up the DagBag from /opt/airflow/dags/ETL_pipeline.py
[2026-03-18T10:47:27.346+0000] {processor.py:840} INFO - DAG(s) 'pipeline_ETL' retrieved from /opt/airflow/dags/ETL_pipeline.py
[2026-03-18T10:47:27.424+0000] {logging_mixin.py:188} INFO - [2026-03-18T10:47:27.423+0000] {dag.py:3036} INFO - Sync 1 DAGs
[2026-03-18T10:47:27.473+0000] {logging_mixin.py:188} INFO - [2026-03-18T10:47:27.472+0000] {dag.py:3823} INFO - Setting next_dagrun for pipeline_ETL to 2026-03-17 23:00:00+00:00, run_after=2026-03-18 23:00:00+00:00
[2026-03-18T10:47:27.532+0000] {processor.py:183} INFO - Processing /opt/airflow/dags/ETL_pipeline.py took 0.265 seconds
[2026-03-18T10:47:57.848+0000] {processor.py:161} INFO - Started process (PID=347) to work on /opt/airflow/dags/ETL_pipeline.py
[2026-03-18T10:47:57.850+0000] {processor.py:830} INFO - Processing file /opt/airflow/dags/ETL_pipeline.py for tasks to queue
[2026-03-18T10:47:57.852+0000] {logging_mixin.py:188} INFO - [2026-03-18T10:47:57.851+0000] {dagbag.py:538} INFO - Filling up the DagBag from /opt/airflow/dags/ETL_pipeline.py
[2026-03-18T10:47:57.897+0000] {processor.py:840} INFO - DAG(s) 'pipeline_ETL' retrieved from /opt/airflow/dags/ETL_pipeline.py
[2026-03-18T10:47:57.969+0000] {logging_mixin.py:188} INFO - [2026-03-18T10:47:57.969+0000] {dag.py:3036} INFO - Sync 1 DAGs
[2026-03-18T10:47:58.037+0000] {logging_mixin.py:188} INFO - [2026-03-18T10:47:58.036+0000] {dag.py:3823} INFO - Setting next_dagrun for pipeline_ETL to 2026-03-17 23:00:00+00:00, run_after=2026-03-18 23:00:00+00:00
[2026-03-18T10:47:58.098+0000] {processor.py:183} INFO - Processing /opt/airflow/dags/ETL_pipeline.py took 0.254 seconds
[2026-03-18T10:48:28.527+0000] {processor.py:161} INFO - Started process (PID=352) to work on /opt/airflow/dags/ETL_pipeline.py
[2026-03-18T10:48:28.535+0000] {processor.py:830} INFO - Processing file /opt/airflow/dags/ETL_pipeline.py for tasks to queue
[2026-03-18T10:48:28.540+0000] {logging_mixin.py:188} INFO - [2026-03-18T10:48:28.539+0000] {dagbag.py:538} INFO - Filling up the DagBag from /opt/airflow/dags/ETL_pipeline.py
[2026-03-18T10:48:28.670+0000] {processor.py:840} INFO - DAG(s) 'pipeline_ETL' retrieved from /opt/airflow/dags/ETL_pipeline.py
[2026-03-18T10:48:28.755+0000] {logging_mixin.py:188} INFO - [2026-03-18T10:48:28.755+0000] {dag.py:3036} INFO - Sync 1 DAGs
[2026-03-18T10:48:28.803+0000] {logging_mixin.py:188} INFO - [2026-03-18T10:48:28.803+0000] {dag.py:3823} INFO - Setting next_dagrun for pipeline_ETL to 2026-03-17 23:00:00+00:00, run_after=2026-03-18 23:00:00+00:00
[2026-03-18T10:48:28.875+0000] {processor.py:183} INFO - Processing /opt/airflow/dags/ETL_pipeline.py took 0.362 seconds
[2026-03-18T10:48:59.332+0000] {processor.py:161} INFO - Started process (PID=357) to work on /opt/airflow/dags/ETL_pipeline.py
[2026-03-18T10:48:59.345+0000] {processor.py:830} INFO - Processing file /opt/airflow/dags/ETL_pipeline.py for tasks to queue
[2026-03-18T10:48:59.350+0000] {logging_mixin.py:188} INFO - [2026-03-18T10:48:59.349+0000] {dagbag.py:538} INFO - Filling up the DagBag from /opt/airflow/dags/ETL_pipeline.py
[2026-03-18T10:48:59.471+0000] {processor.py:840} INFO - DAG(s) 'pipeline_ETL' retrieved from /opt/airflow/dags/ETL_pipeline.py
[2026-03-18T10:48:59.675+0000] {logging_mixin.py:188} INFO - [2026-03-18T10:48:59.674+0000] {dag.py:3036} INFO - Sync 1 DAGs
[2026-03-18T10:48:59.747+0000] {logging_mixin.py:188} INFO - [2026-03-18T10:48:59.746+0000] {dag.py:3823} INFO - Setting next_dagrun for pipeline_ETL to 2026-03-17 23:00:00+00:00, run_after=2026-03-18 23:00:00+00:00
[2026-03-18T10:48:59.813+0000] {processor.py:183} INFO - Processing /opt/airflow/dags/ETL_pipeline.py took 0.502 seconds
[2026-03-18T10:49:30.020+0000] {processor.py:161} INFO - Started process (PID=362) to work on /opt/airflow/dags/ETL_pipeline.py
[2026-03-18T10:49:30.022+0000] {processor.py:830} INFO - Processing file /opt/airflow/dags/ETL_pipeline.py for tasks to queue
[2026-03-18T10:49:30.024+0000] {logging_mixin.py:188} INFO - [2026-03-18T10:49:30.024+0000] {dagbag.py:538} INFO - Filling up the DagBag from /opt/airflow/dags/ETL_pipeline.py
[2026-03-18T10:49:30.068+0000] {processor.py:840} INFO - DAG(s) 'pipeline_ETL' retrieved from /opt/airflow/dags/ETL_pipeline.py
[2026-03-18T10:49:30.122+0000] {logging_mixin.py:188} INFO - [2026-03-18T10:49:30.122+0000] {dag.py:3036} INFO - Sync 1 DAGs
[2026-03-18T10:49:30.169+0000] {logging_mixin.py:188} INFO - [2026-03-18T10:49:30.168+0000] {dag.py:3823} INFO - Setting next_dagrun for pipeline_ETL to 2026-03-17 23:00:00+00:00, run_after=2026-03-18 23:00:00+00:00
[2026-03-18T10:49:30.233+0000] {processor.py:183} INFO - Processing /opt/airflow/dags/ETL_pipeline.py took 0.218 seconds
[2026-03-18T10:50:00.470+0000] {processor.py:161} INFO - Started process (PID=367) to work on /opt/airflow/dags/ETL_pipeline.py
[2026-03-18T10:50:00.472+0000] {processor.py:830} INFO - Processing file /opt/airflow/dags/ETL_pipeline.py for tasks to queue
[2026-03-18T10:50:00.475+0000] {logging_mixin.py:188} INFO - [2026-03-18T10:50:00.474+0000] {dagbag.py:538} INFO - Filling up the DagBag from /opt/airflow/dags/ETL_pipeline.py
[2026-03-18T10:50:00.524+0000] {processor.py:840} INFO - DAG(s) 'pipeline_ETL' retrieved from /opt/airflow/dags/ETL_pipeline.py
[2026-03-18T10:50:00.581+0000] {logging_mixin.py:188} INFO - [2026-03-18T10:50:00.580+0000] {dag.py:3036} INFO - Sync 1 DAGs
[2026-03-18T10:50:00.621+0000] {logging_mixin.py:188} INFO - [2026-03-18T10:50:00.621+0000] {dag.py:3823} INFO - Setting next_dagrun for pipeline_ETL to 2026-03-17 23:00:00+00:00, run_after=2026-03-18 23:00:00+00:00
[2026-03-18T10:50:00.674+0000] {processor.py:183} INFO - Processing /opt/airflow/dags/ETL_pipeline.py took 0.209 seconds
[2026-03-18T10:50:30.855+0000] {processor.py:161} INFO - Started process (PID=372) to work on /opt/airflow/dags/ETL_pipeline.py
[2026-03-18T10:50:30.858+0000] {processor.py:830} INFO - Processing file /opt/airflow/dags/ETL_pipeline.py for tasks to queue
[2026-03-18T10:50:30.861+0000] {logging_mixin.py:188} INFO - [2026-03-18T10:50:30.860+0000] {dagbag.py:538} INFO - Filling up the DagBag from /opt/airflow/dags/ETL_pipeline.py
[2026-03-18T10:50:30.934+0000] {processor.py:840} INFO - DAG(s) 'pipeline_ETL' retrieved from /opt/airflow/dags/ETL_pipeline.py
[2026-03-18T10:50:31.018+0000] {logging_mixin.py:188} INFO - [2026-03-18T10:50:31.017+0000] {dag.py:3036} INFO - Sync 1 DAGs
[2026-03-18T10:50:31.074+0000] {logging_mixin.py:188} INFO - [2026-03-18T10:50:31.073+0000] {dag.py:3823} INFO - Setting next_dagrun for pipeline_ETL to 2026-03-17 23:00:00+00:00, run_after=2026-03-18 23:00:00+00:00
[2026-03-18T10:50:31.198+0000] {processor.py:183} INFO - Processing /opt/airflow/dags/ETL_pipeline.py took 0.354 seconds
[2026-03-18T10:51:01.323+0000] {processor.py:161} INFO - Started process (PID=377) to work on /opt/airflow/dags/ETL_pipeline.py
[2026-03-18T10:51:01.326+0000] {processor.py:830} INFO - Processing file /opt/airflow/dags/ETL_pipeline.py for tasks to queue
[2026-03-18T10:51:01.329+0000] {logging_mixin.py:188} INFO - [2026-03-18T10:51:01.328+0000] {dagbag.py:538} INFO - Filling up the DagBag from /opt/airflow/dags/ETL_pipeline.py
[2026-03-18T10:51:01.382+0000] {processor.py:840} INFO - DAG(s) 'pipeline_ETL' retrieved from /opt/airflow/dags/ETL_pipeline.py
[2026-03-18T10:51:01.485+0000] {logging_mixin.py:188} INFO - [2026-03-18T10:51:01.485+0000] {dag.py:3036} INFO - Sync 1 DAGs
[2026-03-18T10:51:01.536+0000] {logging_mixin.py:188} INFO - [2026-03-18T10:51:01.535+0000] {dag.py:3823} INFO - Setting next_dagrun for pipeline_ETL to 2026-03-17 23:00:00+00:00, run_after=2026-03-18 23:00:00+00:00
[2026-03-18T10:51:01.607+0000] {processor.py:183} INFO - Processing /opt/airflow/dags/ETL_pipeline.py took 0.295 seconds
[2026-03-18T10:51:31.917+0000] {processor.py:161} INFO - Started process (PID=382) to work on /opt/airflow/dags/ETL_pipeline.py
[2026-03-18T10:51:31.919+0000] {processor.py:830} INFO - Processing file /opt/airflow/dags/ETL_pipeline.py for tasks to queue
[2026-03-18T10:51:31.921+0000] {logging_mixin.py:188} INFO - [2026-03-18T10:51:31.921+0000] {dagbag.py:538} INFO - Filling up the DagBag from /opt/airflow/dags/ETL_pipeline.py
[2026-03-18T10:51:31.969+0000] {processor.py:840} INFO - DAG(s) 'pipeline_ETL' retrieved from /opt/airflow/dags/ETL_pipeline.py
[2026-03-18T10:51:32.036+0000] {logging_mixin.py:188} INFO - [2026-03-18T10:51:32.035+0000] {dag.py:3036} INFO - Sync 1 DAGs
[2026-03-18T10:51:32.085+0000] {logging_mixin.py:188} INFO - [2026-03-18T10:51:32.084+0000] {dag.py:3823} INFO - Setting next_dagrun for pipeline_ETL to 2026-03-17 23:00:00+00:00, run_after=2026-03-18 23:00:00+00:00
[2026-03-18T10:51:32.154+0000] {processor.py:183} INFO - Processing /opt/airflow/dags/ETL_pipeline.py took 0.243 seconds
[2026-03-18T10:52:02.478+0000] {processor.py:161} INFO - Started process (PID=387) to work on /opt/airflow/dags/ETL_pipeline.py
[2026-03-18T10:52:02.480+0000] {processor.py:830} INFO - Processing file /opt/airflow/dags/ETL_pipeline.py for tasks to queue
[2026-03-18T10:52:02.482+0000] {logging_mixin.py:188} INFO - [2026-03-18T10:52:02.481+0000] {dagbag.py:538} INFO - Filling up the DagBag from /opt/airflow/dags/ETL_pipeline.py
[2026-03-18T10:52:02.521+0000] {processor.py:840} INFO - DAG(s) 'pipeline_ETL' retrieved from /opt/airflow/dags/ETL_pipeline.py
[2026-03-18T10:52:02.570+0000] {logging_mixin.py:188} INFO - [2026-03-18T10:52:02.569+0000] {dag.py:3036} INFO - Sync 1 DAGs
[2026-03-18T10:52:02.604+0000] {logging_mixin.py:188} INFO - [2026-03-18T10:52:02.603+0000] {dag.py:3823} INFO - Setting next_dagrun for pipeline_ETL to 2026-03-17 23:00:00+00:00, run_after=2026-03-18 23:00:00+00:00
[2026-03-18T10:52:02.658+0000] {processor.py:183} INFO - Processing /opt/airflow/dags/ETL_pipeline.py took 0.183 seconds
[2026-03-18T10:52:32.824+0000] {processor.py:161} INFO - Started process (PID=392) to work on /opt/airflow/dags/ETL_pipeline.py
[2026-03-18T10:52:32.827+0000] {processor.py:830} INFO - Processing file /opt/airflow/dags/ETL_pipeline.py for tasks to queue
[2026-03-18T10:52:32.830+0000] {logging_mixin.py:188} INFO - [2026-03-18T10:52:32.829+0000] {dagbag.py:538} INFO - Filling up the DagBag from /opt/airflow/dags/ETL_pipeline.py
[2026-03-18T10:52:32.915+0000] {processor.py:840} INFO - DAG(s) 'pipeline_ETL' retrieved from /opt/airflow/dags/ETL_pipeline.py
[2026-03-18T10:52:32.992+0000] {logging_mixin.py:188} INFO - [2026-03-18T10:52:32.991+0000] {dag.py:3036} INFO - Sync 1 DAGs
[2026-03-18T10:52:33.048+0000] {logging_mixin.py:188} INFO - [2026-03-18T10:52:33.047+0000] {dag.py:3823} INFO - Setting next_dagrun for pipeline_ETL to 2026-03-17 23:00:00+00:00, run_after=2026-03-18 23:00:00+00:00
[2026-03-18T10:52:33.116+0000] {processor.py:183} INFO - Processing /opt/airflow/dags/ETL_pipeline.py took 0.304 seconds
[2026-03-18T10:53:03.539+0000] {processor.py:161} INFO - Started process (PID=397) to work on /opt/airflow/dags/ETL_pipeline.py
[2026-03-18T10:53:03.542+0000] {processor.py:830} INFO - Processing file /opt/airflow/dags/ETL_pipeline.py for tasks to queue
[2026-03-18T10:53:03.544+0000] {logging_mixin.py:188} INFO - [2026-03-18T10:53:03.543+0000] {dagbag.py:538} INFO - Filling up the DagBag from /opt/airflow/dags/ETL_pipeline.py
[2026-03-18T10:53:03.592+0000] {processor.py:840} INFO - DAG(s) 'pipeline_ETL' retrieved from /opt/airflow/dags/ETL_pipeline.py
[2026-03-18T10:53:03.661+0000] {logging_mixin.py:188} INFO - [2026-03-18T10:53:03.660+0000] {dag.py:3036} INFO - Sync 1 DAGs
[2026-03-18T10:53:03.714+0000] {logging_mixin.py:188} INFO - [2026-03-18T10:53:03.714+0000] {dag.py:3823} INFO - Setting next_dagrun for pipeline_ETL to 2026-03-17 23:00:00+00:00, run_after=2026-03-18 23:00:00+00:00
[2026-03-18T10:53:03.775+0000] {processor.py:183} INFO - Processing /opt/airflow/dags/ETL_pipeline.py took 0.243 seconds
[2026-03-18T10:53:34.107+0000] {processor.py:161} INFO - Started process (PID=402) to work on /opt/airflow/dags/ETL_pipeline.py
[2026-03-18T10:53:34.111+0000] {processor.py:830} INFO - Processing file /opt/airflow/dags/ETL_pipeline.py for tasks to queue
[2026-03-18T10:53:34.115+0000] {logging_mixin.py:188} INFO - [2026-03-18T10:53:34.114+0000] {dagbag.py:538} INFO - Filling up the DagBag from /opt/airflow/dags/ETL_pipeline.py
[2026-03-18T10:53:34.172+0000] {processor.py:840} INFO - DAG(s) 'pipeline_ETL' retrieved from /opt/airflow/dags/ETL_pipeline.py
[2026-03-18T10:53:34.250+0000] {logging_mixin.py:188} INFO - [2026-03-18T10:53:34.250+0000] {dag.py:3036} INFO - Sync 1 DAGs
[2026-03-18T10:53:34.293+0000] {logging_mixin.py:188} INFO - [2026-03-18T10:53:34.292+0000] {dag.py:3823} INFO - Setting next_dagrun for pipeline_ETL to 2026-03-17 23:00:00+00:00, run_after=2026-03-18 23:00:00+00:00
[2026-03-18T10:53:34.350+0000] {processor.py:183} INFO - Processing /opt/airflow/dags/ETL_pipeline.py took 0.249 seconds
[2026-03-18T10:54:04.676+0000] {processor.py:161} INFO - Started process (PID=407) to work on /opt/airflow/dags/ETL_pipeline.py
[2026-03-18T10:54:04.679+0000] {processor.py:830} INFO - Processing file /opt/airflow/dags/ETL_pipeline.py for tasks to queue
[2026-03-18T10:54:04.681+0000] {logging_mixin.py:188} INFO - [2026-03-18T10:54:04.681+0000] {dagbag.py:538} INFO - Filling up the DagBag from /opt/airflow/dags/ETL_pipeline.py
[2026-03-18T10:54:04.749+0000] {processor.py:840} INFO - DAG(s) 'pipeline_ETL' retrieved from /opt/airflow/dags/ETL_pipeline.py
[2026-03-18T10:54:04.841+0000] {logging_mixin.py:188} INFO - [2026-03-18T10:54:04.840+0000] {dag.py:3036} INFO - Sync 1 DAGs
[2026-03-18T10:54:04.899+0000] {logging_mixin.py:188} INFO - [2026-03-18T10:54:04.899+0000] {dag.py:3823} INFO - Setting next_dagrun for pipeline_ETL to 2026-03-17 23:00:00+00:00, run_after=2026-03-18 23:00:00+00:00
[2026-03-18T10:54:04.960+0000] {processor.py:183} INFO - Processing /opt/airflow/dags/ETL_pipeline.py took 0.292 seconds
[2026-03-18T10:54:35.413+0000] {processor.py:161} INFO - Started process (PID=412) to work on /opt/airflow/dags/ETL_pipeline.py
[2026-03-18T10:54:35.415+0000] {processor.py:830} INFO - Processing file /opt/airflow/dags/ETL_pipeline.py for tasks to queue
[2026-03-18T10:54:35.418+0000] {logging_mixin.py:188} INFO - [2026-03-18T10:54:35.417+0000] {dagbag.py:538} INFO - Filling up the DagBag from /opt/airflow/dags/ETL_pipeline.py
[2026-03-18T10:54:35.480+0000] {processor.py:840} INFO - DAG(s) 'pipeline_ETL' retrieved from /opt/airflow/dags/ETL_pipeline.py
[2026-03-18T10:54:35.559+0000] {logging_mixin.py:188} INFO - [2026-03-18T10:54:35.559+0000] {dag.py:3036} INFO - Sync 1 DAGs
[2026-03-18T10:54:35.624+0000] {logging_mixin.py:188} INFO - [2026-03-18T10:54:35.624+0000] {dag.py:3823} INFO - Setting next_dagrun for pipeline_ETL to 2026-03-17 23:00:00+00:00, run_after=2026-03-18 23:00:00+00:00
[2026-03-18T10:54:35.691+0000] {processor.py:183} INFO - Processing /opt/airflow/dags/ETL_pipeline.py took 0.285 seconds
[2026-03-18T10:55:06.036+0000] {processor.py:161} INFO - Started process (PID=417) to work on /opt/airflow/dags/ETL_pipeline.py
[2026-03-18T10:55:06.041+0000] {processor.py:830} INFO - Processing file /opt/airflow/dags/ETL_pipeline.py for tasks to queue
[2026-03-18T10:55:06.044+0000] {logging_mixin.py:188} INFO - [2026-03-18T10:55:06.043+0000] {dagbag.py:538} INFO - Filling up the DagBag from /opt/airflow/dags/ETL_pipeline.py
[2026-03-18T10:55:06.106+0000] {processor.py:840} INFO - DAG(s) 'pipeline_ETL' retrieved from /opt/airflow/dags/ETL_pipeline.py
[2026-03-18T10:55:06.185+0000] {logging_mixin.py:188} INFO - [2026-03-18T10:55:06.184+0000] {dag.py:3036} INFO - Sync 1 DAGs
[2026-03-18T10:55:06.231+0000] {logging_mixin.py:188} INFO - [2026-03-18T10:55:06.231+0000] {dag.py:3823} INFO - Setting next_dagrun for pipeline_ETL to 2026-03-17 23:00:00+00:00, run_after=2026-03-18 23:00:00+00:00
[2026-03-18T10:55:06.296+0000] {processor.py:183} INFO - Processing /opt/airflow/dags/ETL_pipeline.py took 0.270 seconds
[2026-03-18T10:55:36.773+0000] {processor.py:161} INFO - Started process (PID=422) to work on /opt/airflow/dags/ETL_pipeline.py
[2026-03-18T10:55:36.775+0000] {processor.py:830} INFO - Processing file /opt/airflow/dags/ETL_pipeline.py for tasks to queue
[2026-03-18T10:55:36.778+0000] {logging_mixin.py:188} INFO - [2026-03-18T10:55:36.777+0000] {dagbag.py:538} INFO - Filling up the DagBag from /opt/airflow/dags/ETL_pipeline.py
[2026-03-18T10:55:36.846+0000] {processor.py:840} INFO - DAG(s) 'pipeline_ETL' retrieved from /opt/airflow/dags/ETL_pipeline.py
[2026-03-18T10:55:36.923+0000] {logging_mixin.py:188} INFO - [2026-03-18T10:55:36.923+0000] {dag.py:3036} INFO - Sync 1 DAGs
[2026-03-18T10:55:36.977+0000] {logging_mixin.py:188} INFO - [2026-03-18T10:55:36.976+0000] {dag.py:3823} INFO - Setting next_dagrun for pipeline_ETL to 2026-03-17 23:00:00+00:00, run_after=2026-03-18 23:00:00+00:00
[2026-03-18T10:55:37.044+0000] {processor.py:183} INFO - Processing /opt/airflow/dags/ETL_pipeline.py took 0.281 seconds
[2026-03-18T10:56:07.425+0000] {processor.py:161} INFO - Started process (PID=427) to work on /opt/airflow/dags/ETL_pipeline.py
[2026-03-18T10:56:07.430+0000] {processor.py:830} INFO - Processing file /opt/airflow/dags/ETL_pipeline.py for tasks to queue
[2026-03-18T10:56:07.434+0000] {logging_mixin.py:188} INFO - [2026-03-18T10:56:07.433+0000] {dagbag.py:538} INFO - Filling up the DagBag from /opt/airflow/dags/ETL_pipeline.py
[2026-03-18T10:56:07.535+0000] {processor.py:840} INFO - DAG(s) 'pipeline_ETL' retrieved from /opt/airflow/dags/ETL_pipeline.py
[2026-03-18T10:56:07.647+0000] {logging_mixin.py:188} INFO - [2026-03-18T10:56:07.646+0000] {dag.py:3036} INFO - Sync 1 DAGs
[2026-03-18T10:56:07.715+0000] {logging_mixin.py:188} INFO - [2026-03-18T10:56:07.714+0000] {dag.py:3823} INFO - Setting next_dagrun for pipeline_ETL to 2026-03-17 23:00:00+00:00, run_after=2026-03-18 23:00:00+00:00
[2026-03-18T10:56:07.783+0000] {processor.py:183} INFO - Processing /opt/airflow/dags/ETL_pipeline.py took 0.377 seconds
[2026-03-18T10:56:38.103+0000] {processor.py:161} INFO - Started process (PID=432) to work on /opt/airflow/dags/ETL_pipeline.py
[2026-03-18T10:56:38.105+0000] {processor.py:830} INFO - Processing file /opt/airflow/dags/ETL_pipeline.py for tasks to queue
[2026-03-18T10:56:38.108+0000] {logging_mixin.py:188} INFO - [2026-03-18T10:56:38.107+0000] {dagbag.py:538} INFO - Filling up the DagBag from /opt/airflow/dags/ETL_pipeline.py
[2026-03-18T10:56:38.156+0000] {processor.py:840} INFO - DAG(s) 'pipeline_ETL' retrieved from /opt/airflow/dags/ETL_pipeline.py
[2026-03-18T10:56:38.223+0000] {logging_mixin.py:188} INFO - [2026-03-18T10:56:38.222+0000] {dag.py:3036} INFO - Sync 1 DAGs
[2026-03-18T10:56:38.267+0000] {logging_mixin.py:188} INFO - [2026-03-18T10:56:38.266+0000] {dag.py:3823} INFO - Setting next_dagrun for pipeline_ETL to 2026-03-17 23:00:00+00:00, run_after=2026-03-18 23:00:00+00:00
[2026-03-18T10:56:38.336+0000] {processor.py:183} INFO - Processing /opt/airflow/dags/ETL_pipeline.py took 0.240 seconds
[2026-03-18T10:57:08.631+0000] {processor.py:161} INFO - Started process (PID=437) to work on /opt/airflow/dags/ETL_pipeline.py
[2026-03-18T10:57:08.634+0000] {processor.py:830} INFO - Processing file /opt/airflow/dags/ETL_pipeline.py for tasks to queue
[2026-03-18T10:57:08.636+0000] {logging_mixin.py:188} INFO - [2026-03-18T10:57:08.635+0000] {dagbag.py:538} INFO - Filling up the DagBag from /opt/airflow/dags/ETL_pipeline.py
[2026-03-18T10:57:08.682+0000] {processor.py:840} INFO - DAG(s) 'pipeline_ETL' retrieved from /opt/airflow/dags/ETL_pipeline.py
[2026-03-18T10:57:08.733+0000] {logging_mixin.py:188} INFO - [2026-03-18T10:57:08.733+0000] {dag.py:3036} INFO - Sync 1 DAGs
[2026-03-18T10:57:08.768+0000] {logging_mixin.py:188} INFO - [2026-03-18T10:57:08.767+0000] {dag.py:3823} INFO - Setting next_dagrun for pipeline_ETL to 2026-03-17 23:00:00+00:00, run_after=2026-03-18 23:00:00+00:00
[2026-03-18T10:57:08.823+0000] {processor.py:183} INFO - Processing /opt/airflow/dags/ETL_pipeline.py took 0.198 seconds
[2026-03-18T10:57:39.192+0000] {processor.py:161} INFO - Started process (PID=442) to work on /opt/airflow/dags/ETL_pipeline.py
[2026-03-18T10:57:39.196+0000] {processor.py:830} INFO - Processing file /opt/airflow/dags/ETL_pipeline.py for tasks to queue
[2026-03-18T10:57:39.200+0000] {logging_mixin.py:188} INFO - [2026-03-18T10:57:39.199+0000] {dagbag.py:538} INFO - Filling up the DagBag from /opt/airflow/dags/ETL_pipeline.py
[2026-03-18T10:57:39.295+0000] {processor.py:840} INFO - DAG(s) 'pipeline_ETL' retrieved from /opt/airflow/dags/ETL_pipeline.py
[2026-03-18T10:57:39.491+0000] {logging_mixin.py:188} INFO - [2026-03-18T10:57:39.487+0000] {dag.py:3036} INFO - Sync 1 DAGs
[2026-03-18T10:57:39.582+0000] {logging_mixin.py:188} INFO - [2026-03-18T10:57:39.582+0000] {dag.py:3823} INFO - Setting next_dagrun for pipeline_ETL to 2026-03-17 23:00:00+00:00, run_after=2026-03-18 23:00:00+00:00
[2026-03-18T10:57:39.649+0000] {processor.py:183} INFO - Processing /opt/airflow/dags/ETL_pipeline.py took 0.470 seconds
[2026-03-18T10:58:10.064+0000] {processor.py:161} INFO - Started process (PID=447) to work on /opt/airflow/dags/ETL_pipeline.py
[2026-03-18T10:58:10.071+0000] {processor.py:830} INFO - Processing file /opt/airflow/dags/ETL_pipeline.py for tasks to queue
[2026-03-18T10:58:10.074+0000] {logging_mixin.py:188} INFO - [2026-03-18T10:58:10.073+0000] {dagbag.py:538} INFO - Filling up the DagBag from /opt/airflow/dags/ETL_pipeline.py
[2026-03-18T10:58:10.134+0000] {processor.py:840} INFO - DAG(s) 'pipeline_ETL' retrieved from /opt/airflow/dags/ETL_pipeline.py
[2026-03-18T10:58:10.215+0000] {logging_mixin.py:188} INFO - [2026-03-18T10:58:10.214+0000] {dag.py:3036} INFO - Sync 1 DAGs
[2026-03-18T10:58:10.287+0000] {logging_mixin.py:188} INFO - [2026-03-18T10:58:10.286+0000] {dag.py:3823} INFO - Setting next_dagrun for pipeline_ETL to 2026-03-17 23:00:00+00:00, run_after=2026-03-18 23:00:00+00:00
[2026-03-18T10:58:10.361+0000] {processor.py:183} INFO - Processing /opt/airflow/dags/ETL_pipeline.py took 0.312 seconds
[2026-03-18T10:58:40.718+0000] {processor.py:161} INFO - Started process (PID=452) to work on /opt/airflow/dags/ETL_pipeline.py
[2026-03-18T10:58:40.721+0000] {processor.py:830} INFO - Processing file /opt/airflow/dags/ETL_pipeline.py for tasks to queue
[2026-03-18T10:58:40.723+0000] {logging_mixin.py:188} INFO - [2026-03-18T10:58:40.722+0000] {dagbag.py:538} INFO - Filling up the DagBag from /opt/airflow/dags/ETL_pipeline.py
[2026-03-18T10:58:40.789+0000] {processor.py:840} INFO - DAG(s) 'pipeline_ETL' retrieved from /opt/airflow/dags/ETL_pipeline.py
[2026-03-18T10:58:40.859+0000] {logging_mixin.py:188} INFO - [2026-03-18T10:58:40.859+0000] {dag.py:3036} INFO - Sync 1 DAGs
[2026-03-18T10:58:40.907+0000] {logging_mixin.py:188} INFO - [2026-03-18T10:58:40.906+0000] {dag.py:3823} INFO - Setting next_dagrun for pipeline_ETL to 2026-03-17 23:00:00+00:00, run_after=2026-03-18 23:00:00+00:00
[2026-03-18T10:58:40.976+0000] {processor.py:183} INFO - Processing /opt/airflow/dags/ETL_pipeline.py took 0.267 seconds
[2026-03-18T10:59:11.339+0000] {processor.py:161} INFO - Started process (PID=457) to work on /opt/airflow/dags/ETL_pipeline.py
[2026-03-18T10:59:11.342+0000] {processor.py:830} INFO - Processing file /opt/airflow/dags/ETL_pipeline.py for tasks to queue
[2026-03-18T10:59:11.345+0000] {logging_mixin.py:188} INFO - [2026-03-18T10:59:11.344+0000] {dagbag.py:538} INFO - Filling up the DagBag from /opt/airflow/dags/ETL_pipeline.py
[2026-03-18T10:59:11.416+0000] {processor.py:840} INFO - DAG(s) 'pipeline_ETL' retrieved from /opt/airflow/dags/ETL_pipeline.py
[2026-03-18T10:59:11.485+0000] {logging_mixin.py:188} INFO - [2026-03-18T10:59:11.484+0000] {dag.py:3036} INFO - Sync 1 DAGs
[2026-03-18T10:59:11.536+0000] {logging_mixin.py:188} INFO - [2026-03-18T10:59:11.536+0000] {dag.py:3823} INFO - Setting next_dagrun for pipeline_ETL to 2026-03-17 23:00:00+00:00, run_after=2026-03-18 23:00:00+00:00
[2026-03-18T10:59:11.605+0000] {processor.py:183} INFO - Processing /opt/airflow/dags/ETL_pipeline.py took 0.276 seconds
[2026-03-18T10:59:42.161+0000] {processor.py:161} INFO - Started process (PID=462) to work on /opt/airflow/dags/ETL_pipeline.py
[2026-03-18T10:59:42.164+0000] {processor.py:830} INFO - Processing file /opt/airflow/dags/ETL_pipeline.py for tasks to queue
[2026-03-18T10:59:42.166+0000] {logging_mixin.py:188} INFO - [2026-03-18T10:59:42.165+0000] {dagbag.py:538} INFO - Filling up the DagBag from /opt/airflow/dags/ETL_pipeline.py
[2026-03-18T10:59:42.266+0000] {processor.py:840} INFO - DAG(s) 'pipeline_ETL' retrieved from /opt/airflow/dags/ETL_pipeline.py
[2026-03-18T10:59:42.386+0000] {logging_mixin.py:188} INFO - [2026-03-18T10:59:42.386+0000] {dag.py:3036} INFO - Sync 1 DAGs
[2026-03-18T10:59:42.446+0000] {logging_mixin.py:188} INFO - [2026-03-18T10:59:42.445+0000] {dag.py:3823} INFO - Setting next_dagrun for pipeline_ETL to 2026-03-17 23:00:00+00:00, run_after=2026-03-18 23:00:00+00:00
[2026-03-18T10:59:42.510+0000] {processor.py:183} INFO - Processing /opt/airflow/dags/ETL_pipeline.py took 0.376 seconds
[2026-03-18T11:00:12.927+0000] {processor.py:161} INFO - Started process (PID=467) to work on /opt/airflow/dags/ETL_pipeline.py
[2026-03-18T11:00:12.930+0000] {processor.py:830} INFO - Processing file /opt/airflow/dags/ETL_pipeline.py for tasks to queue
[2026-03-18T11:00:12.935+0000] {logging_mixin.py:188} INFO - [2026-03-18T11:00:12.934+0000] {dagbag.py:538} INFO - Filling up the DagBag from /opt/airflow/dags/ETL_pipeline.py
[2026-03-18T11:00:13.004+0000] {processor.py:840} INFO - DAG(s) 'pipeline_ETL' retrieved from /opt/airflow/dags/ETL_pipeline.py
[2026-03-18T11:00:13.092+0000] {logging_mixin.py:188} INFO - [2026-03-18T11:00:13.092+0000] {dag.py:3036} INFO - Sync 1 DAGs
[2026-03-18T11:00:13.147+0000] {logging_mixin.py:188} INFO - [2026-03-18T11:00:13.146+0000] {dag.py:3823} INFO - Setting next_dagrun for pipeline_ETL to 2026-03-17 23:00:00+00:00, run_after=2026-03-18 23:00:00+00:00
[2026-03-18T11:00:13.219+0000] {processor.py:183} INFO - Processing /opt/airflow/dags/ETL_pipeline.py took 0.306 seconds
[2026-03-18T11:00:43.608+0000] {processor.py:161} INFO - Started process (PID=472) to work on /opt/airflow/dags/ETL_pipeline.py
[2026-03-18T11:00:43.611+0000] {processor.py:830} INFO - Processing file /opt/airflow/dags/ETL_pipeline.py for tasks to queue
[2026-03-18T11:00:43.613+0000] {logging_mixin.py:188} INFO - [2026-03-18T11:00:43.613+0000] {dagbag.py:538} INFO - Filling up the DagBag from /opt/airflow/dags/ETL_pipeline.py
[2026-03-18T11:00:43.672+0000] {processor.py:840} INFO - DAG(s) 'pipeline_ETL' retrieved from /opt/airflow/dags/ETL_pipeline.py
[2026-03-18T11:00:43.735+0000] {logging_mixin.py:188} INFO - [2026-03-18T11:00:43.735+0000] {dag.py:3036} INFO - Sync 1 DAGs
[2026-03-18T11:00:43.786+0000] {logging_mixin.py:188} INFO - [2026-03-18T11:00:43.785+0000] {dag.py:3823} INFO - Setting next_dagrun for pipeline_ETL to 2026-03-17 23:00:00+00:00, run_after=2026-03-18 23:00:00+00:00
[2026-03-18T11:00:43.848+0000] {processor.py:183} INFO - Processing /opt/airflow/dags/ETL_pipeline.py took 0.248 seconds
[2026-03-18T11:01:14.182+0000] {processor.py:161} INFO - Started process (PID=477) to work on /opt/airflow/dags/ETL_pipeline.py
[2026-03-18T11:01:14.185+0000] {processor.py:830} INFO - Processing file /opt/airflow/dags/ETL_pipeline.py for tasks to queue
[2026-03-18T11:01:14.187+0000] {logging_mixin.py:188} INFO - [2026-03-18T11:01:14.186+0000] {dagbag.py:538} INFO - Filling up the DagBag from /opt/airflow/dags/ETL_pipeline.py
[2026-03-18T11:01:14.247+0000] {processor.py:840} INFO - DAG(s) 'pipeline_ETL' retrieved from /opt/airflow/dags/ETL_pipeline.py
[2026-03-18T11:01:14.329+0000] {logging_mixin.py:188} INFO - [2026-03-18T11:01:14.329+0000] {dag.py:3036} INFO - Sync 1 DAGs
[2026-03-18T11:01:14.388+0000] {logging_mixin.py:188} INFO - [2026-03-18T11:01:14.388+0000] {dag.py:3823} INFO - Setting next_dagrun for pipeline_ETL to 2026-03-17 23:00:00+00:00, run_after=2026-03-18 23:00:00+00:00
[2026-03-18T11:01:14.457+0000] {processor.py:183} INFO - Processing /opt/airflow/dags/ETL_pipeline.py took 0.281 seconds
[2026-03-18T11:01:44.881+0000] {processor.py:161} INFO - Started process (PID=482) to work on /opt/airflow/dags/ETL_pipeline.py
[2026-03-18T11:01:44.883+0000] {processor.py:830} INFO - Processing file /opt/airflow/dags/ETL_pipeline.py for tasks to queue
[2026-03-18T11:01:44.886+0000] {logging_mixin.py:188} INFO - [2026-03-18T11:01:44.885+0000] {dagbag.py:538} INFO - Filling up the DagBag from /opt/airflow/dags/ETL_pipeline.py
[2026-03-18T11:01:44.951+0000] {processor.py:840} INFO - DAG(s) 'pipeline_ETL' retrieved from /opt/airflow/dags/ETL_pipeline.py
[2026-03-18T11:01:45.010+0000] {logging_mixin.py:188} INFO - [2026-03-18T11:01:45.009+0000] {dag.py:3036} INFO - Sync 1 DAGs
[2026-03-18T11:01:45.057+0000] {logging_mixin.py:188} INFO - [2026-03-18T11:01:45.057+0000] {dag.py:3823} INFO - Setting next_dagrun for pipeline_ETL to 2026-03-17 23:00:00+00:00, run_after=2026-03-18 23:00:00+00:00
[2026-03-18T11:01:45.132+0000] {processor.py:183} INFO - Processing /opt/airflow/dags/ETL_pipeline.py took 0.261 seconds
[2026-03-18T11:02:15.500+0000] {processor.py:161} INFO - Started process (PID=487) to work on /opt/airflow/dags/ETL_pipeline.py
[2026-03-18T11:02:15.503+0000] {processor.py:830} INFO - Processing file /opt/airflow/dags/ETL_pipeline.py for tasks to queue
[2026-03-18T11:02:15.505+0000] {logging_mixin.py:188} INFO - [2026-03-18T11:02:15.504+0000] {dagbag.py:538} INFO - Filling up the DagBag from /opt/airflow/dags/ETL_pipeline.py
[2026-03-18T11:02:15.560+0000] {processor.py:840} INFO - DAG(s) 'pipeline_ETL' retrieved from /opt/airflow/dags/ETL_pipeline.py
[2026-03-18T11:02:15.632+0000] {logging_mixin.py:188} INFO - [2026-03-18T11:02:15.631+0000] {dag.py:3036} INFO - Sync 1 DAGs
[2026-03-18T11:02:15.684+0000] {logging_mixin.py:188} INFO - [2026-03-18T11:02:15.683+0000] {dag.py:3823} INFO - Setting next_dagrun for pipeline_ETL to 2026-03-17 23:00:00+00:00, run_after=2026-03-18 23:00:00+00:00
[2026-03-18T11:02:15.749+0000] {processor.py:183} INFO - Processing /opt/airflow/dags/ETL_pipeline.py took 0.257 seconds
[2026-03-18T11:02:46.076+0000] {processor.py:161} INFO - Started process (PID=492) to work on /opt/airflow/dags/ETL_pipeline.py
[2026-03-18T11:02:46.078+0000] {processor.py:830} INFO - Processing file /opt/airflow/dags/ETL_pipeline.py for tasks to queue
[2026-03-18T11:02:46.080+0000] {logging_mixin.py:188} INFO - [2026-03-18T11:02:46.080+0000] {dagbag.py:538} INFO - Filling up the DagBag from /opt/airflow/dags/ETL_pipeline.py
[2026-03-18T11:02:46.136+0000] {processor.py:840} INFO - DAG(s) 'pipeline_ETL' retrieved from /opt/airflow/dags/ETL_pipeline.py
[2026-03-18T11:02:46.201+0000] {logging_mixin.py:188} INFO - [2026-03-18T11:02:46.200+0000] {dag.py:3036} INFO - Sync 1 DAGs
[2026-03-18T11:02:46.258+0000] {logging_mixin.py:188} INFO - [2026-03-18T11:02:46.257+0000] {dag.py:3823} INFO - Setting next_dagrun for pipeline_ETL to 2026-03-17 23:00:00+00:00, run_after=2026-03-18 23:00:00+00:00
[2026-03-18T11:02:46.322+0000] {processor.py:183} INFO - Processing /opt/airflow/dags/ETL_pipeline.py took 0.253 seconds
[2026-03-18T11:03:16.705+0000] {processor.py:161} INFO - Started process (PID=497) to work on /opt/airflow/dags/ETL_pipeline.py
[2026-03-18T11:03:16.709+0000] {processor.py:830} INFO - Processing file /opt/airflow/dags/ETL_pipeline.py for tasks to queue
[2026-03-18T11:03:16.711+0000] {logging_mixin.py:188} INFO - [2026-03-18T11:03:16.711+0000] {dagbag.py:538} INFO - Filling up the DagBag from /opt/airflow/dags/ETL_pipeline.py
[2026-03-18T11:03:16.769+0000] {processor.py:840} INFO - DAG(s) 'pipeline_ETL' retrieved from /opt/airflow/dags/ETL_pipeline.py
[2026-03-18T11:03:16.842+0000] {logging_mixin.py:188} INFO - [2026-03-18T11:03:16.841+0000] {dag.py:3036} INFO - Sync 1 DAGs
[2026-03-18T11:03:16.888+0000] {logging_mixin.py:188} INFO - [2026-03-18T11:03:16.887+0000] {dag.py:3823} INFO - Setting next_dagrun for pipeline_ETL to 2026-03-17 23:00:00+00:00, run_after=2026-03-18 23:00:00+00:00
[2026-03-18T11:03:16.952+0000] {processor.py:183} INFO - Processing /opt/airflow/dags/ETL_pipeline.py took 0.254 seconds
[2026-03-18T11:03:47.334+0000] {processor.py:161} INFO - Started process (PID=502) to work on /opt/airflow/dags/ETL_pipeline.py
[2026-03-18T11:03:47.337+0000] {processor.py:830} INFO - Processing file /opt/airflow/dags/ETL_pipeline.py for tasks to queue
[2026-03-18T11:03:47.340+0000] {logging_mixin.py:188} INFO - [2026-03-18T11:03:47.339+0000] {dagbag.py:538} INFO - Filling up the DagBag from /opt/airflow/dags/ETL_pipeline.py
[2026-03-18T11:03:47.400+0000] {processor.py:840} INFO - DAG(s) 'pipeline_ETL' retrieved from /opt/airflow/dags/ETL_pipeline.py
[2026-03-18T11:03:47.480+0000] {logging_mixin.py:188} INFO - [2026-03-18T11:03:47.480+0000] {dag.py:3036} INFO - Sync 1 DAGs
[2026-03-18T11:03:47.534+0000] {logging_mixin.py:188} INFO - [2026-03-18T11:03:47.533+0000] {dag.py:3823} INFO - Setting next_dagrun for pipeline_ETL to 2026-03-17 23:00:00+00:00, run_after=2026-03-18 23:00:00+00:00
[2026-03-18T11:03:47.603+0000] {processor.py:183} INFO - Processing /opt/airflow/dags/ETL_pipeline.py took 0.280 seconds
[2026-03-18T11:04:18.187+0000] {processor.py:161} INFO - Started process (PID=507) to work on /opt/airflow/dags/ETL_pipeline.py
[2026-03-18T11:04:18.197+0000] {processor.py:830} INFO - Processing file /opt/airflow/dags/ETL_pipeline.py for tasks to queue
[2026-03-18T11:04:18.202+0000] {logging_mixin.py:188} INFO - [2026-03-18T11:04:18.201+0000] {dagbag.py:538} INFO - Filling up the DagBag from /opt/airflow/dags/ETL_pipeline.py
[2026-03-18T11:04:18.299+0000] {processor.py:840} INFO - DAG(s) 'pipeline_ETL' retrieved from /opt/airflow/dags/ETL_pipeline.py
[2026-03-18T11:04:18.401+0000] {logging_mixin.py:188} INFO - [2026-03-18T11:04:18.400+0000] {dag.py:3036} INFO - Sync 1 DAGs
[2026-03-18T11:04:18.485+0000] {logging_mixin.py:188} INFO - [2026-03-18T11:04:18.484+0000] {dag.py:3823} INFO - Setting next_dagrun for pipeline_ETL to 2026-03-17 23:00:00+00:00, run_after=2026-03-18 23:00:00+00:00
[2026-03-18T11:04:18.561+0000] {processor.py:183} INFO - Processing /opt/airflow/dags/ETL_pipeline.py took 0.392 seconds
[2026-03-18T11:04:49.222+0000] {processor.py:161} INFO - Started process (PID=512) to work on /opt/airflow/dags/ETL_pipeline.py
[2026-03-18T11:04:49.232+0000] {processor.py:830} INFO - Processing file /opt/airflow/dags/ETL_pipeline.py for tasks to queue
[2026-03-18T11:04:49.250+0000] {logging_mixin.py:188} INFO - [2026-03-18T11:04:49.246+0000] {dagbag.py:538} INFO - Filling up the DagBag from /opt/airflow/dags/ETL_pipeline.py
[2026-03-18T11:04:49.417+0000] {processor.py:840} INFO - DAG(s) 'pipeline_ETL' retrieved from /opt/airflow/dags/ETL_pipeline.py
[2026-03-18T11:04:49.664+0000] {logging_mixin.py:188} INFO - [2026-03-18T11:04:49.662+0000] {dag.py:3036} INFO - Sync 1 DAGs
[2026-03-18T11:04:49.765+0000] {logging_mixin.py:188} INFO - [2026-03-18T11:04:49.765+0000] {dag.py:3823} INFO - Setting next_dagrun for pipeline_ETL to 2026-03-17 23:00:00+00:00, run_after=2026-03-18 23:00:00+00:00
[2026-03-18T11:04:49.845+0000] {processor.py:183} INFO - Processing /opt/airflow/dags/ETL_pipeline.py took 0.673 seconds
[2026-03-18T11:05:20.180+0000] {processor.py:161} INFO - Started process (PID=517) to work on /opt/airflow/dags/ETL_pipeline.py
[2026-03-18T11:05:20.182+0000] {processor.py:830} INFO - Processing file /opt/airflow/dags/ETL_pipeline.py for tasks to queue
[2026-03-18T11:05:20.184+0000] {logging_mixin.py:188} INFO - [2026-03-18T11:05:20.184+0000] {dagbag.py:538} INFO - Filling up the DagBag from /opt/airflow/dags/ETL_pipeline.py
[2026-03-18T11:05:20.240+0000] {processor.py:840} INFO - DAG(s) 'pipeline_ETL' retrieved from /opt/airflow/dags/ETL_pipeline.py
[2026-03-18T11:05:20.298+0000] {logging_mixin.py:188} INFO - [2026-03-18T11:05:20.298+0000] {dag.py:3036} INFO - Sync 1 DAGs
[2026-03-18T11:05:20.341+0000] {logging_mixin.py:188} INFO - [2026-03-18T11:05:20.340+0000] {dag.py:3823} INFO - Setting next_dagrun for pipeline_ETL to 2026-03-17 23:00:00+00:00, run_after=2026-03-18 23:00:00+00:00
[2026-03-18T11:05:20.400+0000] {processor.py:183} INFO - Processing /opt/airflow/dags/ETL_pipeline.py took 0.229 seconds
[2026-03-18T11:05:50.732+0000] {processor.py:161} INFO - Started process (PID=522) to work on /opt/airflow/dags/ETL_pipeline.py
[2026-03-18T11:05:50.734+0000] {processor.py:830} INFO - Processing file /opt/airflow/dags/ETL_pipeline.py for tasks to queue
[2026-03-18T11:05:50.737+0000] {logging_mixin.py:188} INFO - [2026-03-18T11:05:50.736+0000] {dagbag.py:538} INFO - Filling up the DagBag from /opt/airflow/dags/ETL_pipeline.py
[2026-03-18T11:05:50.798+0000] {processor.py:840} INFO - DAG(s) 'pipeline_ETL' retrieved from /opt/airflow/dags/ETL_pipeline.py
[2026-03-18T11:05:50.862+0000] {logging_mixin.py:188} INFO - [2026-03-18T11:05:50.861+0000] {dag.py:3036} INFO - Sync 1 DAGs
[2026-03-18T11:05:50.909+0000] {logging_mixin.py:188} INFO - [2026-03-18T11:05:50.908+0000] {dag.py:3823} INFO - Setting next_dagrun for pipeline_ETL to 2026-03-17 23:00:00+00:00, run_after=2026-03-18 23:00:00+00:00
[2026-03-18T11:05:50.976+0000] {processor.py:183} INFO - Processing /opt/airflow/dags/ETL_pipeline.py took 0.252 seconds
[2026-03-18T11:06:21.331+0000] {processor.py:161} INFO - Started process (PID=527) to work on /opt/airflow/dags/ETL_pipeline.py
[2026-03-18T11:06:21.333+0000] {processor.py:830} INFO - Processing file /opt/airflow/dags/ETL_pipeline.py for tasks to queue
[2026-03-18T11:06:21.335+0000] {logging_mixin.py:188} INFO - [2026-03-18T11:06:21.335+0000] {dagbag.py:538} INFO - Filling up the DagBag from /opt/airflow/dags/ETL_pipeline.py
[2026-03-18T11:06:21.406+0000] {processor.py:840} INFO - DAG(s) 'pipeline_ETL' retrieved from /opt/airflow/dags/ETL_pipeline.py
[2026-03-18T11:06:21.555+0000] {logging_mixin.py:188} INFO - [2026-03-18T11:06:21.554+0000] {dag.py:3036} INFO - Sync 1 DAGs
[2026-03-18T11:06:21.649+0000] {logging_mixin.py:188} INFO - [2026-03-18T11:06:21.648+0000] {dag.py:3823} INFO - Setting next_dagrun for pipeline_ETL to 2026-03-17 23:00:00+00:00, run_after=2026-03-18 23:00:00+00:00
[2026-03-18T11:06:21.733+0000] {processor.py:183} INFO - Processing /opt/airflow/dags/ETL_pipeline.py took 0.409 seconds
[2026-03-18T11:06:52.097+0000] {processor.py:161} INFO - Started process (PID=532) to work on /opt/airflow/dags/ETL_pipeline.py
[2026-03-18T11:06:52.101+0000] {processor.py:830} INFO - Processing file /opt/airflow/dags/ETL_pipeline.py for tasks to queue
[2026-03-18T11:06:52.103+0000] {logging_mixin.py:188} INFO - [2026-03-18T11:06:52.102+0000] {dagbag.py:538} INFO - Filling up the DagBag from /opt/airflow/dags/ETL_pipeline.py
[2026-03-18T11:06:52.151+0000] {processor.py:840} INFO - DAG(s) 'pipeline_ETL' retrieved from /opt/airflow/dags/ETL_pipeline.py
[2026-03-18T11:06:52.207+0000] {logging_mixin.py:188} INFO - [2026-03-18T11:06:52.207+0000] {dag.py:3036} INFO - Sync 1 DAGs
[2026-03-18T11:06:52.255+0000] {logging_mixin.py:188} INFO - [2026-03-18T11:06:52.254+0000] {dag.py:3823} INFO - Setting next_dagrun for pipeline_ETL to 2026-03-17 23:00:00+00:00, run_after=2026-03-18 23:00:00+00:00
[2026-03-18T11:06:52.323+0000] {processor.py:183} INFO - Processing /opt/airflow/dags/ETL_pipeline.py took 0.231 seconds
[2026-03-18T11:07:22.452+0000] {processor.py:161} INFO - Started process (PID=537) to work on /opt/airflow/dags/ETL_pipeline.py
[2026-03-18T11:07:22.457+0000] {processor.py:830} INFO - Processing file /opt/airflow/dags/ETL_pipeline.py for tasks to queue
[2026-03-18T11:07:22.460+0000] {logging_mixin.py:188} INFO - [2026-03-18T11:07:22.460+0000] {dagbag.py:538} INFO - Filling up the DagBag from /opt/airflow/dags/ETL_pipeline.py
[2026-03-18T11:07:22.510+0000] {processor.py:840} INFO - DAG(s) 'pipeline_ETL' retrieved from /opt/airflow/dags/ETL_pipeline.py
[2026-03-18T11:07:22.571+0000] {logging_mixin.py:188} INFO - [2026-03-18T11:07:22.570+0000] {dag.py:3036} INFO - Sync 1 DAGs
[2026-03-18T11:07:22.619+0000] {logging_mixin.py:188} INFO - [2026-03-18T11:07:22.619+0000] {dag.py:3823} INFO - Setting next_dagrun for pipeline_ETL to 2026-03-17 23:00:00+00:00, run_after=2026-03-18 23:00:00+00:00
[2026-03-18T11:07:22.681+0000] {processor.py:183} INFO - Processing /opt/airflow/dags/ETL_pipeline.py took 0.239 seconds
[2026-03-18T11:07:52.930+0000] {processor.py:161} INFO - Started process (PID=542) to work on /opt/airflow/dags/ETL_pipeline.py
[2026-03-18T11:07:52.932+0000] {processor.py:830} INFO - Processing file /opt/airflow/dags/ETL_pipeline.py for tasks to queue
[2026-03-18T11:07:52.934+0000] {logging_mixin.py:188} INFO - [2026-03-18T11:07:52.933+0000] {dagbag.py:538} INFO - Filling up the DagBag from /opt/airflow/dags/ETL_pipeline.py
[2026-03-18T11:07:52.984+0000] {processor.py:840} INFO - DAG(s) 'pipeline_ETL' retrieved from /opt/airflow/dags/ETL_pipeline.py
[2026-03-18T11:07:53.044+0000] {logging_mixin.py:188} INFO - [2026-03-18T11:07:53.043+0000] {dag.py:3036} INFO - Sync 1 DAGs
[2026-03-18T11:07:53.087+0000] {logging_mixin.py:188} INFO - [2026-03-18T11:07:53.086+0000] {dag.py:3823} INFO - Setting next_dagrun for pipeline_ETL to 2026-03-17 23:00:00+00:00, run_after=2026-03-18 23:00:00+00:00
[2026-03-18T11:07:53.141+0000] {processor.py:183} INFO - Processing /opt/airflow/dags/ETL_pipeline.py took 0.217 seconds
[2026-03-18T11:08:23.261+0000] {processor.py:161} INFO - Started process (PID=547) to work on /opt/airflow/dags/ETL_pipeline.py
[2026-03-18T11:08:23.264+0000] {processor.py:830} INFO - Processing file /opt/airflow/dags/ETL_pipeline.py for tasks to queue
[2026-03-18T11:08:23.266+0000] {logging_mixin.py:188} INFO - [2026-03-18T11:08:23.265+0000] {dagbag.py:538} INFO - Filling up the DagBag from /opt/airflow/dags/ETL_pipeline.py
[2026-03-18T11:08:23.320+0000] {processor.py:840} INFO - DAG(s) 'pipeline_ETL' retrieved from /opt/airflow/dags/ETL_pipeline.py
[2026-03-18T11:08:23.375+0000] {logging_mixin.py:188} INFO - [2026-03-18T11:08:23.375+0000] {dag.py:3036} INFO - Sync 1 DAGs
[2026-03-18T11:08:23.417+0000] {logging_mixin.py:188} INFO - [2026-03-18T11:08:23.417+0000] {dag.py:3823} INFO - Setting next_dagrun for pipeline_ETL to 2026-03-17 23:00:00+00:00, run_after=2026-03-18 23:00:00+00:00
[2026-03-18T11:08:23.478+0000] {processor.py:183} INFO - Processing /opt/airflow/dags/ETL_pipeline.py took 0.226 seconds
[2026-03-18T11:08:53.763+0000] {processor.py:161} INFO - Started process (PID=552) to work on /opt/airflow/dags/ETL_pipeline.py
[2026-03-18T11:08:53.766+0000] {processor.py:830} INFO - Processing file /opt/airflow/dags/ETL_pipeline.py for tasks to queue
[2026-03-18T11:08:53.770+0000] {logging_mixin.py:188} INFO - [2026-03-18T11:08:53.769+0000] {dagbag.py:538} INFO - Filling up the DagBag from /opt/airflow/dags/ETL_pipeline.py
[2026-03-18T11:08:53.829+0000] {processor.py:840} INFO - DAG(s) 'pipeline_ETL' retrieved from /opt/airflow/dags/ETL_pipeline.py
[2026-03-18T11:08:53.900+0000] {logging_mixin.py:188} INFO - [2026-03-18T11:08:53.899+0000] {dag.py:3036} INFO - Sync 1 DAGs
[2026-03-18T11:08:53.955+0000] {logging_mixin.py:188} INFO - [2026-03-18T11:08:53.955+0000] {dag.py:3823} INFO - Setting next_dagrun for pipeline_ETL to 2026-03-17 23:00:00+00:00, run_after=2026-03-18 23:00:00+00:00
[2026-03-18T11:08:54.025+0000] {processor.py:183} INFO - Processing /opt/airflow/dags/ETL_pipeline.py took 0.272 seconds
[2026-03-18T11:09:24.418+0000] {processor.py:161} INFO - Started process (PID=557) to work on /opt/airflow/dags/ETL_pipeline.py
[2026-03-18T11:09:24.420+0000] {processor.py:830} INFO - Processing file /opt/airflow/dags/ETL_pipeline.py for tasks to queue
[2026-03-18T11:09:24.423+0000] {logging_mixin.py:188} INFO - [2026-03-18T11:09:24.422+0000] {dagbag.py:538} INFO - Filling up the DagBag from /opt/airflow/dags/ETL_pipeline.py
[2026-03-18T11:09:24.481+0000] {processor.py:840} INFO - DAG(s) 'pipeline_ETL' retrieved from /opt/airflow/dags/ETL_pipeline.py
[2026-03-18T11:09:24.562+0000] {logging_mixin.py:188} INFO - [2026-03-18T11:09:24.561+0000] {dag.py:3036} INFO - Sync 1 DAGs
[2026-03-18T11:09:24.626+0000] {logging_mixin.py:188} INFO - [2026-03-18T11:09:24.625+0000] {dag.py:3823} INFO - Setting next_dagrun for pipeline_ETL to 2026-03-17 23:00:00+00:00, run_after=2026-03-18 23:00:00+00:00
[2026-03-18T11:09:24.703+0000] {processor.py:183} INFO - Processing /opt/airflow/dags/ETL_pipeline.py took 0.293 seconds
[2026-03-18T11:09:55.130+0000] {processor.py:161} INFO - Started process (PID=562) to work on /opt/airflow/dags/ETL_pipeline.py
[2026-03-18T11:09:55.132+0000] {processor.py:830} INFO - Processing file /opt/airflow/dags/ETL_pipeline.py for tasks to queue
[2026-03-18T11:09:55.135+0000] {logging_mixin.py:188} INFO - [2026-03-18T11:09:55.134+0000] {dagbag.py:538} INFO - Filling up the DagBag from /opt/airflow/dags/ETL_pipeline.py
[2026-03-18T11:09:55.186+0000] {processor.py:840} INFO - DAG(s) 'pipeline_ETL' retrieved from /opt/airflow/dags/ETL_pipeline.py
[2026-03-18T11:09:55.258+0000] {logging_mixin.py:188} INFO - [2026-03-18T11:09:55.257+0000] {dag.py:3036} INFO - Sync 1 DAGs
[2026-03-18T11:09:55.316+0000] {logging_mixin.py:188} INFO - [2026-03-18T11:09:55.316+0000] {dag.py:3823} INFO - Setting next_dagrun for pipeline_ETL to 2026-03-17 23:00:00+00:00, run_after=2026-03-18 23:00:00+00:00
[2026-03-18T11:09:55.391+0000] {processor.py:183} INFO - Processing /opt/airflow/dags/ETL_pipeline.py took 0.268 seconds
[2026-03-18T11:10:25.513+0000] {processor.py:161} INFO - Started process (PID=567) to work on /opt/airflow/dags/ETL_pipeline.py
[2026-03-18T11:10:25.515+0000] {processor.py:830} INFO - Processing file /opt/airflow/dags/ETL_pipeline.py for tasks to queue
[2026-03-18T11:10:25.517+0000] {logging_mixin.py:188} INFO - [2026-03-18T11:10:25.517+0000] {dagbag.py:538} INFO - Filling up the DagBag from /opt/airflow/dags/ETL_pipeline.py
[2026-03-18T11:10:25.567+0000] {processor.py:840} INFO - DAG(s) 'pipeline_ETL' retrieved from /opt/airflow/dags/ETL_pipeline.py
[2026-03-18T11:10:25.629+0000] {logging_mixin.py:188} INFO - [2026-03-18T11:10:25.629+0000] {dag.py:3036} INFO - Sync 1 DAGs
[2026-03-18T11:10:25.673+0000] {logging_mixin.py:188} INFO - [2026-03-18T11:10:25.672+0000] {dag.py:3823} INFO - Setting next_dagrun for pipeline_ETL to 2026-03-17 23:00:00+00:00, run_after=2026-03-18 23:00:00+00:00
[2026-03-18T11:10:25.731+0000] {processor.py:183} INFO - Processing /opt/airflow/dags/ETL_pipeline.py took 0.224 seconds
[2026-03-18T11:10:56.023+0000] {processor.py:161} INFO - Started process (PID=572) to work on /opt/airflow/dags/ETL_pipeline.py
[2026-03-18T11:10:56.026+0000] {processor.py:830} INFO - Processing file /opt/airflow/dags/ETL_pipeline.py for tasks to queue
[2026-03-18T11:10:56.028+0000] {logging_mixin.py:188} INFO - [2026-03-18T11:10:56.027+0000] {dagbag.py:538} INFO - Filling up the DagBag from /opt/airflow/dags/ETL_pipeline.py
[2026-03-18T11:10:56.081+0000] {processor.py:840} INFO - DAG(s) 'pipeline_ETL' retrieved from /opt/airflow/dags/ETL_pipeline.py
[2026-03-18T11:10:56.133+0000] {logging_mixin.py:188} INFO - [2026-03-18T11:10:56.133+0000] {dag.py:3036} INFO - Sync 1 DAGs
[2026-03-18T11:10:56.171+0000] {logging_mixin.py:188} INFO - [2026-03-18T11:10:56.171+0000] {dag.py:3823} INFO - Setting next_dagrun for pipeline_ETL to 2026-03-17 23:00:00+00:00, run_after=2026-03-18 23:00:00+00:00
[2026-03-18T11:10:56.225+0000] {processor.py:183} INFO - Processing /opt/airflow/dags/ETL_pipeline.py took 0.209 seconds
[2026-03-18T11:11:26.544+0000] {processor.py:161} INFO - Started process (PID=577) to work on /opt/airflow/dags/ETL_pipeline.py
[2026-03-18T11:11:26.547+0000] {processor.py:830} INFO - Processing file /opt/airflow/dags/ETL_pipeline.py for tasks to queue
[2026-03-18T11:11:26.549+0000] {logging_mixin.py:188} INFO - [2026-03-18T11:11:26.549+0000] {dagbag.py:538} INFO - Filling up the DagBag from /opt/airflow/dags/ETL_pipeline.py
[2026-03-18T11:11:26.611+0000] {processor.py:840} INFO - DAG(s) 'pipeline_ETL' retrieved from /opt/airflow/dags/ETL_pipeline.py
[2026-03-18T11:11:26.658+0000] {logging_mixin.py:188} INFO - [2026-03-18T11:11:26.658+0000] {dag.py:3036} INFO - Sync 1 DAGs
[2026-03-18T11:11:26.697+0000] {logging_mixin.py:188} INFO - [2026-03-18T11:11:26.696+0000] {dag.py:3823} INFO - Setting next_dagrun for pipeline_ETL to 2026-03-17 23:00:00+00:00, run_after=2026-03-18 23:00:00+00:00
[2026-03-18T11:11:26.756+0000] {processor.py:183} INFO - Processing /opt/airflow/dags/ETL_pipeline.py took 0.219 seconds
[2026-03-18T11:11:57.305+0000] {processor.py:161} INFO - Started process (PID=582) to work on /opt/airflow/dags/ETL_pipeline.py
[2026-03-18T11:11:57.312+0000] {processor.py:830} INFO - Processing file /opt/airflow/dags/ETL_pipeline.py for tasks to queue
[2026-03-18T11:11:57.317+0000] {logging_mixin.py:188} INFO - [2026-03-18T11:11:57.315+0000] {dagbag.py:538} INFO - Filling up the DagBag from /opt/airflow/dags/ETL_pipeline.py
[2026-03-18T11:11:57.392+0000] {processor.py:840} INFO - DAG(s) 'pipeline_ETL' retrieved from /opt/airflow/dags/ETL_pipeline.py
[2026-03-18T11:11:57.496+0000] {logging_mixin.py:188} INFO - [2026-03-18T11:11:57.495+0000] {dag.py:3036} INFO - Sync 1 DAGs
[2026-03-18T11:11:57.611+0000] {logging_mixin.py:188} INFO - [2026-03-18T11:11:57.609+0000] {dag.py:3823} INFO - Setting next_dagrun for pipeline_ETL to 2026-03-17 23:00:00+00:00, run_after=2026-03-18 23:00:00+00:00
[2026-03-18T11:11:57.733+0000] {processor.py:183} INFO - Processing /opt/airflow/dags/ETL_pipeline.py took 0.448 seconds
[2026-03-18T11:12:28.446+0000] {processor.py:161} INFO - Started process (PID=587) to work on /opt/airflow/dags/ETL_pipeline.py
[2026-03-18T11:12:28.449+0000] {processor.py:830} INFO - Processing file /opt/airflow/dags/ETL_pipeline.py for tasks to queue
[2026-03-18T11:12:28.454+0000] {logging_mixin.py:188} INFO - [2026-03-18T11:12:28.453+0000] {dagbag.py:538} INFO - Filling up the DagBag from /opt/airflow/dags/ETL_pipeline.py
[2026-03-18T11:12:28.553+0000] {processor.py:840} INFO - DAG(s) 'pipeline_ETL' retrieved from /opt/airflow/dags/ETL_pipeline.py
[2026-03-18T11:12:28.639+0000] {logging_mixin.py:188} INFO - [2026-03-18T11:12:28.638+0000] {dag.py:3036} INFO - Sync 1 DAGs
[2026-03-18T11:12:28.698+0000] {logging_mixin.py:188} INFO - [2026-03-18T11:12:28.697+0000] {dag.py:3823} INFO - Setting next_dagrun for pipeline_ETL to 2026-03-17 23:00:00+00:00, run_after=2026-03-18 23:00:00+00:00
[2026-03-18T11:12:28.770+0000] {processor.py:183} INFO - Processing /opt/airflow/dags/ETL_pipeline.py took 0.339 seconds
[2026-03-18T11:12:59.117+0000] {processor.py:161} INFO - Started process (PID=592) to work on /opt/airflow/dags/ETL_pipeline.py
[2026-03-18T11:12:59.121+0000] {processor.py:830} INFO - Processing file /opt/airflow/dags/ETL_pipeline.py for tasks to queue
[2026-03-18T11:12:59.126+0000] {logging_mixin.py:188} INFO - [2026-03-18T11:12:59.125+0000] {dagbag.py:538} INFO - Filling up the DagBag from /opt/airflow/dags/ETL_pipeline.py
[2026-03-18T11:12:59.210+0000] {processor.py:840} INFO - DAG(s) 'pipeline_ETL' retrieved from /opt/airflow/dags/ETL_pipeline.py
[2026-03-18T11:12:59.319+0000] {logging_mixin.py:188} INFO - [2026-03-18T11:12:59.318+0000] {dag.py:3036} INFO - Sync 1 DAGs
[2026-03-18T11:12:59.408+0000] {logging_mixin.py:188} INFO - [2026-03-18T11:12:59.407+0000] {dag.py:3823} INFO - Setting next_dagrun for pipeline_ETL to 2026-03-17 23:00:00+00:00, run_after=2026-03-18 23:00:00+00:00
[2026-03-18T11:12:59.487+0000] {processor.py:183} INFO - Processing /opt/airflow/dags/ETL_pipeline.py took 0.380 seconds
[2026-03-18T11:13:29.842+0000] {processor.py:161} INFO - Started process (PID=597) to work on /opt/airflow/dags/ETL_pipeline.py
[2026-03-18T11:13:29.844+0000] {processor.py:830} INFO - Processing file /opt/airflow/dags/ETL_pipeline.py for tasks to queue
[2026-03-18T11:13:29.845+0000] {logging_mixin.py:188} INFO - [2026-03-18T11:13:29.845+0000] {dagbag.py:538} INFO - Filling up the DagBag from /opt/airflow/dags/ETL_pipeline.py
[2026-03-18T11:13:29.898+0000] {processor.py:840} INFO - DAG(s) 'pipeline_ETL' retrieved from /opt/airflow/dags/ETL_pipeline.py
[2026-03-18T11:13:29.961+0000] {logging_mixin.py:188} INFO - [2026-03-18T11:13:29.960+0000] {dag.py:3036} INFO - Sync 1 DAGs
[2026-03-18T11:13:30.003+0000] {logging_mixin.py:188} INFO - [2026-03-18T11:13:30.002+0000] {dag.py:3823} INFO - Setting next_dagrun for pipeline_ETL to 2026-03-17 23:00:00+00:00, run_after=2026-03-18 23:00:00+00:00
[2026-03-18T11:13:30.052+0000] {processor.py:183} INFO - Processing /opt/airflow/dags/ETL_pipeline.py took 0.216 seconds
[2026-03-18T11:14:00.163+0000] {processor.py:161} INFO - Started process (PID=602) to work on /opt/airflow/dags/ETL_pipeline.py
[2026-03-18T11:14:00.167+0000] {processor.py:830} INFO - Processing file /opt/airflow/dags/ETL_pipeline.py for tasks to queue
[2026-03-18T11:14:00.170+0000] {logging_mixin.py:188} INFO - [2026-03-18T11:14:00.169+0000] {dagbag.py:538} INFO - Filling up the DagBag from /opt/airflow/dags/ETL_pipeline.py
[2026-03-18T11:14:00.235+0000] {processor.py:840} INFO - DAG(s) 'pipeline_ETL' retrieved from /opt/airflow/dags/ETL_pipeline.py
[2026-03-18T11:14:00.323+0000] {logging_mixin.py:188} INFO - [2026-03-18T11:14:00.322+0000] {dag.py:3036} INFO - Sync 1 DAGs
[2026-03-18T11:14:00.381+0000] {logging_mixin.py:188} INFO - [2026-03-18T11:14:00.380+0000] {dag.py:3823} INFO - Setting next_dagrun for pipeline_ETL to 2026-03-17 23:00:00+00:00, run_after=2026-03-18 23:00:00+00:00
[2026-03-18T11:14:00.454+0000] {processor.py:183} INFO - Processing /opt/airflow/dags/ETL_pipeline.py took 0.302 seconds
[2026-03-18T11:14:30.826+0000] {processor.py:161} INFO - Started process (PID=607) to work on /opt/airflow/dags/ETL_pipeline.py
[2026-03-18T11:14:30.828+0000] {processor.py:830} INFO - Processing file /opt/airflow/dags/ETL_pipeline.py for tasks to queue
[2026-03-18T11:14:30.830+0000] {logging_mixin.py:188} INFO - [2026-03-18T11:14:30.829+0000] {dagbag.py:538} INFO - Filling up the DagBag from /opt/airflow/dags/ETL_pipeline.py
[2026-03-18T11:14:30.869+0000] {processor.py:840} INFO - DAG(s) 'pipeline_ETL' retrieved from /opt/airflow/dags/ETL_pipeline.py
[2026-03-18T11:14:30.911+0000] {logging_mixin.py:188} INFO - [2026-03-18T11:14:30.911+0000] {dag.py:3036} INFO - Sync 1 DAGs
[2026-03-18T11:14:30.945+0000] {logging_mixin.py:188} INFO - [2026-03-18T11:14:30.945+0000] {dag.py:3823} INFO - Setting next_dagrun for pipeline_ETL to 2026-03-17 23:00:00+00:00, run_after=2026-03-18 23:00:00+00:00
[2026-03-18T11:14:30.998+0000] {processor.py:183} INFO - Processing /opt/airflow/dags/ETL_pipeline.py took 0.176 seconds
[2026-03-18T11:15:01.584+0000] {processor.py:161} INFO - Started process (PID=612) to work on /opt/airflow/dags/ETL_pipeline.py
[2026-03-18T11:15:01.589+0000] {processor.py:830} INFO - Processing file /opt/airflow/dags/ETL_pipeline.py for tasks to queue
[2026-03-18T11:15:01.593+0000] {logging_mixin.py:188} INFO - [2026-03-18T11:15:01.592+0000] {dagbag.py:538} INFO - Filling up the DagBag from /opt/airflow/dags/ETL_pipeline.py
[2026-03-18T11:15:01.673+0000] {processor.py:840} INFO - DAG(s) 'pipeline_ETL' retrieved from /opt/airflow/dags/ETL_pipeline.py
[2026-03-18T11:15:01.791+0000] {logging_mixin.py:188} INFO - [2026-03-18T11:15:01.791+0000] {dag.py:3036} INFO - Sync 1 DAGs
[2026-03-18T11:15:01.868+0000] {logging_mixin.py:188} INFO - [2026-03-18T11:15:01.867+0000] {dag.py:3823} INFO - Setting next_dagrun for pipeline_ETL to 2026-03-17 23:00:00+00:00, run_after=2026-03-18 23:00:00+00:00
[2026-03-18T11:15:01.949+0000] {processor.py:183} INFO - Processing /opt/airflow/dags/ETL_pipeline.py took 0.377 seconds
[2026-03-18T11:15:32.266+0000] {processor.py:161} INFO - Started process (PID=617) to work on /opt/airflow/dags/ETL_pipeline.py
[2026-03-18T11:15:32.268+0000] {processor.py:830} INFO - Processing file /opt/airflow/dags/ETL_pipeline.py for tasks to queue
[2026-03-18T11:15:32.269+0000] {logging_mixin.py:188} INFO - [2026-03-18T11:15:32.269+0000] {dagbag.py:538} INFO - Filling up the DagBag from /opt/airflow/dags/ETL_pipeline.py
[2026-03-18T11:15:32.311+0000] {processor.py:840} INFO - DAG(s) 'pipeline_ETL' retrieved from /opt/airflow/dags/ETL_pipeline.py
[2026-03-18T11:15:32.348+0000] {logging_mixin.py:188} INFO - [2026-03-18T11:15:32.348+0000] {dag.py:3036} INFO - Sync 1 DAGs
[2026-03-18T11:15:32.383+0000] {logging_mixin.py:188} INFO - [2026-03-18T11:15:32.383+0000] {dag.py:3823} INFO - Setting next_dagrun for pipeline_ETL to 2026-03-17 23:00:00+00:00, run_after=2026-03-18 23:00:00+00:00
[2026-03-18T11:15:32.442+0000] {processor.py:183} INFO - Processing /opt/airflow/dags/ETL_pipeline.py took 0.180 seconds
[2026-03-18T11:16:02.619+0000] {processor.py:161} INFO - Started process (PID=622) to work on /opt/airflow/dags/ETL_pipeline.py
[2026-03-18T11:16:02.623+0000] {processor.py:830} INFO - Processing file /opt/airflow/dags/ETL_pipeline.py for tasks to queue
[2026-03-18T11:16:02.628+0000] {logging_mixin.py:188} INFO - [2026-03-18T11:16:02.627+0000] {dagbag.py:538} INFO - Filling up the DagBag from /opt/airflow/dags/ETL_pipeline.py
[2026-03-18T11:16:02.701+0000] {processor.py:840} INFO - DAG(s) 'pipeline_ETL' retrieved from /opt/airflow/dags/ETL_pipeline.py
[2026-03-18T11:16:02.783+0000] {logging_mixin.py:188} INFO - [2026-03-18T11:16:02.783+0000] {dag.py:3036} INFO - Sync 1 DAGs
[2026-03-18T11:16:02.844+0000] {logging_mixin.py:188} INFO - [2026-03-18T11:16:02.844+0000] {dag.py:3823} INFO - Setting next_dagrun for pipeline_ETL to 2026-03-17 23:00:00+00:00, run_after=2026-03-18 23:00:00+00:00
[2026-03-18T11:16:02.966+0000] {processor.py:183} INFO - Processing /opt/airflow/dags/ETL_pipeline.py took 0.364 seconds
[2026-03-18T11:16:33.079+0000] {processor.py:161} INFO - Started process (PID=627) to work on /opt/airflow/dags/ETL_pipeline.py
[2026-03-18T11:16:33.082+0000] {processor.py:830} INFO - Processing file /opt/airflow/dags/ETL_pipeline.py for tasks to queue
[2026-03-18T11:16:33.085+0000] {logging_mixin.py:188} INFO - [2026-03-18T11:16:33.084+0000] {dagbag.py:538} INFO - Filling up the DagBag from /opt/airflow/dags/ETL_pipeline.py
[2026-03-18T11:16:33.147+0000] {processor.py:840} INFO - DAG(s) 'pipeline_ETL' retrieved from /opt/airflow/dags/ETL_pipeline.py
[2026-03-18T11:16:33.221+0000] {logging_mixin.py:188} INFO - [2026-03-18T11:16:33.221+0000] {dag.py:3036} INFO - Sync 1 DAGs
[2026-03-18T11:16:33.273+0000] {logging_mixin.py:188} INFO - [2026-03-18T11:16:33.272+0000] {dag.py:3823} INFO - Setting next_dagrun for pipeline_ETL to 2026-03-17 23:00:00+00:00, run_after=2026-03-18 23:00:00+00:00
[2026-03-18T11:16:33.342+0000] {processor.py:183} INFO - Processing /opt/airflow/dags/ETL_pipeline.py took 0.273 seconds
[2026-03-18T11:17:03.626+0000] {processor.py:161} INFO - Started process (PID=632) to work on /opt/airflow/dags/ETL_pipeline.py
[2026-03-18T11:17:03.628+0000] {processor.py:830} INFO - Processing file /opt/airflow/dags/ETL_pipeline.py for tasks to queue
[2026-03-18T11:17:03.629+0000] {logging_mixin.py:188} INFO - [2026-03-18T11:17:03.629+0000] {dagbag.py:538} INFO - Filling up the DagBag from /opt/airflow/dags/ETL_pipeline.py
[2026-03-18T11:17:03.670+0000] {processor.py:840} INFO - DAG(s) 'pipeline_ETL' retrieved from /opt/airflow/dags/ETL_pipeline.py
[2026-03-18T11:17:03.710+0000] {logging_mixin.py:188} INFO - [2026-03-18T11:17:03.709+0000] {dag.py:3036} INFO - Sync 1 DAGs
[2026-03-18T11:17:03.743+0000] {logging_mixin.py:188} INFO - [2026-03-18T11:17:03.742+0000] {dag.py:3823} INFO - Setting next_dagrun for pipeline_ETL to 2026-03-17 23:00:00+00:00, run_after=2026-03-18 23:00:00+00:00
[2026-03-18T11:17:03.794+0000] {processor.py:183} INFO - Processing /opt/airflow/dags/ETL_pipeline.py took 0.172 seconds
[2026-03-18T11:17:33.990+0000] {processor.py:161} INFO - Started process (PID=637) to work on /opt/airflow/dags/ETL_pipeline.py
[2026-03-18T11:17:33.992+0000] {processor.py:830} INFO - Processing file /opt/airflow/dags/ETL_pipeline.py for tasks to queue
[2026-03-18T11:17:33.994+0000] {logging_mixin.py:188} INFO - [2026-03-18T11:17:33.994+0000] {dagbag.py:538} INFO - Filling up the DagBag from /opt/airflow/dags/ETL_pipeline.py
[2026-03-18T11:17:34.050+0000] {processor.py:840} INFO - DAG(s) 'pipeline_ETL' retrieved from /opt/airflow/dags/ETL_pipeline.py
[2026-03-18T11:17:34.117+0000] {logging_mixin.py:188} INFO - [2026-03-18T11:17:34.116+0000] {dag.py:3036} INFO - Sync 1 DAGs
[2026-03-18T11:17:34.174+0000] {logging_mixin.py:188} INFO - [2026-03-18T11:17:34.173+0000] {dag.py:3823} INFO - Setting next_dagrun for pipeline_ETL to 2026-03-17 23:00:00+00:00, run_after=2026-03-18 23:00:00+00:00
[2026-03-18T11:17:34.266+0000] {processor.py:183} INFO - Processing /opt/airflow/dags/ETL_pipeline.py took 0.283 seconds
[2026-03-18T11:18:04.607+0000] {processor.py:161} INFO - Started process (PID=642) to work on /opt/airflow/dags/ETL_pipeline.py
[2026-03-18T11:18:04.610+0000] {processor.py:830} INFO - Processing file /opt/airflow/dags/ETL_pipeline.py for tasks to queue
[2026-03-18T11:18:04.612+0000] {logging_mixin.py:188} INFO - [2026-03-18T11:18:04.612+0000] {dagbag.py:538} INFO - Filling up the DagBag from /opt/airflow/dags/ETL_pipeline.py
[2026-03-18T11:18:04.668+0000] {processor.py:840} INFO - DAG(s) 'pipeline_ETL' retrieved from /opt/airflow/dags/ETL_pipeline.py
[2026-03-18T11:18:04.722+0000] {logging_mixin.py:188} INFO - [2026-03-18T11:18:04.722+0000] {dag.py:3036} INFO - Sync 1 DAGs
[2026-03-18T11:18:04.760+0000] {logging_mixin.py:188} INFO - [2026-03-18T11:18:04.759+0000] {dag.py:3823} INFO - Setting next_dagrun for pipeline_ETL to 2026-03-17 23:00:00+00:00, run_after=2026-03-18 23:00:00+00:00
[2026-03-18T11:18:04.818+0000] {processor.py:183} INFO - Processing /opt/airflow/dags/ETL_pipeline.py took 0.217 seconds
[2026-03-18T11:18:35.125+0000] {processor.py:161} INFO - Started process (PID=647) to work on /opt/airflow/dags/ETL_pipeline.py
[2026-03-18T11:18:35.126+0000] {processor.py:830} INFO - Processing file /opt/airflow/dags/ETL_pipeline.py for tasks to queue
[2026-03-18T11:18:35.128+0000] {logging_mixin.py:188} INFO - [2026-03-18T11:18:35.127+0000] {dagbag.py:538} INFO - Filling up the DagBag from /opt/airflow/dags/ETL_pipeline.py
[2026-03-18T11:18:35.166+0000] {processor.py:840} INFO - DAG(s) 'pipeline_ETL' retrieved from /opt/airflow/dags/ETL_pipeline.py
[2026-03-18T11:18:35.201+0000] {logging_mixin.py:188} INFO - [2026-03-18T11:18:35.200+0000] {dag.py:3036} INFO - Sync 1 DAGs
[2026-03-18T11:18:35.230+0000] {logging_mixin.py:188} INFO - [2026-03-18T11:18:35.230+0000] {dag.py:3823} INFO - Setting next_dagrun for pipeline_ETL to 2026-03-17 23:00:00+00:00, run_after=2026-03-18 23:00:00+00:00
[2026-03-18T11:18:35.275+0000] {processor.py:183} INFO - Processing /opt/airflow/dags/ETL_pipeline.py took 0.154 seconds
[2026-03-18T11:19:05.568+0000] {processor.py:161} INFO - Started process (PID=652) to work on /opt/airflow/dags/ETL_pipeline.py
[2026-03-18T11:19:05.572+0000] {processor.py:830} INFO - Processing file /opt/airflow/dags/ETL_pipeline.py for tasks to queue
[2026-03-18T11:19:05.574+0000] {logging_mixin.py:188} INFO - [2026-03-18T11:19:05.573+0000] {dagbag.py:538} INFO - Filling up the DagBag from /opt/airflow/dags/ETL_pipeline.py
[2026-03-18T11:19:05.636+0000] {processor.py:840} INFO - DAG(s) 'pipeline_ETL' retrieved from /opt/airflow/dags/ETL_pipeline.py
[2026-03-18T11:19:05.706+0000] {logging_mixin.py:188} INFO - [2026-03-18T11:19:05.705+0000] {dag.py:3036} INFO - Sync 1 DAGs
[2026-03-18T11:19:05.757+0000] {logging_mixin.py:188} INFO - [2026-03-18T11:19:05.756+0000] {dag.py:3823} INFO - Setting next_dagrun for pipeline_ETL to 2026-03-17 23:00:00+00:00, run_after=2026-03-18 23:00:00+00:00
[2026-03-18T11:19:05.818+0000] {processor.py:183} INFO - Processing /opt/airflow/dags/ETL_pipeline.py took 0.256 seconds
[2026-03-18T11:19:36.073+0000] {processor.py:161} INFO - Started process (PID=657) to work on /opt/airflow/dags/ETL_pipeline.py
[2026-03-18T11:19:36.075+0000] {processor.py:830} INFO - Processing file /opt/airflow/dags/ETL_pipeline.py for tasks to queue
[2026-03-18T11:19:36.076+0000] {logging_mixin.py:188} INFO - [2026-03-18T11:19:36.076+0000] {dagbag.py:538} INFO - Filling up the DagBag from /opt/airflow/dags/ETL_pipeline.py
[2026-03-18T11:19:36.113+0000] {processor.py:840} INFO - DAG(s) 'pipeline_ETL' retrieved from /opt/airflow/dags/ETL_pipeline.py
[2026-03-18T11:19:36.148+0000] {logging_mixin.py:188} INFO - [2026-03-18T11:19:36.148+0000] {dag.py:3036} INFO - Sync 1 DAGs
[2026-03-18T11:19:36.172+0000] {logging_mixin.py:188} INFO - [2026-03-18T11:19:36.172+0000] {dag.py:3823} INFO - Setting next_dagrun for pipeline_ETL to 2026-03-17 23:00:00+00:00, run_after=2026-03-18 23:00:00+00:00
[2026-03-18T11:19:36.215+0000] {processor.py:183} INFO - Processing /opt/airflow/dags/ETL_pipeline.py took 0.146 seconds
[2026-03-18T11:20:06.407+0000] {processor.py:161} INFO - Started process (PID=662) to work on /opt/airflow/dags/ETL_pipeline.py
[2026-03-18T11:20:06.409+0000] {processor.py:830} INFO - Processing file /opt/airflow/dags/ETL_pipeline.py for tasks to queue
[2026-03-18T11:20:06.410+0000] {logging_mixin.py:188} INFO - [2026-03-18T11:20:06.410+0000] {dagbag.py:538} INFO - Filling up the DagBag from /opt/airflow/dags/ETL_pipeline.py
[2026-03-18T11:20:06.459+0000] {processor.py:840} INFO - DAG(s) 'pipeline_ETL' retrieved from /opt/airflow/dags/ETL_pipeline.py
[2026-03-18T11:20:06.511+0000] {logging_mixin.py:188} INFO - [2026-03-18T11:20:06.511+0000] {dag.py:3036} INFO - Sync 1 DAGs
[2026-03-18T11:20:06.549+0000] {logging_mixin.py:188} INFO - [2026-03-18T11:20:06.549+0000] {dag.py:3823} INFO - Setting next_dagrun for pipeline_ETL to 2026-03-17 23:00:00+00:00, run_after=2026-03-18 23:00:00+00:00
[2026-03-18T11:20:06.601+0000] {processor.py:183} INFO - Processing /opt/airflow/dags/ETL_pipeline.py took 0.198 seconds
[2026-03-18T11:20:36.826+0000] {processor.py:161} INFO - Started process (PID=667) to work on /opt/airflow/dags/ETL_pipeline.py
[2026-03-18T11:20:36.830+0000] {processor.py:830} INFO - Processing file /opt/airflow/dags/ETL_pipeline.py for tasks to queue
[2026-03-18T11:20:36.833+0000] {logging_mixin.py:188} INFO - [2026-03-18T11:20:36.832+0000] {dagbag.py:538} INFO - Filling up the DagBag from /opt/airflow/dags/ETL_pipeline.py
[2026-03-18T11:20:36.890+0000] {processor.py:840} INFO - DAG(s) 'pipeline_ETL' retrieved from /opt/airflow/dags/ETL_pipeline.py
[2026-03-18T11:20:36.946+0000] {logging_mixin.py:188} INFO - [2026-03-18T11:20:36.946+0000] {dag.py:3036} INFO - Sync 1 DAGs
[2026-03-18T11:20:36.988+0000] {logging_mixin.py:188} INFO - [2026-03-18T11:20:36.987+0000] {dag.py:3823} INFO - Setting next_dagrun for pipeline_ETL to 2026-03-17 23:00:00+00:00, run_after=2026-03-18 23:00:00+00:00
[2026-03-18T11:20:37.052+0000] {processor.py:183} INFO - Processing /opt/airflow/dags/ETL_pipeline.py took 0.236 seconds
[2026-03-18T11:21:07.329+0000] {processor.py:161} INFO - Started process (PID=672) to work on /opt/airflow/dags/ETL_pipeline.py
[2026-03-18T11:21:07.333+0000] {processor.py:830} INFO - Processing file /opt/airflow/dags/ETL_pipeline.py for tasks to queue
[2026-03-18T11:21:07.336+0000] {logging_mixin.py:188} INFO - [2026-03-18T11:21:07.335+0000] {dagbag.py:538} INFO - Filling up the DagBag from /opt/airflow/dags/ETL_pipeline.py
[2026-03-18T11:21:07.407+0000] {processor.py:840} INFO - DAG(s) 'pipeline_ETL' retrieved from /opt/airflow/dags/ETL_pipeline.py
[2026-03-18T11:21:07.485+0000] {logging_mixin.py:188} INFO - [2026-03-18T11:21:07.484+0000] {dag.py:3036} INFO - Sync 1 DAGs
[2026-03-18T11:21:07.539+0000] {logging_mixin.py:188} INFO - [2026-03-18T11:21:07.539+0000] {dag.py:3823} INFO - Setting next_dagrun for pipeline_ETL to 2026-03-17 23:00:00+00:00, run_after=2026-03-18 23:00:00+00:00
[2026-03-18T11:21:07.606+0000] {processor.py:183} INFO - Processing /opt/airflow/dags/ETL_pipeline.py took 0.285 seconds
[2026-03-18T11:21:37.696+0000] {processor.py:161} INFO - Started process (PID=677) to work on /opt/airflow/dags/ETL_pipeline.py
[2026-03-18T11:21:37.699+0000] {processor.py:830} INFO - Processing file /opt/airflow/dags/ETL_pipeline.py for tasks to queue
[2026-03-18T11:21:37.701+0000] {logging_mixin.py:188} INFO - [2026-03-18T11:21:37.701+0000] {dagbag.py:538} INFO - Filling up the DagBag from /opt/airflow/dags/ETL_pipeline.py
[2026-03-18T11:21:37.755+0000] {processor.py:840} INFO - DAG(s) 'pipeline_ETL' retrieved from /opt/airflow/dags/ETL_pipeline.py
[2026-03-18T11:21:37.807+0000] {logging_mixin.py:188} INFO - [2026-03-18T11:21:37.807+0000] {dag.py:3036} INFO - Sync 1 DAGs
[2026-03-18T11:21:37.848+0000] {logging_mixin.py:188} INFO - [2026-03-18T11:21:37.848+0000] {dag.py:3823} INFO - Setting next_dagrun for pipeline_ETL to 2026-03-17 23:00:00+00:00, run_after=2026-03-18 23:00:00+00:00
[2026-03-18T11:21:37.905+0000] {processor.py:183} INFO - Processing /opt/airflow/dags/ETL_pipeline.py took 0.218 seconds
[2026-03-18T11:22:08.189+0000] {processor.py:161} INFO - Started process (PID=682) to work on /opt/airflow/dags/ETL_pipeline.py
[2026-03-18T11:22:08.193+0000] {processor.py:830} INFO - Processing file /opt/airflow/dags/ETL_pipeline.py for tasks to queue
[2026-03-18T11:22:08.197+0000] {logging_mixin.py:188} INFO - [2026-03-18T11:22:08.196+0000] {dagbag.py:538} INFO - Filling up the DagBag from /opt/airflow/dags/ETL_pipeline.py
[2026-03-18T11:22:08.270+0000] {processor.py:840} INFO - DAG(s) 'pipeline_ETL' retrieved from /opt/airflow/dags/ETL_pipeline.py
[2026-03-18T11:22:08.355+0000] {logging_mixin.py:188} INFO - [2026-03-18T11:22:08.355+0000] {dag.py:3036} INFO - Sync 1 DAGs
[2026-03-18T11:22:08.418+0000] {logging_mixin.py:188} INFO - [2026-03-18T11:22:08.418+0000] {dag.py:3823} INFO - Setting next_dagrun for pipeline_ETL to 2026-03-17 23:00:00+00:00, run_after=2026-03-18 23:00:00+00:00
[2026-03-18T11:22:08.494+0000] {processor.py:183} INFO - Processing /opt/airflow/dags/ETL_pipeline.py took 0.317 seconds
[2026-03-18T11:22:38.964+0000] {processor.py:161} INFO - Started process (PID=687) to work on /opt/airflow/dags/ETL_pipeline.py
[2026-03-18T11:22:38.966+0000] {processor.py:830} INFO - Processing file /opt/airflow/dags/ETL_pipeline.py for tasks to queue
[2026-03-18T11:22:38.967+0000] {logging_mixin.py:188} INFO - [2026-03-18T11:22:38.966+0000] {dagbag.py:538} INFO - Filling up the DagBag from /opt/airflow/dags/ETL_pipeline.py
[2026-03-18T11:22:38.999+0000] {processor.py:840} INFO - DAG(s) 'pipeline_ETL' retrieved from /opt/airflow/dags/ETL_pipeline.py
[2026-03-18T11:22:39.039+0000] {logging_mixin.py:188} INFO - [2026-03-18T11:22:39.039+0000] {dag.py:3036} INFO - Sync 1 DAGs
[2026-03-18T11:22:39.072+0000] {logging_mixin.py:188} INFO - [2026-03-18T11:22:39.071+0000] {dag.py:3823} INFO - Setting next_dagrun for pipeline_ETL to 2026-03-17 23:00:00+00:00, run_after=2026-03-18 23:00:00+00:00
[2026-03-18T11:22:39.135+0000] {processor.py:183} INFO - Processing /opt/airflow/dags/ETL_pipeline.py took 0.178 seconds
[2026-03-18T11:23:09.263+0000] {processor.py:161} INFO - Started process (PID=692) to work on /opt/airflow/dags/ETL_pipeline.py
[2026-03-18T11:23:09.265+0000] {processor.py:830} INFO - Processing file /opt/airflow/dags/ETL_pipeline.py for tasks to queue
[2026-03-18T11:23:09.268+0000] {logging_mixin.py:188} INFO - [2026-03-18T11:23:09.267+0000] {dagbag.py:538} INFO - Filling up the DagBag from /opt/airflow/dags/ETL_pipeline.py
[2026-03-18T11:23:09.334+0000] {processor.py:840} INFO - DAG(s) 'pipeline_ETL' retrieved from /opt/airflow/dags/ETL_pipeline.py
[2026-03-18T11:23:09.401+0000] {logging_mixin.py:188} INFO - [2026-03-18T11:23:09.401+0000] {dag.py:3036} INFO - Sync 1 DAGs
[2026-03-18T11:23:09.446+0000] {logging_mixin.py:188} INFO - [2026-03-18T11:23:09.445+0000] {dag.py:3823} INFO - Setting next_dagrun for pipeline_ETL to 2026-03-17 23:00:00+00:00, run_after=2026-03-18 23:00:00+00:00
[2026-03-18T11:23:09.508+0000] {processor.py:183} INFO - Processing /opt/airflow/dags/ETL_pipeline.py took 0.254 seconds
[2026-03-18T11:23:39.770+0000] {processor.py:161} INFO - Started process (PID=697) to work on /opt/airflow/dags/ETL_pipeline.py
[2026-03-18T11:23:39.771+0000] {processor.py:830} INFO - Processing file /opt/airflow/dags/ETL_pipeline.py for tasks to queue
[2026-03-18T11:23:39.774+0000] {logging_mixin.py:188} INFO - [2026-03-18T11:23:39.773+0000] {dagbag.py:538} INFO - Filling up the DagBag from /opt/airflow/dags/ETL_pipeline.py
[2026-03-18T11:23:39.812+0000] {processor.py:840} INFO - DAG(s) 'pipeline_ETL' retrieved from /opt/airflow/dags/ETL_pipeline.py
[2026-03-18T11:23:39.857+0000] {logging_mixin.py:188} INFO - [2026-03-18T11:23:39.857+0000] {dag.py:3036} INFO - Sync 1 DAGs
[2026-03-18T11:23:39.894+0000] {logging_mixin.py:188} INFO - [2026-03-18T11:23:39.894+0000] {dag.py:3823} INFO - Setting next_dagrun for pipeline_ETL to 2026-03-17 23:00:00+00:00, run_after=2026-03-18 23:00:00+00:00
[2026-03-18T11:23:39.946+0000] {processor.py:183} INFO - Processing /opt/airflow/dags/ETL_pipeline.py took 0.181 seconds
[2026-03-18T11:24:10.090+0000] {processor.py:161} INFO - Started process (PID=702) to work on /opt/airflow/dags/ETL_pipeline.py
[2026-03-18T11:24:10.093+0000] {processor.py:830} INFO - Processing file /opt/airflow/dags/ETL_pipeline.py for tasks to queue
[2026-03-18T11:24:10.094+0000] {logging_mixin.py:188} INFO - [2026-03-18T11:24:10.094+0000] {dagbag.py:538} INFO - Filling up the DagBag from /opt/airflow/dags/ETL_pipeline.py
[2026-03-18T11:24:10.133+0000] {processor.py:840} INFO - DAG(s) 'pipeline_ETL' retrieved from /opt/airflow/dags/ETL_pipeline.py
[2026-03-18T11:24:10.179+0000] {logging_mixin.py:188} INFO - [2026-03-18T11:24:10.179+0000] {dag.py:3036} INFO - Sync 1 DAGs
[2026-03-18T11:24:10.216+0000] {logging_mixin.py:188} INFO - [2026-03-18T11:24:10.216+0000] {dag.py:3823} INFO - Setting next_dagrun for pipeline_ETL to 2026-03-17 23:00:00+00:00, run_after=2026-03-18 23:00:00+00:00
[2026-03-18T11:24:10.269+0000] {processor.py:183} INFO - Processing /opt/airflow/dags/ETL_pipeline.py took 0.184 seconds
[2026-03-18T11:24:40.636+0000] {processor.py:161} INFO - Started process (PID=707) to work on /opt/airflow/dags/ETL_pipeline.py
[2026-03-18T11:24:40.639+0000] {processor.py:830} INFO - Processing file /opt/airflow/dags/ETL_pipeline.py for tasks to queue
[2026-03-18T11:24:40.642+0000] {logging_mixin.py:188} INFO - [2026-03-18T11:24:40.641+0000] {dagbag.py:538} INFO - Filling up the DagBag from /opt/airflow/dags/ETL_pipeline.py
[2026-03-18T11:24:40.709+0000] {processor.py:840} INFO - DAG(s) 'pipeline_ETL' retrieved from /opt/airflow/dags/ETL_pipeline.py
[2026-03-18T11:24:40.783+0000] {logging_mixin.py:188} INFO - [2026-03-18T11:24:40.782+0000] {dag.py:3036} INFO - Sync 1 DAGs
[2026-03-18T11:24:40.842+0000] {logging_mixin.py:188} INFO - [2026-03-18T11:24:40.842+0000] {dag.py:3823} INFO - Setting next_dagrun for pipeline_ETL to 2026-03-17 23:00:00+00:00, run_after=2026-03-18 23:00:00+00:00
[2026-03-18T11:24:40.901+0000] {processor.py:183} INFO - Processing /opt/airflow/dags/ETL_pipeline.py took 0.271 seconds
[2026-03-18T11:25:11.280+0000] {processor.py:161} INFO - Started process (PID=712) to work on /opt/airflow/dags/ETL_pipeline.py
[2026-03-18T11:25:11.281+0000] {processor.py:830} INFO - Processing file /opt/airflow/dags/ETL_pipeline.py for tasks to queue
[2026-03-18T11:25:11.282+0000] {logging_mixin.py:188} INFO - [2026-03-18T11:25:11.282+0000] {dagbag.py:538} INFO - Filling up the DagBag from /opt/airflow/dags/ETL_pipeline.py
[2026-03-18T11:25:11.322+0000] {processor.py:840} INFO - DAG(s) 'pipeline_ETL' retrieved from /opt/airflow/dags/ETL_pipeline.py
[2026-03-18T11:25:11.369+0000] {logging_mixin.py:188} INFO - [2026-03-18T11:25:11.368+0000] {dag.py:3036} INFO - Sync 1 DAGs
[2026-03-18T11:25:11.428+0000] {logging_mixin.py:188} INFO - [2026-03-18T11:25:11.427+0000] {dag.py:3823} INFO - Setting next_dagrun for pipeline_ETL to 2026-03-17 23:00:00+00:00, run_after=2026-03-18 23:00:00+00:00
[2026-03-18T11:25:11.486+0000] {processor.py:183} INFO - Processing /opt/airflow/dags/ETL_pipeline.py took 0.213 seconds
[2026-03-18T11:25:41.610+0000] {processor.py:161} INFO - Started process (PID=717) to work on /opt/airflow/dags/ETL_pipeline.py
[2026-03-18T11:25:41.613+0000] {processor.py:830} INFO - Processing file /opt/airflow/dags/ETL_pipeline.py for tasks to queue
[2026-03-18T11:25:41.615+0000] {logging_mixin.py:188} INFO - [2026-03-18T11:25:41.614+0000] {dagbag.py:538} INFO - Filling up the DagBag from /opt/airflow/dags/ETL_pipeline.py
[2026-03-18T11:25:41.667+0000] {processor.py:840} INFO - DAG(s) 'pipeline_ETL' retrieved from /opt/airflow/dags/ETL_pipeline.py
[2026-03-18T11:25:41.736+0000] {logging_mixin.py:188} INFO - [2026-03-18T11:25:41.735+0000] {dag.py:3036} INFO - Sync 1 DAGs
[2026-03-18T11:25:41.792+0000] {logging_mixin.py:188} INFO - [2026-03-18T11:25:41.791+0000] {dag.py:3823} INFO - Setting next_dagrun for pipeline_ETL to 2026-03-17 23:00:00+00:00, run_after=2026-03-18 23:00:00+00:00
[2026-03-18T11:25:41.860+0000] {processor.py:183} INFO - Processing /opt/airflow/dags/ETL_pipeline.py took 0.257 seconds
[2026-03-18T11:26:12.199+0000] {processor.py:161} INFO - Started process (PID=722) to work on /opt/airflow/dags/ETL_pipeline.py
[2026-03-18T11:26:12.202+0000] {processor.py:830} INFO - Processing file /opt/airflow/dags/ETL_pipeline.py for tasks to queue
[2026-03-18T11:26:12.205+0000] {logging_mixin.py:188} INFO - [2026-03-18T11:26:12.204+0000] {dagbag.py:538} INFO - Filling up the DagBag from /opt/airflow/dags/ETL_pipeline.py
[2026-03-18T11:26:12.270+0000] {processor.py:840} INFO - DAG(s) 'pipeline_ETL' retrieved from /opt/airflow/dags/ETL_pipeline.py
[2026-03-18T11:26:12.340+0000] {logging_mixin.py:188} INFO - [2026-03-18T11:26:12.340+0000] {dag.py:3036} INFO - Sync 1 DAGs
[2026-03-18T11:26:12.397+0000] {logging_mixin.py:188} INFO - [2026-03-18T11:26:12.396+0000] {dag.py:3823} INFO - Setting next_dagrun for pipeline_ETL to 2026-03-17 23:00:00+00:00, run_after=2026-03-18 23:00:00+00:00
[2026-03-18T11:26:12.465+0000] {processor.py:183} INFO - Processing /opt/airflow/dags/ETL_pipeline.py took 0.274 seconds
[2026-03-18T11:26:42.814+0000] {processor.py:161} INFO - Started process (PID=727) to work on /opt/airflow/dags/ETL_pipeline.py
[2026-03-18T11:26:42.816+0000] {processor.py:830} INFO - Processing file /opt/airflow/dags/ETL_pipeline.py for tasks to queue
[2026-03-18T11:26:42.817+0000] {logging_mixin.py:188} INFO - [2026-03-18T11:26:42.817+0000] {dagbag.py:538} INFO - Filling up the DagBag from /opt/airflow/dags/ETL_pipeline.py
[2026-03-18T11:26:42.853+0000] {processor.py:840} INFO - DAG(s) 'pipeline_ETL' retrieved from /opt/airflow/dags/ETL_pipeline.py
[2026-03-18T11:26:42.893+0000] {logging_mixin.py:188} INFO - [2026-03-18T11:26:42.892+0000] {dag.py:3036} INFO - Sync 1 DAGs
[2026-03-18T11:26:42.926+0000] {logging_mixin.py:188} INFO - [2026-03-18T11:26:42.925+0000] {dag.py:3823} INFO - Setting next_dagrun for pipeline_ETL to 2026-03-17 23:00:00+00:00, run_after=2026-03-18 23:00:00+00:00
[2026-03-18T11:26:42.973+0000] {processor.py:183} INFO - Processing /opt/airflow/dags/ETL_pipeline.py took 0.165 seconds
[2026-03-18T11:27:13.128+0000] {processor.py:161} INFO - Started process (PID=732) to work on /opt/airflow/dags/ETL_pipeline.py
[2026-03-18T11:27:13.130+0000] {processor.py:830} INFO - Processing file /opt/airflow/dags/ETL_pipeline.py for tasks to queue
[2026-03-18T11:27:13.133+0000] {logging_mixin.py:188} INFO - [2026-03-18T11:27:13.132+0000] {dagbag.py:538} INFO - Filling up the DagBag from /opt/airflow/dags/ETL_pipeline.py
[2026-03-18T11:27:13.170+0000] {processor.py:840} INFO - DAG(s) 'pipeline_ETL' retrieved from /opt/airflow/dags/ETL_pipeline.py
[2026-03-18T11:27:13.209+0000] {logging_mixin.py:188} INFO - [2026-03-18T11:27:13.209+0000] {dag.py:3036} INFO - Sync 1 DAGs
[2026-03-18T11:27:13.244+0000] {logging_mixin.py:188} INFO - [2026-03-18T11:27:13.244+0000] {dag.py:3823} INFO - Setting next_dagrun for pipeline_ETL to 2026-03-17 23:00:00+00:00, run_after=2026-03-18 23:00:00+00:00
[2026-03-18T11:27:13.293+0000] {processor.py:183} INFO - Processing /opt/airflow/dags/ETL_pipeline.py took 0.171 seconds
[2026-03-18T11:27:43.593+0000] {processor.py:161} INFO - Started process (PID=737) to work on /opt/airflow/dags/ETL_pipeline.py
[2026-03-18T11:27:43.595+0000] {processor.py:830} INFO - Processing file /opt/airflow/dags/ETL_pipeline.py for tasks to queue
[2026-03-18T11:27:43.597+0000] {logging_mixin.py:188} INFO - [2026-03-18T11:27:43.596+0000] {dagbag.py:538} INFO - Filling up the DagBag from /opt/airflow/dags/ETL_pipeline.py
[2026-03-18T11:27:43.636+0000] {processor.py:840} INFO - DAG(s) 'pipeline_ETL' retrieved from /opt/airflow/dags/ETL_pipeline.py
[2026-03-18T11:27:43.689+0000] {logging_mixin.py:188} INFO - [2026-03-18T11:27:43.688+0000] {dag.py:3036} INFO - Sync 1 DAGs
[2026-03-18T11:27:43.723+0000] {logging_mixin.py:188} INFO - [2026-03-18T11:27:43.722+0000] {dag.py:3823} INFO - Setting next_dagrun for pipeline_ETL to 2026-03-17 23:00:00+00:00, run_after=2026-03-18 23:00:00+00:00
[2026-03-18T11:27:43.769+0000] {processor.py:183} INFO - Processing /opt/airflow/dags/ETL_pipeline.py took 0.181 seconds
[2026-03-18T11:28:13.923+0000] {processor.py:161} INFO - Started process (PID=742) to work on /opt/airflow/dags/ETL_pipeline.py
[2026-03-18T11:28:13.925+0000] {processor.py:830} INFO - Processing file /opt/airflow/dags/ETL_pipeline.py for tasks to queue
[2026-03-18T11:28:13.928+0000] {logging_mixin.py:188} INFO - [2026-03-18T11:28:13.927+0000] {dagbag.py:538} INFO - Filling up the DagBag from /opt/airflow/dags/ETL_pipeline.py
[2026-03-18T11:28:13.967+0000] {processor.py:840} INFO - DAG(s) 'pipeline_ETL' retrieved from /opt/airflow/dags/ETL_pipeline.py
[2026-03-18T11:28:14.010+0000] {logging_mixin.py:188} INFO - [2026-03-18T11:28:14.010+0000] {dag.py:3036} INFO - Sync 1 DAGs
[2026-03-18T11:28:14.039+0000] {logging_mixin.py:188} INFO - [2026-03-18T11:28:14.038+0000] {dag.py:3823} INFO - Setting next_dagrun for pipeline_ETL to 2026-03-17 23:00:00+00:00, run_after=2026-03-18 23:00:00+00:00
[2026-03-18T11:28:14.086+0000] {processor.py:183} INFO - Processing /opt/airflow/dags/ETL_pipeline.py took 0.170 seconds
[2026-03-18T11:28:44.421+0000] {processor.py:161} INFO - Started process (PID=747) to work on /opt/airflow/dags/ETL_pipeline.py
[2026-03-18T11:28:44.423+0000] {processor.py:830} INFO - Processing file /opt/airflow/dags/ETL_pipeline.py for tasks to queue
[2026-03-18T11:28:44.425+0000] {logging_mixin.py:188} INFO - [2026-03-18T11:28:44.425+0000] {dagbag.py:538} INFO - Filling up the DagBag from /opt/airflow/dags/ETL_pipeline.py
[2026-03-18T11:28:44.469+0000] {processor.py:840} INFO - DAG(s) 'pipeline_ETL' retrieved from /opt/airflow/dags/ETL_pipeline.py
[2026-03-18T11:28:44.523+0000] {logging_mixin.py:188} INFO - [2026-03-18T11:28:44.523+0000] {dag.py:3036} INFO - Sync 1 DAGs
[2026-03-18T11:28:44.567+0000] {logging_mixin.py:188} INFO - [2026-03-18T11:28:44.567+0000] {dag.py:3823} INFO - Setting next_dagrun for pipeline_ETL to 2026-03-17 23:00:00+00:00, run_after=2026-03-18 23:00:00+00:00
[2026-03-18T11:28:44.628+0000] {processor.py:183} INFO - Processing /opt/airflow/dags/ETL_pipeline.py took 0.217 seconds
[2026-03-18T11:29:14.813+0000] {processor.py:161} INFO - Started process (PID=752) to work on /opt/airflow/dags/ETL_pipeline.py
[2026-03-18T11:29:14.815+0000] {processor.py:830} INFO - Processing file /opt/airflow/dags/ETL_pipeline.py for tasks to queue
[2026-03-18T11:29:14.818+0000] {logging_mixin.py:188} INFO - [2026-03-18T11:29:14.818+0000] {dagbag.py:538} INFO - Filling up the DagBag from /opt/airflow/dags/ETL_pipeline.py
[2026-03-18T11:29:14.873+0000] {processor.py:840} INFO - DAG(s) 'pipeline_ETL' retrieved from /opt/airflow/dags/ETL_pipeline.py
[2026-03-18T11:29:14.936+0000] {logging_mixin.py:188} INFO - [2026-03-18T11:29:14.935+0000] {dag.py:3036} INFO - Sync 1 DAGs
[2026-03-18T11:29:14.980+0000] {logging_mixin.py:188} INFO - [2026-03-18T11:29:14.980+0000] {dag.py:3823} INFO - Setting next_dagrun for pipeline_ETL to 2026-03-17 23:00:00+00:00, run_after=2026-03-18 23:00:00+00:00
[2026-03-18T11:29:15.042+0000] {processor.py:183} INFO - Processing /opt/airflow/dags/ETL_pipeline.py took 0.236 seconds
[2026-03-18T11:29:45.434+0000] {processor.py:161} INFO - Started process (PID=757) to work on /opt/airflow/dags/ETL_pipeline.py
[2026-03-18T11:29:45.436+0000] {processor.py:830} INFO - Processing file /opt/airflow/dags/ETL_pipeline.py for tasks to queue
[2026-03-18T11:29:45.438+0000] {logging_mixin.py:188} INFO - [2026-03-18T11:29:45.437+0000] {dagbag.py:538} INFO - Filling up the DagBag from /opt/airflow/dags/ETL_pipeline.py
[2026-03-18T11:29:45.473+0000] {processor.py:840} INFO - DAG(s) 'pipeline_ETL' retrieved from /opt/airflow/dags/ETL_pipeline.py
[2026-03-18T11:29:45.514+0000] {logging_mixin.py:188} INFO - [2026-03-18T11:29:45.514+0000] {dag.py:3036} INFO - Sync 1 DAGs
[2026-03-18T11:29:45.547+0000] {logging_mixin.py:188} INFO - [2026-03-18T11:29:45.547+0000] {dag.py:3823} INFO - Setting next_dagrun for pipeline_ETL to 2026-03-17 23:00:00+00:00, run_after=2026-03-18 23:00:00+00:00
[2026-03-18T11:29:45.595+0000] {processor.py:183} INFO - Processing /opt/airflow/dags/ETL_pipeline.py took 0.165 seconds
[2026-03-18T11:30:15.780+0000] {processor.py:161} INFO - Started process (PID=762) to work on /opt/airflow/dags/ETL_pipeline.py
[2026-03-18T11:30:15.782+0000] {processor.py:830} INFO - Processing file /opt/airflow/dags/ETL_pipeline.py for tasks to queue
[2026-03-18T11:30:15.784+0000] {logging_mixin.py:188} INFO - [2026-03-18T11:30:15.784+0000] {dagbag.py:538} INFO - Filling up the DagBag from /opt/airflow/dags/ETL_pipeline.py
[2026-03-18T11:30:15.832+0000] {processor.py:840} INFO - DAG(s) 'pipeline_ETL' retrieved from /opt/airflow/dags/ETL_pipeline.py
[2026-03-18T11:30:15.892+0000] {logging_mixin.py:188} INFO - [2026-03-18T11:30:15.892+0000] {dag.py:3036} INFO - Sync 1 DAGs
[2026-03-18T11:30:15.938+0000] {logging_mixin.py:188} INFO - [2026-03-18T11:30:15.937+0000] {dag.py:3823} INFO - Setting next_dagrun for pipeline_ETL to 2026-03-17 23:00:00+00:00, run_after=2026-03-18 23:00:00+00:00
[2026-03-18T11:30:15.996+0000] {processor.py:183} INFO - Processing /opt/airflow/dags/ETL_pipeline.py took 0.222 seconds
[2026-03-18T11:30:46.200+0000] {processor.py:161} INFO - Started process (PID=767) to work on /opt/airflow/dags/ETL_pipeline.py
[2026-03-18T11:30:46.202+0000] {processor.py:830} INFO - Processing file /opt/airflow/dags/ETL_pipeline.py for tasks to queue
[2026-03-18T11:30:46.204+0000] {logging_mixin.py:188} INFO - [2026-03-18T11:30:46.204+0000] {dagbag.py:538} INFO - Filling up the DagBag from /opt/airflow/dags/ETL_pipeline.py
[2026-03-18T11:30:46.249+0000] {processor.py:840} INFO - DAG(s) 'pipeline_ETL' retrieved from /opt/airflow/dags/ETL_pipeline.py
[2026-03-18T11:30:46.293+0000] {logging_mixin.py:188} INFO - [2026-03-18T11:30:46.292+0000] {dag.py:3036} INFO - Sync 1 DAGs
[2026-03-18T11:30:46.327+0000] {logging_mixin.py:188} INFO - [2026-03-18T11:30:46.327+0000] {dag.py:3823} INFO - Setting next_dagrun for pipeline_ETL to 2026-03-17 23:00:00+00:00, run_after=2026-03-18 23:00:00+00:00
[2026-03-18T11:30:46.378+0000] {processor.py:183} INFO - Processing /opt/airflow/dags/ETL_pipeline.py took 0.184 seconds
[2026-03-18T11:31:16.704+0000] {processor.py:161} INFO - Started process (PID=772) to work on /opt/airflow/dags/ETL_pipeline.py
[2026-03-18T11:31:16.706+0000] {processor.py:830} INFO - Processing file /opt/airflow/dags/ETL_pipeline.py for tasks to queue
[2026-03-18T11:31:16.709+0000] {logging_mixin.py:188} INFO - [2026-03-18T11:31:16.708+0000] {dagbag.py:538} INFO - Filling up the DagBag from /opt/airflow/dags/ETL_pipeline.py
[2026-03-18T11:31:16.772+0000] {processor.py:840} INFO - DAG(s) 'pipeline_ETL' retrieved from /opt/airflow/dags/ETL_pipeline.py
[2026-03-18T11:31:16.835+0000] {logging_mixin.py:188} INFO - [2026-03-18T11:31:16.834+0000] {dag.py:3036} INFO - Sync 1 DAGs
[2026-03-18T11:31:16.887+0000] {logging_mixin.py:188} INFO - [2026-03-18T11:31:16.887+0000] {dag.py:3823} INFO - Setting next_dagrun for pipeline_ETL to 2026-03-17 23:00:00+00:00, run_after=2026-03-18 23:00:00+00:00
[2026-03-18T11:31:16.955+0000] {processor.py:183} INFO - Processing /opt/airflow/dags/ETL_pipeline.py took 0.258 seconds
[2026-03-18T11:31:47.289+0000] {processor.py:161} INFO - Started process (PID=777) to work on /opt/airflow/dags/ETL_pipeline.py
[2026-03-18T11:31:47.290+0000] {processor.py:830} INFO - Processing file /opt/airflow/dags/ETL_pipeline.py for tasks to queue
[2026-03-18T11:31:47.292+0000] {logging_mixin.py:188} INFO - [2026-03-18T11:31:47.291+0000] {dagbag.py:538} INFO - Filling up the DagBag from /opt/airflow/dags/ETL_pipeline.py
[2026-03-18T11:31:47.328+0000] {processor.py:840} INFO - DAG(s) 'pipeline_ETL' retrieved from /opt/airflow/dags/ETL_pipeline.py
[2026-03-18T11:31:47.374+0000] {logging_mixin.py:188} INFO - [2026-03-18T11:31:47.374+0000] {dag.py:3036} INFO - Sync 1 DAGs
[2026-03-18T11:31:47.410+0000] {logging_mixin.py:188} INFO - [2026-03-18T11:31:47.410+0000] {dag.py:3823} INFO - Setting next_dagrun for pipeline_ETL to 2026-03-17 23:00:00+00:00, run_after=2026-03-18 23:00:00+00:00
[2026-03-18T11:31:47.461+0000] {processor.py:183} INFO - Processing /opt/airflow/dags/ETL_pipeline.py took 0.178 seconds
[2026-03-18T11:32:17.584+0000] {processor.py:161} INFO - Started process (PID=782) to work on /opt/airflow/dags/ETL_pipeline.py
[2026-03-18T11:32:17.586+0000] {processor.py:830} INFO - Processing file /opt/airflow/dags/ETL_pipeline.py for tasks to queue
[2026-03-18T11:32:17.589+0000] {logging_mixin.py:188} INFO - [2026-03-18T11:32:17.588+0000] {dagbag.py:538} INFO - Filling up the DagBag from /opt/airflow/dags/ETL_pipeline.py
[2026-03-18T11:32:17.624+0000] {processor.py:840} INFO - DAG(s) 'pipeline_ETL' retrieved from /opt/airflow/dags/ETL_pipeline.py
[2026-03-18T11:32:17.667+0000] {logging_mixin.py:188} INFO - [2026-03-18T11:32:17.666+0000] {dag.py:3036} INFO - Sync 1 DAGs
[2026-03-18T11:32:17.698+0000] {logging_mixin.py:188} INFO - [2026-03-18T11:32:17.698+0000] {dag.py:3823} INFO - Setting next_dagrun for pipeline_ETL to 2026-03-17 23:00:00+00:00, run_after=2026-03-18 23:00:00+00:00
[2026-03-18T11:32:17.745+0000] {processor.py:183} INFO - Processing /opt/airflow/dags/ETL_pipeline.py took 0.166 seconds
[2026-03-18T11:32:48.035+0000] {processor.py:161} INFO - Started process (PID=787) to work on /opt/airflow/dags/ETL_pipeline.py
[2026-03-18T11:32:48.037+0000] {processor.py:830} INFO - Processing file /opt/airflow/dags/ETL_pipeline.py for tasks to queue
[2026-03-18T11:32:48.039+0000] {logging_mixin.py:188} INFO - [2026-03-18T11:32:48.038+0000] {dagbag.py:538} INFO - Filling up the DagBag from /opt/airflow/dags/ETL_pipeline.py
[2026-03-18T11:32:48.074+0000] {processor.py:840} INFO - DAG(s) 'pipeline_ETL' retrieved from /opt/airflow/dags/ETL_pipeline.py
[2026-03-18T11:32:48.112+0000] {logging_mixin.py:188} INFO - [2026-03-18T11:32:48.111+0000] {dag.py:3036} INFO - Sync 1 DAGs
[2026-03-18T11:32:48.141+0000] {logging_mixin.py:188} INFO - [2026-03-18T11:32:48.141+0000] {dag.py:3823} INFO - Setting next_dagrun for pipeline_ETL to 2026-03-17 23:00:00+00:00, run_after=2026-03-18 23:00:00+00:00
[2026-03-18T11:32:48.193+0000] {processor.py:183} INFO - Processing /opt/airflow/dags/ETL_pipeline.py took 0.162 seconds
[2026-03-18T11:33:18.391+0000] {processor.py:161} INFO - Started process (PID=792) to work on /opt/airflow/dags/ETL_pipeline.py
[2026-03-18T11:33:18.393+0000] {processor.py:830} INFO - Processing file /opt/airflow/dags/ETL_pipeline.py for tasks to queue
[2026-03-18T11:33:18.394+0000] {logging_mixin.py:188} INFO - [2026-03-18T11:33:18.394+0000] {dagbag.py:538} INFO - Filling up the DagBag from /opt/airflow/dags/ETL_pipeline.py
[2026-03-18T11:33:18.445+0000] {processor.py:840} INFO - DAG(s) 'pipeline_ETL' retrieved from /opt/airflow/dags/ETL_pipeline.py
[2026-03-18T11:33:18.495+0000] {logging_mixin.py:188} INFO - [2026-03-18T11:33:18.494+0000] {dag.py:3036} INFO - Sync 1 DAGs
[2026-03-18T11:33:18.530+0000] {logging_mixin.py:188} INFO - [2026-03-18T11:33:18.530+0000] {dag.py:3823} INFO - Setting next_dagrun for pipeline_ETL to 2026-03-17 23:00:00+00:00, run_after=2026-03-18 23:00:00+00:00
[2026-03-18T11:33:18.587+0000] {processor.py:183} INFO - Processing /opt/airflow/dags/ETL_pipeline.py took 0.201 seconds
[2026-03-18T11:33:48.793+0000] {processor.py:161} INFO - Started process (PID=797) to work on /opt/airflow/dags/ETL_pipeline.py
[2026-03-18T11:33:48.797+0000] {processor.py:830} INFO - Processing file /opt/airflow/dags/ETL_pipeline.py for tasks to queue
[2026-03-18T11:33:48.800+0000] {logging_mixin.py:188} INFO - [2026-03-18T11:33:48.799+0000] {dagbag.py:538} INFO - Filling up the DagBag from /opt/airflow/dags/ETL_pipeline.py
[2026-03-18T11:33:48.852+0000] {processor.py:840} INFO - DAG(s) 'pipeline_ETL' retrieved from /opt/airflow/dags/ETL_pipeline.py
[2026-03-18T11:33:48.910+0000] {logging_mixin.py:188} INFO - [2026-03-18T11:33:48.909+0000] {dag.py:3036} INFO - Sync 1 DAGs
[2026-03-18T11:33:48.967+0000] {logging_mixin.py:188} INFO - [2026-03-18T11:33:48.966+0000] {dag.py:3823} INFO - Setting next_dagrun for pipeline_ETL to 2026-03-17 23:00:00+00:00, run_after=2026-03-18 23:00:00+00:00
[2026-03-18T11:33:49.066+0000] {processor.py:183} INFO - Processing /opt/airflow/dags/ETL_pipeline.py took 0.282 seconds
[2026-03-18T11:34:19.150+0000] {processor.py:161} INFO - Started process (PID=802) to work on /opt/airflow/dags/ETL_pipeline.py
[2026-03-18T11:34:19.152+0000] {processor.py:830} INFO - Processing file /opt/airflow/dags/ETL_pipeline.py for tasks to queue
[2026-03-18T11:34:19.155+0000] {logging_mixin.py:188} INFO - [2026-03-18T11:34:19.154+0000] {dagbag.py:538} INFO - Filling up the DagBag from /opt/airflow/dags/ETL_pipeline.py
[2026-03-18T11:34:19.200+0000] {processor.py:840} INFO - DAG(s) 'pipeline_ETL' retrieved from /opt/airflow/dags/ETL_pipeline.py
[2026-03-18T11:34:19.277+0000] {logging_mixin.py:188} INFO - [2026-03-18T11:34:19.277+0000] {dag.py:3036} INFO - Sync 1 DAGs
[2026-03-18T11:34:19.350+0000] {logging_mixin.py:188} INFO - [2026-03-18T11:34:19.349+0000] {dag.py:3823} INFO - Setting next_dagrun for pipeline_ETL to 2026-03-17 23:00:00+00:00, run_after=2026-03-18 23:00:00+00:00
[2026-03-18T11:34:19.439+0000] {processor.py:183} INFO - Processing /opt/airflow/dags/ETL_pipeline.py took 0.296 seconds
[2026-03-18T11:34:49.740+0000] {processor.py:161} INFO - Started process (PID=807) to work on /opt/airflow/dags/ETL_pipeline.py
[2026-03-18T11:34:49.742+0000] {processor.py:830} INFO - Processing file /opt/airflow/dags/ETL_pipeline.py for tasks to queue
[2026-03-18T11:34:49.743+0000] {logging_mixin.py:188} INFO - [2026-03-18T11:34:49.743+0000] {dagbag.py:538} INFO - Filling up the DagBag from /opt/airflow/dags/ETL_pipeline.py
[2026-03-18T11:34:49.788+0000] {processor.py:840} INFO - DAG(s) 'pipeline_ETL' retrieved from /opt/airflow/dags/ETL_pipeline.py
[2026-03-18T11:34:49.851+0000] {logging_mixin.py:188} INFO - [2026-03-18T11:34:49.851+0000] {dag.py:3036} INFO - Sync 1 DAGs
[2026-03-18T11:34:49.889+0000] {logging_mixin.py:188} INFO - [2026-03-18T11:34:49.888+0000] {dag.py:3823} INFO - Setting next_dagrun for pipeline_ETL to 2026-03-17 23:00:00+00:00, run_after=2026-03-18 23:00:00+00:00
[2026-03-18T11:34:49.945+0000] {processor.py:183} INFO - Processing /opt/airflow/dags/ETL_pipeline.py took 0.214 seconds
[2026-03-18T11:35:20.165+0000] {processor.py:161} INFO - Started process (PID=812) to work on /opt/airflow/dags/ETL_pipeline.py
[2026-03-18T11:35:20.167+0000] {processor.py:830} INFO - Processing file /opt/airflow/dags/ETL_pipeline.py for tasks to queue
[2026-03-18T11:35:20.169+0000] {logging_mixin.py:188} INFO - [2026-03-18T11:35:20.168+0000] {dagbag.py:538} INFO - Filling up the DagBag from /opt/airflow/dags/ETL_pipeline.py
[2026-03-18T11:35:20.202+0000] {processor.py:840} INFO - DAG(s) 'pipeline_ETL' retrieved from /opt/airflow/dags/ETL_pipeline.py
[2026-03-18T11:35:20.242+0000] {logging_mixin.py:188} INFO - [2026-03-18T11:35:20.242+0000] {dag.py:3036} INFO - Sync 1 DAGs
[2026-03-18T11:35:20.274+0000] {logging_mixin.py:188} INFO - [2026-03-18T11:35:20.274+0000] {dag.py:3823} INFO - Setting next_dagrun for pipeline_ETL to 2026-03-17 23:00:00+00:00, run_after=2026-03-18 23:00:00+00:00
[2026-03-18T11:35:20.320+0000] {processor.py:183} INFO - Processing /opt/airflow/dags/ETL_pipeline.py took 0.161 seconds
[2026-03-18T11:35:50.574+0000] {processor.py:161} INFO - Started process (PID=817) to work on /opt/airflow/dags/ETL_pipeline.py
[2026-03-18T11:35:50.575+0000] {processor.py:830} INFO - Processing file /opt/airflow/dags/ETL_pipeline.py for tasks to queue
[2026-03-18T11:35:50.578+0000] {logging_mixin.py:188} INFO - [2026-03-18T11:35:50.577+0000] {dagbag.py:538} INFO - Filling up the DagBag from /opt/airflow/dags/ETL_pipeline.py
[2026-03-18T11:35:50.614+0000] {processor.py:840} INFO - DAG(s) 'pipeline_ETL' retrieved from /opt/airflow/dags/ETL_pipeline.py
[2026-03-18T11:35:50.658+0000] {logging_mixin.py:188} INFO - [2026-03-18T11:35:50.657+0000] {dag.py:3036} INFO - Sync 1 DAGs
[2026-03-18T11:35:50.690+0000] {logging_mixin.py:188} INFO - [2026-03-18T11:35:50.690+0000] {dag.py:3823} INFO - Setting next_dagrun for pipeline_ETL to 2026-03-17 23:00:00+00:00, run_after=2026-03-18 23:00:00+00:00
[2026-03-18T11:35:50.739+0000] {processor.py:183} INFO - Processing /opt/airflow/dags/ETL_pipeline.py took 0.171 seconds
[2026-03-18T11:36:20.984+0000] {processor.py:161} INFO - Started process (PID=822) to work on /opt/airflow/dags/ETL_pipeline.py
[2026-03-18T11:36:20.986+0000] {processor.py:830} INFO - Processing file /opt/airflow/dags/ETL_pipeline.py for tasks to queue
[2026-03-18T11:36:20.989+0000] {logging_mixin.py:188} INFO - [2026-03-18T11:36:20.988+0000] {dagbag.py:538} INFO - Filling up the DagBag from /opt/airflow/dags/ETL_pipeline.py
[2026-03-18T11:36:21.050+0000] {processor.py:840} INFO - DAG(s) 'pipeline_ETL' retrieved from /opt/airflow/dags/ETL_pipeline.py
[2026-03-18T11:36:21.121+0000] {logging_mixin.py:188} INFO - [2026-03-18T11:36:21.120+0000] {dag.py:3036} INFO - Sync 1 DAGs
[2026-03-18T11:36:21.174+0000] {logging_mixin.py:188} INFO - [2026-03-18T11:36:21.173+0000] {dag.py:3823} INFO - Setting next_dagrun for pipeline_ETL to 2026-03-17 23:00:00+00:00, run_after=2026-03-18 23:00:00+00:00
[2026-03-18T11:36:21.238+0000] {processor.py:183} INFO - Processing /opt/airflow/dags/ETL_pipeline.py took 0.262 seconds
[2026-03-18T11:36:51.454+0000] {processor.py:161} INFO - Started process (PID=827) to work on /opt/airflow/dags/ETL_pipeline.py
[2026-03-18T11:36:51.456+0000] {processor.py:830} INFO - Processing file /opt/airflow/dags/ETL_pipeline.py for tasks to queue
[2026-03-18T11:36:51.458+0000] {logging_mixin.py:188} INFO - [2026-03-18T11:36:51.457+0000] {dagbag.py:538} INFO - Filling up the DagBag from /opt/airflow/dags/ETL_pipeline.py
[2026-03-18T11:36:51.496+0000] {processor.py:840} INFO - DAG(s) 'pipeline_ETL' retrieved from /opt/airflow/dags/ETL_pipeline.py
[2026-03-18T11:36:51.551+0000] {logging_mixin.py:188} INFO - [2026-03-18T11:36:51.551+0000] {dag.py:3036} INFO - Sync 1 DAGs
[2026-03-18T11:36:51.590+0000] {logging_mixin.py:188} INFO - [2026-03-18T11:36:51.590+0000] {dag.py:3823} INFO - Setting next_dagrun for pipeline_ETL to 2026-03-17 23:00:00+00:00, run_after=2026-03-18 23:00:00+00:00
[2026-03-18T11:36:51.651+0000] {processor.py:183} INFO - Processing /opt/airflow/dags/ETL_pipeline.py took 0.204 seconds
[2026-03-18T11:37:21.906+0000] {processor.py:161} INFO - Started process (PID=832) to work on /opt/airflow/dags/ETL_pipeline.py
[2026-03-18T11:37:21.909+0000] {processor.py:830} INFO - Processing file /opt/airflow/dags/ETL_pipeline.py for tasks to queue
[2026-03-18T11:37:21.912+0000] {logging_mixin.py:188} INFO - [2026-03-18T11:37:21.911+0000] {dagbag.py:538} INFO - Filling up the DagBag from /opt/airflow/dags/ETL_pipeline.py
[2026-03-18T11:37:21.970+0000] {processor.py:840} INFO - DAG(s) 'pipeline_ETL' retrieved from /opt/airflow/dags/ETL_pipeline.py
[2026-03-18T11:37:22.111+0000] {logging_mixin.py:188} INFO - [2026-03-18T11:37:22.110+0000] {dag.py:3036} INFO - Sync 1 DAGs
[2026-03-18T11:37:22.182+0000] {logging_mixin.py:188} INFO - [2026-03-18T11:37:22.182+0000] {dag.py:3823} INFO - Setting next_dagrun for pipeline_ETL to 2026-03-17 23:00:00+00:00, run_after=2026-03-18 23:00:00+00:00
[2026-03-18T11:37:22.265+0000] {processor.py:183} INFO - Processing /opt/airflow/dags/ETL_pipeline.py took 0.365 seconds
[2026-03-18T11:37:52.619+0000] {processor.py:161} INFO - Started process (PID=837) to work on /opt/airflow/dags/ETL_pipeline.py
[2026-03-18T11:37:52.621+0000] {processor.py:830} INFO - Processing file /opt/airflow/dags/ETL_pipeline.py for tasks to queue
[2026-03-18T11:37:52.622+0000] {logging_mixin.py:188} INFO - [2026-03-18T11:37:52.622+0000] {dagbag.py:538} INFO - Filling up the DagBag from /opt/airflow/dags/ETL_pipeline.py
[2026-03-18T11:37:52.667+0000] {processor.py:840} INFO - DAG(s) 'pipeline_ETL' retrieved from /opt/airflow/dags/ETL_pipeline.py
[2026-03-18T11:37:52.716+0000] {logging_mixin.py:188} INFO - [2026-03-18T11:37:52.716+0000] {dag.py:3036} INFO - Sync 1 DAGs
[2026-03-18T11:37:52.752+0000] {logging_mixin.py:188} INFO - [2026-03-18T11:37:52.752+0000] {dag.py:3823} INFO - Setting next_dagrun for pipeline_ETL to 2026-03-17 23:00:00+00:00, run_after=2026-03-18 23:00:00+00:00
[2026-03-18T11:37:52.801+0000] {processor.py:183} INFO - Processing /opt/airflow/dags/ETL_pipeline.py took 0.188 seconds
[2026-03-18T11:38:22.929+0000] {processor.py:161} INFO - Started process (PID=842) to work on /opt/airflow/dags/ETL_pipeline.py
[2026-03-18T11:38:22.932+0000] {processor.py:830} INFO - Processing file /opt/airflow/dags/ETL_pipeline.py for tasks to queue
[2026-03-18T11:38:22.934+0000] {logging_mixin.py:188} INFO - [2026-03-18T11:38:22.934+0000] {dagbag.py:538} INFO - Filling up the DagBag from /opt/airflow/dags/ETL_pipeline.py
[2026-03-18T11:38:22.982+0000] {processor.py:840} INFO - DAG(s) 'pipeline_ETL' retrieved from /opt/airflow/dags/ETL_pipeline.py
[2026-03-18T11:38:23.057+0000] {logging_mixin.py:188} INFO - [2026-03-18T11:38:23.057+0000] {dag.py:3036} INFO - Sync 1 DAGs
[2026-03-18T11:38:23.112+0000] {logging_mixin.py:188} INFO - [2026-03-18T11:38:23.111+0000] {dag.py:3823} INFO - Setting next_dagrun for pipeline_ETL to 2026-03-17 23:00:00+00:00, run_after=2026-03-18 23:00:00+00:00
[2026-03-18T11:38:23.179+0000] {processor.py:183} INFO - Processing /opt/airflow/dags/ETL_pipeline.py took 0.258 seconds
[2026-03-18T11:38:53.414+0000] {processor.py:161} INFO - Started process (PID=847) to work on /opt/airflow/dags/ETL_pipeline.py
[2026-03-18T11:38:53.415+0000] {processor.py:830} INFO - Processing file /opt/airflow/dags/ETL_pipeline.py for tasks to queue
[2026-03-18T11:38:53.418+0000] {logging_mixin.py:188} INFO - [2026-03-18T11:38:53.417+0000] {dagbag.py:538} INFO - Filling up the DagBag from /opt/airflow/dags/ETL_pipeline.py
[2026-03-18T11:38:53.455+0000] {processor.py:840} INFO - DAG(s) 'pipeline_ETL' retrieved from /opt/airflow/dags/ETL_pipeline.py
[2026-03-18T11:38:53.496+0000] {logging_mixin.py:188} INFO - [2026-03-18T11:38:53.496+0000] {dag.py:3036} INFO - Sync 1 DAGs
[2026-03-18T11:38:53.527+0000] {logging_mixin.py:188} INFO - [2026-03-18T11:38:53.527+0000] {dag.py:3823} INFO - Setting next_dagrun for pipeline_ETL to 2026-03-17 23:00:00+00:00, run_after=2026-03-18 23:00:00+00:00
[2026-03-18T11:38:53.575+0000] {processor.py:183} INFO - Processing /opt/airflow/dags/ETL_pipeline.py took 0.167 seconds
[2026-03-18T11:39:23.855+0000] {processor.py:161} INFO - Started process (PID=852) to work on /opt/airflow/dags/ETL_pipeline.py
[2026-03-18T11:39:23.856+0000] {processor.py:830} INFO - Processing file /opt/airflow/dags/ETL_pipeline.py for tasks to queue
[2026-03-18T11:39:23.859+0000] {logging_mixin.py:188} INFO - [2026-03-18T11:39:23.858+0000] {dagbag.py:538} INFO - Filling up the DagBag from /opt/airflow/dags/ETL_pipeline.py
[2026-03-18T11:39:23.899+0000] {processor.py:840} INFO - DAG(s) 'pipeline_ETL' retrieved from /opt/airflow/dags/ETL_pipeline.py
[2026-03-18T11:39:23.948+0000] {logging_mixin.py:188} INFO - [2026-03-18T11:39:23.947+0000] {dag.py:3036} INFO - Sync 1 DAGs
[2026-03-18T11:39:23.993+0000] {logging_mixin.py:188} INFO - [2026-03-18T11:39:23.993+0000] {dag.py:3823} INFO - Setting next_dagrun for pipeline_ETL to 2026-03-17 23:00:00+00:00, run_after=2026-03-18 23:00:00+00:00
[2026-03-18T11:39:24.047+0000] {processor.py:183} INFO - Processing /opt/airflow/dags/ETL_pipeline.py took 0.197 seconds
[2026-03-18T11:39:54.383+0000] {processor.py:161} INFO - Started process (PID=857) to work on /opt/airflow/dags/ETL_pipeline.py
[2026-03-18T11:39:54.386+0000] {processor.py:830} INFO - Processing file /opt/airflow/dags/ETL_pipeline.py for tasks to queue
[2026-03-18T11:39:54.389+0000] {logging_mixin.py:188} INFO - [2026-03-18T11:39:54.388+0000] {dagbag.py:538} INFO - Filling up the DagBag from /opt/airflow/dags/ETL_pipeline.py
[2026-03-18T11:39:54.459+0000] {processor.py:840} INFO - DAG(s) 'pipeline_ETL' retrieved from /opt/airflow/dags/ETL_pipeline.py
[2026-03-18T11:39:54.532+0000] {logging_mixin.py:188} INFO - [2026-03-18T11:39:54.532+0000] {dag.py:3036} INFO - Sync 1 DAGs
[2026-03-18T11:39:54.571+0000] {logging_mixin.py:188} INFO - [2026-03-18T11:39:54.571+0000] {dag.py:3823} INFO - Setting next_dagrun for pipeline_ETL to 2026-03-17 23:00:00+00:00, run_after=2026-03-18 23:00:00+00:00
[2026-03-18T11:39:54.631+0000] {processor.py:183} INFO - Processing /opt/airflow/dags/ETL_pipeline.py took 0.256 seconds
[2026-03-18T11:40:24.750+0000] {processor.py:161} INFO - Started process (PID=862) to work on /opt/airflow/dags/ETL_pipeline.py
[2026-03-18T11:40:24.752+0000] {processor.py:830} INFO - Processing file /opt/airflow/dags/ETL_pipeline.py for tasks to queue
[2026-03-18T11:40:24.754+0000] {logging_mixin.py:188} INFO - [2026-03-18T11:40:24.753+0000] {dagbag.py:538} INFO - Filling up the DagBag from /opt/airflow/dags/ETL_pipeline.py
[2026-03-18T11:40:24.799+0000] {processor.py:840} INFO - DAG(s) 'pipeline_ETL' retrieved from /opt/airflow/dags/ETL_pipeline.py
[2026-03-18T11:40:24.863+0000] {logging_mixin.py:188} INFO - [2026-03-18T11:40:24.862+0000] {dag.py:3036} INFO - Sync 1 DAGs
[2026-03-18T11:40:24.918+0000] {logging_mixin.py:188} INFO - [2026-03-18T11:40:24.917+0000] {dag.py:3823} INFO - Setting next_dagrun for pipeline_ETL to 2026-03-17 23:00:00+00:00, run_after=2026-03-18 23:00:00+00:00
[2026-03-18T11:40:24.982+0000] {processor.py:183} INFO - Processing /opt/airflow/dags/ETL_pipeline.py took 0.241 seconds
[2026-03-18T11:40:55.326+0000] {processor.py:161} INFO - Started process (PID=867) to work on /opt/airflow/dags/ETL_pipeline.py
[2026-03-18T11:40:55.328+0000] {processor.py:830} INFO - Processing file /opt/airflow/dags/ETL_pipeline.py for tasks to queue
[2026-03-18T11:40:55.329+0000] {logging_mixin.py:188} INFO - [2026-03-18T11:40:55.329+0000] {dagbag.py:538} INFO - Filling up the DagBag from /opt/airflow/dags/ETL_pipeline.py
[2026-03-18T11:40:55.363+0000] {processor.py:840} INFO - DAG(s) 'pipeline_ETL' retrieved from /opt/airflow/dags/ETL_pipeline.py
[2026-03-18T11:40:55.403+0000] {logging_mixin.py:188} INFO - [2026-03-18T11:40:55.403+0000] {dag.py:3036} INFO - Sync 1 DAGs
[2026-03-18T11:40:55.441+0000] {logging_mixin.py:188} INFO - [2026-03-18T11:40:55.441+0000] {dag.py:3823} INFO - Setting next_dagrun for pipeline_ETL to 2026-03-17 23:00:00+00:00, run_after=2026-03-18 23:00:00+00:00
[2026-03-18T11:40:55.485+0000] {processor.py:183} INFO - Processing /opt/airflow/dags/ETL_pipeline.py took 0.163 seconds
[2026-03-18T11:41:25.629+0000] {processor.py:161} INFO - Started process (PID=872) to work on /opt/airflow/dags/ETL_pipeline.py
[2026-03-18T11:41:25.631+0000] {processor.py:830} INFO - Processing file /opt/airflow/dags/ETL_pipeline.py for tasks to queue
[2026-03-18T11:41:25.633+0000] {logging_mixin.py:188} INFO - [2026-03-18T11:41:25.632+0000] {dagbag.py:538} INFO - Filling up the DagBag from /opt/airflow/dags/ETL_pipeline.py
[2026-03-18T11:41:25.673+0000] {processor.py:840} INFO - DAG(s) 'pipeline_ETL' retrieved from /opt/airflow/dags/ETL_pipeline.py
[2026-03-18T11:41:25.731+0000] {logging_mixin.py:188} INFO - [2026-03-18T11:41:25.731+0000] {dag.py:3036} INFO - Sync 1 DAGs
[2026-03-18T11:41:25.777+0000] {logging_mixin.py:188} INFO - [2026-03-18T11:41:25.776+0000] {dag.py:3823} INFO - Setting next_dagrun for pipeline_ETL to 2026-03-17 23:00:00+00:00, run_after=2026-03-18 23:00:00+00:00
[2026-03-18T11:41:25.846+0000] {processor.py:183} INFO - Processing /opt/airflow/dags/ETL_pipeline.py took 0.225 seconds
[2026-03-18T11:41:56.171+0000] {processor.py:161} INFO - Started process (PID=877) to work on /opt/airflow/dags/ETL_pipeline.py
[2026-03-18T11:41:56.173+0000] {processor.py:830} INFO - Processing file /opt/airflow/dags/ETL_pipeline.py for tasks to queue
[2026-03-18T11:41:56.174+0000] {logging_mixin.py:188} INFO - [2026-03-18T11:41:56.174+0000] {dagbag.py:538} INFO - Filling up the DagBag from /opt/airflow/dags/ETL_pipeline.py
[2026-03-18T11:41:56.214+0000] {processor.py:840} INFO - DAG(s) 'pipeline_ETL' retrieved from /opt/airflow/dags/ETL_pipeline.py
[2026-03-18T11:41:56.261+0000] {logging_mixin.py:188} INFO - [2026-03-18T11:41:56.261+0000] {dag.py:3036} INFO - Sync 1 DAGs
[2026-03-18T11:41:56.294+0000] {logging_mixin.py:188} INFO - [2026-03-18T11:41:56.293+0000] {dag.py:3823} INFO - Setting next_dagrun for pipeline_ETL to 2026-03-17 23:00:00+00:00, run_after=2026-03-18 23:00:00+00:00
[2026-03-18T11:41:56.342+0000] {processor.py:183} INFO - Processing /opt/airflow/dags/ETL_pipeline.py took 0.176 seconds
[2026-03-18T11:42:26.466+0000] {processor.py:161} INFO - Started process (PID=882) to work on /opt/airflow/dags/ETL_pipeline.py
[2026-03-18T11:42:26.468+0000] {processor.py:830} INFO - Processing file /opt/airflow/dags/ETL_pipeline.py for tasks to queue
[2026-03-18T11:42:26.469+0000] {logging_mixin.py:188} INFO - [2026-03-18T11:42:26.469+0000] {dagbag.py:538} INFO - Filling up the DagBag from /opt/airflow/dags/ETL_pipeline.py
[2026-03-18T11:42:26.506+0000] {processor.py:840} INFO - DAG(s) 'pipeline_ETL' retrieved from /opt/airflow/dags/ETL_pipeline.py
[2026-03-18T11:42:26.551+0000] {logging_mixin.py:188} INFO - [2026-03-18T11:42:26.551+0000] {dag.py:3036} INFO - Sync 1 DAGs
[2026-03-18T11:42:26.585+0000] {logging_mixin.py:188} INFO - [2026-03-18T11:42:26.585+0000] {dag.py:3823} INFO - Setting next_dagrun for pipeline_ETL to 2026-03-17 23:00:00+00:00, run_after=2026-03-18 23:00:00+00:00
[2026-03-18T11:42:26.634+0000] {processor.py:183} INFO - Processing /opt/airflow/dags/ETL_pipeline.py took 0.174 seconds
[2026-03-18T11:42:56.987+0000] {processor.py:161} INFO - Started process (PID=887) to work on /opt/airflow/dags/ETL_pipeline.py
[2026-03-18T11:42:56.989+0000] {processor.py:830} INFO - Processing file /opt/airflow/dags/ETL_pipeline.py for tasks to queue
[2026-03-18T11:42:56.990+0000] {logging_mixin.py:188} INFO - [2026-03-18T11:42:56.990+0000] {dagbag.py:538} INFO - Filling up the DagBag from /opt/airflow/dags/ETL_pipeline.py
[2026-03-18T11:42:57.024+0000] {processor.py:840} INFO - DAG(s) 'pipeline_ETL' retrieved from /opt/airflow/dags/ETL_pipeline.py
[2026-03-18T11:42:57.063+0000] {logging_mixin.py:188} INFO - [2026-03-18T11:42:57.063+0000] {dag.py:3036} INFO - Sync 1 DAGs
[2026-03-18T11:42:57.097+0000] {logging_mixin.py:188} INFO - [2026-03-18T11:42:57.097+0000] {dag.py:3823} INFO - Setting next_dagrun for pipeline_ETL to 2026-03-17 23:00:00+00:00, run_after=2026-03-18 23:00:00+00:00
[2026-03-18T11:42:57.146+0000] {processor.py:183} INFO - Processing /opt/airflow/dags/ETL_pipeline.py took 0.164 seconds
[2026-03-18T11:43:27.323+0000] {processor.py:161} INFO - Started process (PID=892) to work on /opt/airflow/dags/ETL_pipeline.py
[2026-03-18T11:43:27.325+0000] {processor.py:830} INFO - Processing file /opt/airflow/dags/ETL_pipeline.py for tasks to queue
[2026-03-18T11:43:27.328+0000] {logging_mixin.py:188} INFO - [2026-03-18T11:43:27.327+0000] {dagbag.py:538} INFO - Filling up the DagBag from /opt/airflow/dags/ETL_pipeline.py
[2026-03-18T11:43:27.382+0000] {processor.py:840} INFO - DAG(s) 'pipeline_ETL' retrieved from /opt/airflow/dags/ETL_pipeline.py
[2026-03-18T11:43:27.454+0000] {logging_mixin.py:188} INFO - [2026-03-18T11:43:27.453+0000] {dag.py:3036} INFO - Sync 1 DAGs
[2026-03-18T11:43:27.501+0000] {logging_mixin.py:188} INFO - [2026-03-18T11:43:27.500+0000] {dag.py:3823} INFO - Setting next_dagrun for pipeline_ETL to 2026-03-17 23:00:00+00:00, run_after=2026-03-18 23:00:00+00:00
[2026-03-18T11:43:27.571+0000] {processor.py:183} INFO - Processing /opt/airflow/dags/ETL_pipeline.py took 0.256 seconds
[2026-03-18T11:43:57.806+0000] {processor.py:161} INFO - Started process (PID=897) to work on /opt/airflow/dags/ETL_pipeline.py
[2026-03-18T11:43:57.808+0000] {processor.py:830} INFO - Processing file /opt/airflow/dags/ETL_pipeline.py for tasks to queue
[2026-03-18T11:43:57.812+0000] {logging_mixin.py:188} INFO - [2026-03-18T11:43:57.811+0000] {dagbag.py:538} INFO - Filling up the DagBag from /opt/airflow/dags/ETL_pipeline.py
[2026-03-18T11:43:57.867+0000] {processor.py:840} INFO - DAG(s) 'pipeline_ETL' retrieved from /opt/airflow/dags/ETL_pipeline.py
[2026-03-18T11:43:57.928+0000] {logging_mixin.py:188} INFO - [2026-03-18T11:43:57.928+0000] {dag.py:3036} INFO - Sync 1 DAGs
[2026-03-18T11:43:57.972+0000] {logging_mixin.py:188} INFO - [2026-03-18T11:43:57.972+0000] {dag.py:3823} INFO - Setting next_dagrun for pipeline_ETL to 2026-03-17 23:00:00+00:00, run_after=2026-03-18 23:00:00+00:00
[2026-03-18T11:43:58.043+0000] {processor.py:183} INFO - Processing /opt/airflow/dags/ETL_pipeline.py took 0.244 seconds
[2026-03-18T11:44:28.262+0000] {processor.py:161} INFO - Started process (PID=902) to work on /opt/airflow/dags/ETL_pipeline.py
[2026-03-18T11:44:28.264+0000] {processor.py:830} INFO - Processing file /opt/airflow/dags/ETL_pipeline.py for tasks to queue
[2026-03-18T11:44:28.267+0000] {logging_mixin.py:188} INFO - [2026-03-18T11:44:28.266+0000] {dagbag.py:538} INFO - Filling up the DagBag from /opt/airflow/dags/ETL_pipeline.py
[2026-03-18T11:44:28.304+0000] {processor.py:840} INFO - DAG(s) 'pipeline_ETL' retrieved from /opt/airflow/dags/ETL_pipeline.py
[2026-03-18T11:44:28.357+0000] {logging_mixin.py:188} INFO - [2026-03-18T11:44:28.357+0000] {dag.py:3036} INFO - Sync 1 DAGs
[2026-03-18T11:44:28.394+0000] {logging_mixin.py:188} INFO - [2026-03-18T11:44:28.394+0000] {dag.py:3823} INFO - Setting next_dagrun for pipeline_ETL to 2026-03-17 23:00:00+00:00, run_after=2026-03-18 23:00:00+00:00
[2026-03-18T11:44:28.449+0000] {processor.py:183} INFO - Processing /opt/airflow/dags/ETL_pipeline.py took 0.196 seconds
[2026-03-18T11:44:58.915+0000] {processor.py:161} INFO - Started process (PID=907) to work on /opt/airflow/dags/ETL_pipeline.py
[2026-03-18T11:44:58.927+0000] {processor.py:830} INFO - Processing file /opt/airflow/dags/ETL_pipeline.py for tasks to queue
[2026-03-18T11:44:58.936+0000] {logging_mixin.py:188} INFO - [2026-03-18T11:44:58.932+0000] {dagbag.py:538} INFO - Filling up the DagBag from /opt/airflow/dags/ETL_pipeline.py
[2026-03-18T11:44:59.069+0000] {processor.py:840} INFO - DAG(s) 'pipeline_ETL' retrieved from /opt/airflow/dags/ETL_pipeline.py
[2026-03-18T11:44:59.222+0000] {logging_mixin.py:188} INFO - [2026-03-18T11:44:59.221+0000] {dag.py:3036} INFO - Sync 1 DAGs
[2026-03-18T11:44:59.605+0000] {logging_mixin.py:188} INFO - [2026-03-18T11:44:59.604+0000] {dag.py:3823} INFO - Setting next_dagrun for pipeline_ETL to 2026-03-17 23:00:00+00:00, run_after=2026-03-18 23:00:00+00:00
[2026-03-18T11:44:59.781+0000] {processor.py:183} INFO - Processing /opt/airflow/dags/ETL_pipeline.py took 0.892 seconds
[2026-03-18T11:45:30.171+0000] {processor.py:161} INFO - Started process (PID=912) to work on /opt/airflow/dags/ETL_pipeline.py
[2026-03-18T11:45:30.173+0000] {processor.py:830} INFO - Processing file /opt/airflow/dags/ETL_pipeline.py for tasks to queue
[2026-03-18T11:45:30.176+0000] {logging_mixin.py:188} INFO - [2026-03-18T11:45:30.175+0000] {dagbag.py:538} INFO - Filling up the DagBag from /opt/airflow/dags/ETL_pipeline.py
[2026-03-18T11:45:30.222+0000] {processor.py:840} INFO - DAG(s) 'pipeline_ETL' retrieved from /opt/airflow/dags/ETL_pipeline.py
[2026-03-18T11:45:30.276+0000] {logging_mixin.py:188} INFO - [2026-03-18T11:45:30.275+0000] {dag.py:3036} INFO - Sync 1 DAGs
[2026-03-18T11:45:30.310+0000] {logging_mixin.py:188} INFO - [2026-03-18T11:45:30.310+0000] {dag.py:3823} INFO - Setting next_dagrun for pipeline_ETL to 2026-03-17 23:00:00+00:00, run_after=2026-03-18 23:00:00+00:00
[2026-03-18T11:45:30.439+0000] {processor.py:183} INFO - Processing /opt/airflow/dags/ETL_pipeline.py took 0.274 seconds
[2026-03-18T11:46:00.792+0000] {processor.py:161} INFO - Started process (PID=917) to work on /opt/airflow/dags/ETL_pipeline.py
[2026-03-18T11:46:00.794+0000] {processor.py:830} INFO - Processing file /opt/airflow/dags/ETL_pipeline.py for tasks to queue
[2026-03-18T11:46:00.796+0000] {logging_mixin.py:188} INFO - [2026-03-18T11:46:00.796+0000] {dagbag.py:538} INFO - Filling up the DagBag from /opt/airflow/dags/ETL_pipeline.py
[2026-03-18T11:46:00.841+0000] {processor.py:840} INFO - DAG(s) 'pipeline_ETL' retrieved from /opt/airflow/dags/ETL_pipeline.py
[2026-03-18T11:46:00.918+0000] {logging_mixin.py:188} INFO - [2026-03-18T11:46:00.917+0000] {dag.py:3036} INFO - Sync 1 DAGs
[2026-03-18T11:46:00.956+0000] {logging_mixin.py:188} INFO - [2026-03-18T11:46:00.956+0000] {dag.py:3823} INFO - Setting next_dagrun for pipeline_ETL to 2026-03-17 23:00:00+00:00, run_after=2026-03-18 23:00:00+00:00
[2026-03-18T11:46:01.027+0000] {processor.py:183} INFO - Processing /opt/airflow/dags/ETL_pipeline.py took 0.241 seconds
[2026-03-18T11:46:31.105+0000] {processor.py:161} INFO - Started process (PID=922) to work on /opt/airflow/dags/ETL_pipeline.py
[2026-03-18T11:46:31.107+0000] {processor.py:830} INFO - Processing file /opt/airflow/dags/ETL_pipeline.py for tasks to queue
[2026-03-18T11:46:31.108+0000] {logging_mixin.py:188} INFO - [2026-03-18T11:46:31.108+0000] {dagbag.py:538} INFO - Filling up the DagBag from /opt/airflow/dags/ETL_pipeline.py
[2026-03-18T11:46:31.143+0000] {processor.py:840} INFO - DAG(s) 'pipeline_ETL' retrieved from /opt/airflow/dags/ETL_pipeline.py
[2026-03-18T11:46:31.189+0000] {logging_mixin.py:188} INFO - [2026-03-18T11:46:31.189+0000] {dag.py:3036} INFO - Sync 1 DAGs
[2026-03-18T11:46:31.230+0000] {logging_mixin.py:188} INFO - [2026-03-18T11:46:31.230+0000] {dag.py:3823} INFO - Setting next_dagrun for pipeline_ETL to 2026-03-17 23:00:00+00:00, run_after=2026-03-18 23:00:00+00:00
[2026-03-18T11:46:31.278+0000] {processor.py:183} INFO - Processing /opt/airflow/dags/ETL_pipeline.py took 0.178 seconds
[2026-03-18T11:47:01.390+0000] {processor.py:161} INFO - Started process (PID=927) to work on /opt/airflow/dags/ETL_pipeline.py
[2026-03-18T11:47:01.392+0000] {processor.py:830} INFO - Processing file /opt/airflow/dags/ETL_pipeline.py for tasks to queue
[2026-03-18T11:47:01.394+0000] {logging_mixin.py:188} INFO - [2026-03-18T11:47:01.393+0000] {dagbag.py:538} INFO - Filling up the DagBag from /opt/airflow/dags/ETL_pipeline.py
[2026-03-18T11:47:01.437+0000] {processor.py:840} INFO - DAG(s) 'pipeline_ETL' retrieved from /opt/airflow/dags/ETL_pipeline.py
[2026-03-18T11:47:01.484+0000] {logging_mixin.py:188} INFO - [2026-03-18T11:47:01.483+0000] {dag.py:3036} INFO - Sync 1 DAGs
[2026-03-18T11:47:01.543+0000] {logging_mixin.py:188} INFO - [2026-03-18T11:47:01.542+0000] {dag.py:3823} INFO - Setting next_dagrun for pipeline_ETL to 2026-03-17 23:00:00+00:00, run_after=2026-03-18 23:00:00+00:00
[2026-03-18T11:47:01.614+0000] {processor.py:183} INFO - Processing /opt/airflow/dags/ETL_pipeline.py took 0.229 seconds
[2026-03-18T11:47:31.894+0000] {processor.py:161} INFO - Started process (PID=932) to work on /opt/airflow/dags/ETL_pipeline.py
[2026-03-18T11:47:31.897+0000] {processor.py:830} INFO - Processing file /opt/airflow/dags/ETL_pipeline.py for tasks to queue
[2026-03-18T11:47:31.899+0000] {logging_mixin.py:188} INFO - [2026-03-18T11:47:31.898+0000] {dagbag.py:538} INFO - Filling up the DagBag from /opt/airflow/dags/ETL_pipeline.py
[2026-03-18T11:47:31.934+0000] {processor.py:840} INFO - DAG(s) 'pipeline_ETL' retrieved from /opt/airflow/dags/ETL_pipeline.py
[2026-03-18T11:47:31.978+0000] {logging_mixin.py:188} INFO - [2026-03-18T11:47:31.978+0000] {dag.py:3036} INFO - Sync 1 DAGs
[2026-03-18T11:47:32.006+0000] {logging_mixin.py:188} INFO - [2026-03-18T11:47:32.006+0000] {dag.py:3823} INFO - Setting next_dagrun for pipeline_ETL to 2026-03-17 23:00:00+00:00, run_after=2026-03-18 23:00:00+00:00
[2026-03-18T11:47:32.053+0000] {processor.py:183} INFO - Processing /opt/airflow/dags/ETL_pipeline.py took 0.164 seconds
[2026-03-18T11:48:02.285+0000] {processor.py:161} INFO - Started process (PID=937) to work on /opt/airflow/dags/ETL_pipeline.py
[2026-03-18T11:48:02.287+0000] {processor.py:830} INFO - Processing file /opt/airflow/dags/ETL_pipeline.py for tasks to queue
[2026-03-18T11:48:02.288+0000] {logging_mixin.py:188} INFO - [2026-03-18T11:48:02.288+0000] {dagbag.py:538} INFO - Filling up the DagBag from /opt/airflow/dags/ETL_pipeline.py
[2026-03-18T11:48:02.324+0000] {processor.py:840} INFO - DAG(s) 'pipeline_ETL' retrieved from /opt/airflow/dags/ETL_pipeline.py
[2026-03-18T11:48:02.370+0000] {logging_mixin.py:188} INFO - [2026-03-18T11:48:02.370+0000] {dag.py:3036} INFO - Sync 1 DAGs
[2026-03-18T11:48:02.406+0000] {logging_mixin.py:188} INFO - [2026-03-18T11:48:02.405+0000] {dag.py:3823} INFO - Setting next_dagrun for pipeline_ETL to 2026-03-17 23:00:00+00:00, run_after=2026-03-18 23:00:00+00:00
[2026-03-18T11:48:02.467+0000] {processor.py:183} INFO - Processing /opt/airflow/dags/ETL_pipeline.py took 0.186 seconds
[2026-03-18T11:48:32.665+0000] {processor.py:161} INFO - Started process (PID=942) to work on /opt/airflow/dags/ETL_pipeline.py
[2026-03-18T11:48:32.668+0000] {processor.py:830} INFO - Processing file /opt/airflow/dags/ETL_pipeline.py for tasks to queue
[2026-03-18T11:48:32.670+0000] {logging_mixin.py:188} INFO - [2026-03-18T11:48:32.670+0000] {dagbag.py:538} INFO - Filling up the DagBag from /opt/airflow/dags/ETL_pipeline.py
[2026-03-18T11:48:32.723+0000] {processor.py:840} INFO - DAG(s) 'pipeline_ETL' retrieved from /opt/airflow/dags/ETL_pipeline.py
[2026-03-18T11:48:32.781+0000] {logging_mixin.py:188} INFO - [2026-03-18T11:48:32.780+0000] {dag.py:3036} INFO - Sync 1 DAGs
[2026-03-18T11:48:32.828+0000] {logging_mixin.py:188} INFO - [2026-03-18T11:48:32.828+0000] {dag.py:3823} INFO - Setting next_dagrun for pipeline_ETL to 2026-03-17 23:00:00+00:00, run_after=2026-03-18 23:00:00+00:00
[2026-03-18T11:48:32.889+0000] {processor.py:183} INFO - Processing /opt/airflow/dags/ETL_pipeline.py took 0.229 seconds
[2026-03-18T11:49:03.177+0000] {processor.py:161} INFO - Started process (PID=947) to work on /opt/airflow/dags/ETL_pipeline.py
[2026-03-18T11:49:03.180+0000] {processor.py:830} INFO - Processing file /opt/airflow/dags/ETL_pipeline.py for tasks to queue
[2026-03-18T11:49:03.183+0000] {logging_mixin.py:188} INFO - [2026-03-18T11:49:03.182+0000] {dagbag.py:538} INFO - Filling up the DagBag from /opt/airflow/dags/ETL_pipeline.py
[2026-03-18T11:49:03.242+0000] {processor.py:840} INFO - DAG(s) 'pipeline_ETL' retrieved from /opt/airflow/dags/ETL_pipeline.py
[2026-03-18T11:49:03.305+0000] {logging_mixin.py:188} INFO - [2026-03-18T11:49:03.304+0000] {dag.py:3036} INFO - Sync 1 DAGs
[2026-03-18T11:49:03.366+0000] {logging_mixin.py:188} INFO - [2026-03-18T11:49:03.365+0000] {dag.py:3823} INFO - Setting next_dagrun for pipeline_ETL to 2026-03-17 23:00:00+00:00, run_after=2026-03-18 23:00:00+00:00
[2026-03-18T11:49:03.435+0000] {processor.py:183} INFO - Processing /opt/airflow/dags/ETL_pipeline.py took 0.266 seconds
[2026-03-18T11:49:33.637+0000] {processor.py:161} INFO - Started process (PID=952) to work on /opt/airflow/dags/ETL_pipeline.py
[2026-03-18T11:49:33.640+0000] {processor.py:830} INFO - Processing file /opt/airflow/dags/ETL_pipeline.py for tasks to queue
[2026-03-18T11:49:33.641+0000] {logging_mixin.py:188} INFO - [2026-03-18T11:49:33.641+0000] {dagbag.py:538} INFO - Filling up the DagBag from /opt/airflow/dags/ETL_pipeline.py
[2026-03-18T11:49:33.675+0000] {processor.py:840} INFO - DAG(s) 'pipeline_ETL' retrieved from /opt/airflow/dags/ETL_pipeline.py
[2026-03-18T11:49:33.715+0000] {logging_mixin.py:188} INFO - [2026-03-18T11:49:33.715+0000] {dag.py:3036} INFO - Sync 1 DAGs
[2026-03-18T11:49:33.745+0000] {logging_mixin.py:188} INFO - [2026-03-18T11:49:33.745+0000] {dag.py:3823} INFO - Setting next_dagrun for pipeline_ETL to 2026-03-17 23:00:00+00:00, run_after=2026-03-18 23:00:00+00:00
[2026-03-18T11:49:33.794+0000] {processor.py:183} INFO - Processing /opt/airflow/dags/ETL_pipeline.py took 0.161 seconds
[2026-03-18T11:50:04.147+0000] {processor.py:161} INFO - Started process (PID=957) to work on /opt/airflow/dags/ETL_pipeline.py
[2026-03-18T11:50:04.149+0000] {processor.py:830} INFO - Processing file /opt/airflow/dags/ETL_pipeline.py for tasks to queue
[2026-03-18T11:50:04.151+0000] {logging_mixin.py:188} INFO - [2026-03-18T11:50:04.150+0000] {dagbag.py:538} INFO - Filling up the DagBag from /opt/airflow/dags/ETL_pipeline.py
[2026-03-18T11:50:04.186+0000] {processor.py:840} INFO - DAG(s) 'pipeline_ETL' retrieved from /opt/airflow/dags/ETL_pipeline.py
[2026-03-18T11:50:04.228+0000] {logging_mixin.py:188} INFO - [2026-03-18T11:50:04.228+0000] {dag.py:3036} INFO - Sync 1 DAGs
[2026-03-18T11:50:04.268+0000] {logging_mixin.py:188} INFO - [2026-03-18T11:50:04.268+0000] {dag.py:3823} INFO - Setting next_dagrun for pipeline_ETL to 2026-03-17 23:00:00+00:00, run_after=2026-03-18 23:00:00+00:00
[2026-03-18T11:50:04.327+0000] {processor.py:183} INFO - Processing /opt/airflow/dags/ETL_pipeline.py took 0.185 seconds
[2026-03-18T11:50:34.486+0000] {processor.py:161} INFO - Started process (PID=962) to work on /opt/airflow/dags/ETL_pipeline.py
[2026-03-18T11:50:34.488+0000] {processor.py:830} INFO - Processing file /opt/airflow/dags/ETL_pipeline.py for tasks to queue
[2026-03-18T11:50:34.489+0000] {logging_mixin.py:188} INFO - [2026-03-18T11:50:34.489+0000] {dagbag.py:538} INFO - Filling up the DagBag from /opt/airflow/dags/ETL_pipeline.py
[2026-03-18T11:50:34.541+0000] {processor.py:840} INFO - DAG(s) 'pipeline_ETL' retrieved from /opt/airflow/dags/ETL_pipeline.py
[2026-03-18T11:50:34.579+0000] {logging_mixin.py:188} INFO - [2026-03-18T11:50:34.579+0000] {dag.py:3036} INFO - Sync 1 DAGs
[2026-03-18T11:50:34.609+0000] {logging_mixin.py:188} INFO - [2026-03-18T11:50:34.609+0000] {dag.py:3823} INFO - Setting next_dagrun for pipeline_ETL to 2026-03-17 23:00:00+00:00, run_after=2026-03-18 23:00:00+00:00
[2026-03-18T11:50:34.660+0000] {processor.py:183} INFO - Processing /opt/airflow/dags/ETL_pipeline.py took 0.185 seconds
[2026-03-18T11:51:04.913+0000] {processor.py:161} INFO - Started process (PID=967) to work on /opt/airflow/dags/ETL_pipeline.py
[2026-03-18T11:51:04.915+0000] {processor.py:830} INFO - Processing file /opt/airflow/dags/ETL_pipeline.py for tasks to queue
[2026-03-18T11:51:04.917+0000] {logging_mixin.py:188} INFO - [2026-03-18T11:51:04.916+0000] {dagbag.py:538} INFO - Filling up the DagBag from /opt/airflow/dags/ETL_pipeline.py
[2026-03-18T11:51:04.954+0000] {processor.py:840} INFO - DAG(s) 'pipeline_ETL' retrieved from /opt/airflow/dags/ETL_pipeline.py
[2026-03-18T11:51:04.999+0000] {logging_mixin.py:188} INFO - [2026-03-18T11:51:04.999+0000] {dag.py:3036} INFO - Sync 1 DAGs
[2026-03-18T11:51:05.034+0000] {logging_mixin.py:188} INFO - [2026-03-18T11:51:05.034+0000] {dag.py:3823} INFO - Setting next_dagrun for pipeline_ETL to 2026-03-17 23:00:00+00:00, run_after=2026-03-18 23:00:00+00:00
[2026-03-18T11:51:05.095+0000] {processor.py:183} INFO - Processing /opt/airflow/dags/ETL_pipeline.py took 0.186 seconds
[2026-03-18T11:51:35.362+0000] {processor.py:161} INFO - Started process (PID=972) to work on /opt/airflow/dags/ETL_pipeline.py
[2026-03-18T11:51:35.367+0000] {processor.py:830} INFO - Processing file /opt/airflow/dags/ETL_pipeline.py for tasks to queue
[2026-03-18T11:51:35.371+0000] {logging_mixin.py:188} INFO - [2026-03-18T11:51:35.370+0000] {dagbag.py:538} INFO - Filling up the DagBag from /opt/airflow/dags/ETL_pipeline.py
[2026-03-18T11:51:35.450+0000] {processor.py:840} INFO - DAG(s) 'pipeline_ETL' retrieved from /opt/airflow/dags/ETL_pipeline.py
[2026-03-18T11:51:35.485+0000] {logging_mixin.py:188} INFO - [2026-03-18T11:51:35.485+0000] {dag.py:3036} INFO - Sync 1 DAGs
[2026-03-18T11:51:35.512+0000] {logging_mixin.py:188} INFO - [2026-03-18T11:51:35.512+0000] {dag.py:3823} INFO - Setting next_dagrun for pipeline_ETL to 2026-03-17 23:00:00+00:00, run_after=2026-03-18 23:00:00+00:00
[2026-03-18T11:51:35.561+0000] {processor.py:183} INFO - Processing /opt/airflow/dags/ETL_pipeline.py took 0.211 seconds
[2026-03-18T11:52:05.815+0000] {processor.py:161} INFO - Started process (PID=977) to work on /opt/airflow/dags/ETL_pipeline.py
[2026-03-18T11:52:05.816+0000] {processor.py:830} INFO - Processing file /opt/airflow/dags/ETL_pipeline.py for tasks to queue
[2026-03-18T11:52:05.818+0000] {logging_mixin.py:188} INFO - [2026-03-18T11:52:05.817+0000] {dagbag.py:538} INFO - Filling up the DagBag from /opt/airflow/dags/ETL_pipeline.py
[2026-03-18T11:52:05.853+0000] {processor.py:840} INFO - DAG(s) 'pipeline_ETL' retrieved from /opt/airflow/dags/ETL_pipeline.py
[2026-03-18T11:52:05.898+0000] {logging_mixin.py:188} INFO - [2026-03-18T11:52:05.898+0000] {dag.py:3036} INFO - Sync 1 DAGs
[2026-03-18T11:52:05.930+0000] {logging_mixin.py:188} INFO - [2026-03-18T11:52:05.930+0000] {dag.py:3823} INFO - Setting next_dagrun for pipeline_ETL to 2026-03-17 23:00:00+00:00, run_after=2026-03-18 23:00:00+00:00
[2026-03-18T11:52:05.975+0000] {processor.py:183} INFO - Processing /opt/airflow/dags/ETL_pipeline.py took 0.165 seconds
[2026-03-18T11:52:36.244+0000] {processor.py:161} INFO - Started process (PID=982) to work on /opt/airflow/dags/ETL_pipeline.py
[2026-03-18T11:52:36.246+0000] {processor.py:830} INFO - Processing file /opt/airflow/dags/ETL_pipeline.py for tasks to queue
[2026-03-18T11:52:36.248+0000] {logging_mixin.py:188} INFO - [2026-03-18T11:52:36.247+0000] {dagbag.py:538} INFO - Filling up the DagBag from /opt/airflow/dags/ETL_pipeline.py
[2026-03-18T11:52:36.284+0000] {processor.py:840} INFO - DAG(s) 'pipeline_ETL' retrieved from /opt/airflow/dags/ETL_pipeline.py
[2026-03-18T11:52:36.335+0000] {logging_mixin.py:188} INFO - [2026-03-18T11:52:36.334+0000] {dag.py:3036} INFO - Sync 1 DAGs
[2026-03-18T11:52:36.375+0000] {logging_mixin.py:188} INFO - [2026-03-18T11:52:36.375+0000] {dag.py:3823} INFO - Setting next_dagrun for pipeline_ETL to 2026-03-17 23:00:00+00:00, run_after=2026-03-18 23:00:00+00:00
[2026-03-18T11:52:36.433+0000] {processor.py:183} INFO - Processing /opt/airflow/dags/ETL_pipeline.py took 0.195 seconds
[2026-03-18T11:53:06.661+0000] {processor.py:161} INFO - Started process (PID=987) to work on /opt/airflow/dags/ETL_pipeline.py
[2026-03-18T11:53:06.663+0000] {processor.py:830} INFO - Processing file /opt/airflow/dags/ETL_pipeline.py for tasks to queue
[2026-03-18T11:53:06.664+0000] {logging_mixin.py:188} INFO - [2026-03-18T11:53:06.664+0000] {dagbag.py:538} INFO - Filling up the DagBag from /opt/airflow/dags/ETL_pipeline.py
[2026-03-18T11:53:06.704+0000] {processor.py:840} INFO - DAG(s) 'pipeline_ETL' retrieved from /opt/airflow/dags/ETL_pipeline.py
[2026-03-18T11:53:06.745+0000] {logging_mixin.py:188} INFO - [2026-03-18T11:53:06.744+0000] {dag.py:3036} INFO - Sync 1 DAGs
[2026-03-18T11:53:06.773+0000] {logging_mixin.py:188} INFO - [2026-03-18T11:53:06.773+0000] {dag.py:3823} INFO - Setting next_dagrun for pipeline_ETL to 2026-03-17 23:00:00+00:00, run_after=2026-03-18 23:00:00+00:00
[2026-03-18T11:53:06.820+0000] {processor.py:183} INFO - Processing /opt/airflow/dags/ETL_pipeline.py took 0.163 seconds
[2026-03-18T11:53:37.099+0000] {processor.py:161} INFO - Started process (PID=992) to work on /opt/airflow/dags/ETL_pipeline.py
[2026-03-18T11:53:37.100+0000] {processor.py:830} INFO - Processing file /opt/airflow/dags/ETL_pipeline.py for tasks to queue
[2026-03-18T11:53:37.102+0000] {logging_mixin.py:188} INFO - [2026-03-18T11:53:37.102+0000] {dagbag.py:538} INFO - Filling up the DagBag from /opt/airflow/dags/ETL_pipeline.py
[2026-03-18T11:53:37.139+0000] {processor.py:840} INFO - DAG(s) 'pipeline_ETL' retrieved from /opt/airflow/dags/ETL_pipeline.py
[2026-03-18T11:53:37.177+0000] {logging_mixin.py:188} INFO - [2026-03-18T11:53:37.177+0000] {dag.py:3036} INFO - Sync 1 DAGs
[2026-03-18T11:53:37.210+0000] {logging_mixin.py:188} INFO - [2026-03-18T11:53:37.209+0000] {dag.py:3823} INFO - Setting next_dagrun for pipeline_ETL to 2026-03-17 23:00:00+00:00, run_after=2026-03-18 23:00:00+00:00
[2026-03-18T11:53:37.256+0000] {processor.py:183} INFO - Processing /opt/airflow/dags/ETL_pipeline.py took 0.161 seconds
[2026-03-18T11:54:07.436+0000] {processor.py:161} INFO - Started process (PID=997) to work on /opt/airflow/dags/ETL_pipeline.py
[2026-03-18T11:54:07.437+0000] {processor.py:830} INFO - Processing file /opt/airflow/dags/ETL_pipeline.py for tasks to queue
[2026-03-18T11:54:07.439+0000] {logging_mixin.py:188} INFO - [2026-03-18T11:54:07.439+0000] {dagbag.py:538} INFO - Filling up the DagBag from /opt/airflow/dags/ETL_pipeline.py
[2026-03-18T11:54:07.473+0000] {processor.py:840} INFO - DAG(s) 'pipeline_ETL' retrieved from /opt/airflow/dags/ETL_pipeline.py
[2026-03-18T11:54:07.515+0000] {logging_mixin.py:188} INFO - [2026-03-18T11:54:07.515+0000] {dag.py:3036} INFO - Sync 1 DAGs
[2026-03-18T11:54:07.546+0000] {logging_mixin.py:188} INFO - [2026-03-18T11:54:07.546+0000] {dag.py:3823} INFO - Setting next_dagrun for pipeline_ETL to 2026-03-17 23:00:00+00:00, run_after=2026-03-18 23:00:00+00:00
[2026-03-18T11:54:07.591+0000] {processor.py:183} INFO - Processing /opt/airflow/dags/ETL_pipeline.py took 0.160 seconds
[2026-03-18T11:54:38.051+0000] {processor.py:161} INFO - Started process (PID=1002) to work on /opt/airflow/dags/ETL_pipeline.py
[2026-03-18T11:54:38.053+0000] {processor.py:830} INFO - Processing file /opt/airflow/dags/ETL_pipeline.py for tasks to queue
[2026-03-18T11:54:38.054+0000] {logging_mixin.py:188} INFO - [2026-03-18T11:54:38.054+0000] {dagbag.py:538} INFO - Filling up the DagBag from /opt/airflow/dags/ETL_pipeline.py
[2026-03-18T11:54:38.090+0000] {processor.py:840} INFO - DAG(s) 'pipeline_ETL' retrieved from /opt/airflow/dags/ETL_pipeline.py
[2026-03-18T11:54:38.137+0000] {logging_mixin.py:188} INFO - [2026-03-18T11:54:38.136+0000] {dag.py:3036} INFO - Sync 1 DAGs
[2026-03-18T11:54:38.170+0000] {logging_mixin.py:188} INFO - [2026-03-18T11:54:38.170+0000] {dag.py:3823} INFO - Setting next_dagrun for pipeline_ETL to 2026-03-17 23:00:00+00:00, run_after=2026-03-18 23:00:00+00:00
[2026-03-18T11:54:38.216+0000] {processor.py:183} INFO - Processing /opt/airflow/dags/ETL_pipeline.py took 0.168 seconds
[2026-03-18T11:55:08.316+0000] {processor.py:161} INFO - Started process (PID=1007) to work on /opt/airflow/dags/ETL_pipeline.py
[2026-03-18T11:55:08.319+0000] {processor.py:830} INFO - Processing file /opt/airflow/dags/ETL_pipeline.py for tasks to queue
[2026-03-18T11:55:08.320+0000] {logging_mixin.py:188} INFO - [2026-03-18T11:55:08.320+0000] {dagbag.py:538} INFO - Filling up the DagBag from /opt/airflow/dags/ETL_pipeline.py
[2026-03-18T11:55:08.358+0000] {processor.py:840} INFO - DAG(s) 'pipeline_ETL' retrieved from /opt/airflow/dags/ETL_pipeline.py
[2026-03-18T11:55:08.401+0000] {logging_mixin.py:188} INFO - [2026-03-18T11:55:08.400+0000] {dag.py:3036} INFO - Sync 1 DAGs
[2026-03-18T11:55:08.430+0000] {logging_mixin.py:188} INFO - [2026-03-18T11:55:08.430+0000] {dag.py:3823} INFO - Setting next_dagrun for pipeline_ETL to 2026-03-17 23:00:00+00:00, run_after=2026-03-18 23:00:00+00:00
[2026-03-18T11:55:08.474+0000] {processor.py:183} INFO - Processing /opt/airflow/dags/ETL_pipeline.py took 0.164 seconds
[2026-03-18T11:55:38.845+0000] {processor.py:161} INFO - Started process (PID=1012) to work on /opt/airflow/dags/ETL_pipeline.py
[2026-03-18T11:55:38.846+0000] {processor.py:830} INFO - Processing file /opt/airflow/dags/ETL_pipeline.py for tasks to queue
[2026-03-18T11:55:38.848+0000] {logging_mixin.py:188} INFO - [2026-03-18T11:55:38.847+0000] {dagbag.py:538} INFO - Filling up the DagBag from /opt/airflow/dags/ETL_pipeline.py
[2026-03-18T11:55:38.883+0000] {processor.py:840} INFO - DAG(s) 'pipeline_ETL' retrieved from /opt/airflow/dags/ETL_pipeline.py
[2026-03-18T11:55:38.923+0000] {logging_mixin.py:188} INFO - [2026-03-18T11:55:38.923+0000] {dag.py:3036} INFO - Sync 1 DAGs
[2026-03-18T11:55:38.951+0000] {logging_mixin.py:188} INFO - [2026-03-18T11:55:38.950+0000] {dag.py:3823} INFO - Setting next_dagrun for pipeline_ETL to 2026-03-17 23:00:00+00:00, run_after=2026-03-18 23:00:00+00:00
[2026-03-18T11:55:38.999+0000] {processor.py:183} INFO - Processing /opt/airflow/dags/ETL_pipeline.py took 0.158 seconds
[2026-03-18T11:56:09.273+0000] {processor.py:161} INFO - Started process (PID=1017) to work on /opt/airflow/dags/ETL_pipeline.py
[2026-03-18T11:56:09.276+0000] {processor.py:830} INFO - Processing file /opt/airflow/dags/ETL_pipeline.py for tasks to queue
[2026-03-18T11:56:09.279+0000] {logging_mixin.py:188} INFO - [2026-03-18T11:56:09.278+0000] {dagbag.py:538} INFO - Filling up the DagBag from /opt/airflow/dags/ETL_pipeline.py
[2026-03-18T11:56:09.332+0000] {processor.py:840} INFO - DAG(s) 'pipeline_ETL' retrieved from /opt/airflow/dags/ETL_pipeline.py
[2026-03-18T11:56:09.411+0000] {logging_mixin.py:188} INFO - [2026-03-18T11:56:09.411+0000] {dag.py:3036} INFO - Sync 1 DAGs
[2026-03-18T11:56:09.465+0000] {logging_mixin.py:188} INFO - [2026-03-18T11:56:09.465+0000] {dag.py:3823} INFO - Setting next_dagrun for pipeline_ETL to 2026-03-17 23:00:00+00:00, run_after=2026-03-18 23:00:00+00:00
[2026-03-18T11:56:09.533+0000] {processor.py:183} INFO - Processing /opt/airflow/dags/ETL_pipeline.py took 0.279 seconds
[2026-03-18T11:56:39.682+0000] {processor.py:161} INFO - Started process (PID=1022) to work on /opt/airflow/dags/ETL_pipeline.py
[2026-03-18T11:56:39.684+0000] {processor.py:830} INFO - Processing file /opt/airflow/dags/ETL_pipeline.py for tasks to queue
[2026-03-18T11:56:39.685+0000] {logging_mixin.py:188} INFO - [2026-03-18T11:56:39.685+0000] {dagbag.py:538} INFO - Filling up the DagBag from /opt/airflow/dags/ETL_pipeline.py
[2026-03-18T11:56:39.721+0000] {processor.py:840} INFO - DAG(s) 'pipeline_ETL' retrieved from /opt/airflow/dags/ETL_pipeline.py
[2026-03-18T11:56:39.768+0000] {logging_mixin.py:188} INFO - [2026-03-18T11:56:39.768+0000] {dag.py:3036} INFO - Sync 1 DAGs
[2026-03-18T11:56:39.799+0000] {logging_mixin.py:188} INFO - [2026-03-18T11:56:39.799+0000] {dag.py:3823} INFO - Setting next_dagrun for pipeline_ETL to 2026-03-17 23:00:00+00:00, run_after=2026-03-18 23:00:00+00:00
[2026-03-18T11:56:39.845+0000] {processor.py:183} INFO - Processing /opt/airflow/dags/ETL_pipeline.py took 0.168 seconds
[2026-03-18T11:57:09.956+0000] {processor.py:161} INFO - Started process (PID=1027) to work on /opt/airflow/dags/ETL_pipeline.py
[2026-03-18T11:57:09.962+0000] {processor.py:830} INFO - Processing file /opt/airflow/dags/ETL_pipeline.py for tasks to queue
[2026-03-18T11:57:09.965+0000] {logging_mixin.py:188} INFO - [2026-03-18T11:57:09.964+0000] {dagbag.py:538} INFO - Filling up the DagBag from /opt/airflow/dags/ETL_pipeline.py
[2026-03-18T11:57:10.005+0000] {processor.py:840} INFO - DAG(s) 'pipeline_ETL' retrieved from /opt/airflow/dags/ETL_pipeline.py
[2026-03-18T11:57:10.050+0000] {logging_mixin.py:188} INFO - [2026-03-18T11:57:10.050+0000] {dag.py:3036} INFO - Sync 1 DAGs
[2026-03-18T11:57:10.080+0000] {logging_mixin.py:188} INFO - [2026-03-18T11:57:10.080+0000] {dag.py:3823} INFO - Setting next_dagrun for pipeline_ETL to 2026-03-17 23:00:00+00:00, run_after=2026-03-18 23:00:00+00:00
[2026-03-18T11:57:10.128+0000] {processor.py:183} INFO - Processing /opt/airflow/dags/ETL_pipeline.py took 0.182 seconds
[2026-03-18T11:57:40.427+0000] {processor.py:161} INFO - Started process (PID=1032) to work on /opt/airflow/dags/ETL_pipeline.py
[2026-03-18T11:57:40.430+0000] {processor.py:830} INFO - Processing file /opt/airflow/dags/ETL_pipeline.py for tasks to queue
[2026-03-18T11:57:40.432+0000] {logging_mixin.py:188} INFO - [2026-03-18T11:57:40.431+0000] {dagbag.py:538} INFO - Filling up the DagBag from /opt/airflow/dags/ETL_pipeline.py
[2026-03-18T11:57:40.467+0000] {processor.py:840} INFO - DAG(s) 'pipeline_ETL' retrieved from /opt/airflow/dags/ETL_pipeline.py
[2026-03-18T11:57:40.506+0000] {logging_mixin.py:188} INFO - [2026-03-18T11:57:40.505+0000] {dag.py:3036} INFO - Sync 1 DAGs
[2026-03-18T11:57:40.540+0000] {logging_mixin.py:188} INFO - [2026-03-18T11:57:40.540+0000] {dag.py:3823} INFO - Setting next_dagrun for pipeline_ETL to 2026-03-17 23:00:00+00:00, run_after=2026-03-18 23:00:00+00:00
[2026-03-18T11:57:40.588+0000] {processor.py:183} INFO - Processing /opt/airflow/dags/ETL_pipeline.py took 0.166 seconds
[2026-03-18T11:58:10.834+0000] {processor.py:161} INFO - Started process (PID=1037) to work on /opt/airflow/dags/ETL_pipeline.py
[2026-03-18T11:58:10.836+0000] {processor.py:830} INFO - Processing file /opt/airflow/dags/ETL_pipeline.py for tasks to queue
[2026-03-18T11:58:10.838+0000] {logging_mixin.py:188} INFO - [2026-03-18T11:58:10.837+0000] {dagbag.py:538} INFO - Filling up the DagBag from /opt/airflow/dags/ETL_pipeline.py
[2026-03-18T11:58:10.877+0000] {processor.py:840} INFO - DAG(s) 'pipeline_ETL' retrieved from /opt/airflow/dags/ETL_pipeline.py
[2026-03-18T11:58:10.930+0000] {logging_mixin.py:188} INFO - [2026-03-18T11:58:10.930+0000] {dag.py:3036} INFO - Sync 1 DAGs
[2026-03-18T11:58:10.960+0000] {logging_mixin.py:188} INFO - [2026-03-18T11:58:10.960+0000] {dag.py:3823} INFO - Setting next_dagrun for pipeline_ETL to 2026-03-17 23:00:00+00:00, run_after=2026-03-18 23:00:00+00:00
[2026-03-18T11:58:11.006+0000] {processor.py:183} INFO - Processing /opt/airflow/dags/ETL_pipeline.py took 0.176 seconds
[2026-03-18T11:58:41.268+0000] {processor.py:161} INFO - Started process (PID=1042) to work on /opt/airflow/dags/ETL_pipeline.py
[2026-03-18T11:58:41.269+0000] {processor.py:830} INFO - Processing file /opt/airflow/dags/ETL_pipeline.py for tasks to queue
[2026-03-18T11:58:41.271+0000] {logging_mixin.py:188} INFO - [2026-03-18T11:58:41.271+0000] {dagbag.py:538} INFO - Filling up the DagBag from /opt/airflow/dags/ETL_pipeline.py
[2026-03-18T11:58:41.308+0000] {processor.py:840} INFO - DAG(s) 'pipeline_ETL' retrieved from /opt/airflow/dags/ETL_pipeline.py
[2026-03-18T11:58:41.349+0000] {logging_mixin.py:188} INFO - [2026-03-18T11:58:41.348+0000] {dag.py:3036} INFO - Sync 1 DAGs
[2026-03-18T11:58:41.383+0000] {logging_mixin.py:188} INFO - [2026-03-18T11:58:41.382+0000] {dag.py:3823} INFO - Setting next_dagrun for pipeline_ETL to 2026-03-17 23:00:00+00:00, run_after=2026-03-18 23:00:00+00:00
[2026-03-18T11:58:41.431+0000] {processor.py:183} INFO - Processing /opt/airflow/dags/ETL_pipeline.py took 0.168 seconds
[2026-03-18T11:59:11.604+0000] {processor.py:161} INFO - Started process (PID=1047) to work on /opt/airflow/dags/ETL_pipeline.py
[2026-03-18T11:59:11.606+0000] {processor.py:830} INFO - Processing file /opt/airflow/dags/ETL_pipeline.py for tasks to queue
[2026-03-18T11:59:11.609+0000] {logging_mixin.py:188} INFO - [2026-03-18T11:59:11.608+0000] {dagbag.py:538} INFO - Filling up the DagBag from /opt/airflow/dags/ETL_pipeline.py
[2026-03-18T11:59:11.654+0000] {processor.py:840} INFO - DAG(s) 'pipeline_ETL' retrieved from /opt/airflow/dags/ETL_pipeline.py
[2026-03-18T11:59:11.703+0000] {logging_mixin.py:188} INFO - [2026-03-18T11:59:11.702+0000] {dag.py:3036} INFO - Sync 1 DAGs
[2026-03-18T11:59:11.738+0000] {logging_mixin.py:188} INFO - [2026-03-18T11:59:11.737+0000] {dag.py:3823} INFO - Setting next_dagrun for pipeline_ETL to 2026-03-17 23:00:00+00:00, run_after=2026-03-18 23:00:00+00:00
[2026-03-18T11:59:11.788+0000] {processor.py:183} INFO - Processing /opt/airflow/dags/ETL_pipeline.py took 0.190 seconds
[2026-03-18T11:59:42.193+0000] {processor.py:161} INFO - Started process (PID=1052) to work on /opt/airflow/dags/ETL_pipeline.py
[2026-03-18T11:59:42.195+0000] {processor.py:830} INFO - Processing file /opt/airflow/dags/ETL_pipeline.py for tasks to queue
[2026-03-18T11:59:42.197+0000] {logging_mixin.py:188} INFO - [2026-03-18T11:59:42.196+0000] {dagbag.py:538} INFO - Filling up the DagBag from /opt/airflow/dags/ETL_pipeline.py
[2026-03-18T11:59:42.232+0000] {processor.py:840} INFO - DAG(s) 'pipeline_ETL' retrieved from /opt/airflow/dags/ETL_pipeline.py
[2026-03-18T11:59:42.305+0000] {logging_mixin.py:188} INFO - [2026-03-18T11:59:42.305+0000] {dag.py:3036} INFO - Sync 1 DAGs
[2026-03-18T11:59:42.338+0000] {logging_mixin.py:188} INFO - [2026-03-18T11:59:42.337+0000] {dag.py:3823} INFO - Setting next_dagrun for pipeline_ETL to 2026-03-17 23:00:00+00:00, run_after=2026-03-18 23:00:00+00:00
[2026-03-18T11:59:42.453+0000] {processor.py:183} INFO - Processing /opt/airflow/dags/ETL_pipeline.py took 0.264 seconds
[2026-03-18T12:00:12.867+0000] {processor.py:161} INFO - Started process (PID=1057) to work on /opt/airflow/dags/ETL_pipeline.py
[2026-03-18T12:00:12.870+0000] {processor.py:830} INFO - Processing file /opt/airflow/dags/ETL_pipeline.py for tasks to queue
[2026-03-18T12:00:12.872+0000] {logging_mixin.py:188} INFO - [2026-03-18T12:00:12.872+0000] {dagbag.py:538} INFO - Filling up the DagBag from /opt/airflow/dags/ETL_pipeline.py
[2026-03-18T12:00:12.920+0000] {processor.py:840} INFO - DAG(s) 'pipeline_ETL' retrieved from /opt/airflow/dags/ETL_pipeline.py
[2026-03-18T12:00:12.980+0000] {logging_mixin.py:188} INFO - [2026-03-18T12:00:12.980+0000] {dag.py:3036} INFO - Sync 1 DAGs
[2026-03-18T12:00:13.017+0000] {logging_mixin.py:188} INFO - [2026-03-18T12:00:13.016+0000] {dag.py:3823} INFO - Setting next_dagrun for pipeline_ETL to 2026-03-17 23:00:00+00:00, run_after=2026-03-18 23:00:00+00:00
[2026-03-18T12:00:13.070+0000] {processor.py:183} INFO - Processing /opt/airflow/dags/ETL_pipeline.py took 0.210 seconds
[2026-03-18T12:00:43.422+0000] {processor.py:161} INFO - Started process (PID=1062) to work on /opt/airflow/dags/ETL_pipeline.py
[2026-03-18T12:00:43.423+0000] {processor.py:830} INFO - Processing file /opt/airflow/dags/ETL_pipeline.py for tasks to queue
[2026-03-18T12:00:43.425+0000] {logging_mixin.py:188} INFO - [2026-03-18T12:00:43.424+0000] {dagbag.py:538} INFO - Filling up the DagBag from /opt/airflow/dags/ETL_pipeline.py
[2026-03-18T12:00:43.461+0000] {processor.py:840} INFO - DAG(s) 'pipeline_ETL' retrieved from /opt/airflow/dags/ETL_pipeline.py
[2026-03-18T12:00:43.501+0000] {logging_mixin.py:188} INFO - [2026-03-18T12:00:43.501+0000] {dag.py:3036} INFO - Sync 1 DAGs
[2026-03-18T12:00:43.535+0000] {logging_mixin.py:188} INFO - [2026-03-18T12:00:43.534+0000] {dag.py:3823} INFO - Setting next_dagrun for pipeline_ETL to 2026-03-17 23:00:00+00:00, run_after=2026-03-18 23:00:00+00:00
[2026-03-18T12:00:43.582+0000] {processor.py:183} INFO - Processing /opt/airflow/dags/ETL_pipeline.py took 0.165 seconds
[2026-03-18T12:01:13.782+0000] {processor.py:161} INFO - Started process (PID=1067) to work on /opt/airflow/dags/ETL_pipeline.py
[2026-03-18T12:01:13.784+0000] {processor.py:830} INFO - Processing file /opt/airflow/dags/ETL_pipeline.py for tasks to queue
[2026-03-18T12:01:13.785+0000] {logging_mixin.py:188} INFO - [2026-03-18T12:01:13.785+0000] {dagbag.py:538} INFO - Filling up the DagBag from /opt/airflow/dags/ETL_pipeline.py
[2026-03-18T12:01:13.818+0000] {processor.py:840} INFO - DAG(s) 'pipeline_ETL' retrieved from /opt/airflow/dags/ETL_pipeline.py
[2026-03-18T12:01:13.858+0000] {logging_mixin.py:188} INFO - [2026-03-18T12:01:13.857+0000] {dag.py:3036} INFO - Sync 1 DAGs
[2026-03-18T12:01:13.887+0000] {logging_mixin.py:188} INFO - [2026-03-18T12:01:13.887+0000] {dag.py:3823} INFO - Setting next_dagrun for pipeline_ETL to 2026-03-17 23:00:00+00:00, run_after=2026-03-18 23:00:00+00:00
[2026-03-18T12:01:13.935+0000] {processor.py:183} INFO - Processing /opt/airflow/dags/ETL_pipeline.py took 0.158 seconds
[2026-03-18T12:01:44.283+0000] {processor.py:161} INFO - Started process (PID=1072) to work on /opt/airflow/dags/ETL_pipeline.py
[2026-03-18T12:01:44.286+0000] {processor.py:830} INFO - Processing file /opt/airflow/dags/ETL_pipeline.py for tasks to queue
[2026-03-18T12:01:44.288+0000] {logging_mixin.py:188} INFO - [2026-03-18T12:01:44.287+0000] {dagbag.py:538} INFO - Filling up the DagBag from /opt/airflow/dags/ETL_pipeline.py
[2026-03-18T12:01:44.330+0000] {processor.py:840} INFO - DAG(s) 'pipeline_ETL' retrieved from /opt/airflow/dags/ETL_pipeline.py
[2026-03-18T12:01:44.390+0000] {logging_mixin.py:188} INFO - [2026-03-18T12:01:44.390+0000] {dag.py:3036} INFO - Sync 1 DAGs
[2026-03-18T12:01:44.427+0000] {logging_mixin.py:188} INFO - [2026-03-18T12:01:44.427+0000] {dag.py:3823} INFO - Setting next_dagrun for pipeline_ETL to 2026-03-17 23:00:00+00:00, run_after=2026-03-18 23:00:00+00:00
[2026-03-18T12:01:44.478+0000] {processor.py:183} INFO - Processing /opt/airflow/dags/ETL_pipeline.py took 0.199 seconds
[2026-03-18T12:02:14.652+0000] {processor.py:161} INFO - Started process (PID=1077) to work on /opt/airflow/dags/ETL_pipeline.py
[2026-03-18T12:02:14.656+0000] {processor.py:830} INFO - Processing file /opt/airflow/dags/ETL_pipeline.py for tasks to queue
[2026-03-18T12:02:14.660+0000] {logging_mixin.py:188} INFO - [2026-03-18T12:02:14.659+0000] {dagbag.py:538} INFO - Filling up the DagBag from /opt/airflow/dags/ETL_pipeline.py
[2026-03-18T12:02:14.703+0000] {processor.py:840} INFO - DAG(s) 'pipeline_ETL' retrieved from /opt/airflow/dags/ETL_pipeline.py
[2026-03-18T12:02:14.744+0000] {logging_mixin.py:188} INFO - [2026-03-18T12:02:14.744+0000] {dag.py:3036} INFO - Sync 1 DAGs
[2026-03-18T12:02:14.774+0000] {logging_mixin.py:188} INFO - [2026-03-18T12:02:14.774+0000] {dag.py:3823} INFO - Setting next_dagrun for pipeline_ETL to 2026-03-17 23:00:00+00:00, run_after=2026-03-18 23:00:00+00:00
[2026-03-18T12:02:14.819+0000] {processor.py:183} INFO - Processing /opt/airflow/dags/ETL_pipeline.py took 0.181 seconds
[2026-03-18T12:02:45.105+0000] {processor.py:161} INFO - Started process (PID=1082) to work on /opt/airflow/dags/ETL_pipeline.py
[2026-03-18T12:02:45.107+0000] {processor.py:830} INFO - Processing file /opt/airflow/dags/ETL_pipeline.py for tasks to queue
[2026-03-18T12:02:45.109+0000] {logging_mixin.py:188} INFO - [2026-03-18T12:02:45.108+0000] {dagbag.py:538} INFO - Filling up the DagBag from /opt/airflow/dags/ETL_pipeline.py
[2026-03-18T12:02:45.145+0000] {processor.py:840} INFO - DAG(s) 'pipeline_ETL' retrieved from /opt/airflow/dags/ETL_pipeline.py
[2026-03-18T12:02:45.182+0000] {logging_mixin.py:188} INFO - [2026-03-18T12:02:45.181+0000] {dag.py:3036} INFO - Sync 1 DAGs
[2026-03-18T12:02:45.213+0000] {logging_mixin.py:188} INFO - [2026-03-18T12:02:45.212+0000] {dag.py:3823} INFO - Setting next_dagrun for pipeline_ETL to 2026-03-17 23:00:00+00:00, run_after=2026-03-18 23:00:00+00:00
[2026-03-18T12:02:45.280+0000] {processor.py:183} INFO - Processing /opt/airflow/dags/ETL_pipeline.py took 0.180 seconds
[2026-03-18T12:03:15.506+0000] {processor.py:161} INFO - Started process (PID=1087) to work on /opt/airflow/dags/ETL_pipeline.py
[2026-03-18T12:03:15.508+0000] {processor.py:830} INFO - Processing file /opt/airflow/dags/ETL_pipeline.py for tasks to queue
[2026-03-18T12:03:15.510+0000] {logging_mixin.py:188} INFO - [2026-03-18T12:03:15.509+0000] {dagbag.py:538} INFO - Filling up the DagBag from /opt/airflow/dags/ETL_pipeline.py
[2026-03-18T12:03:15.545+0000] {processor.py:840} INFO - DAG(s) 'pipeline_ETL' retrieved from /opt/airflow/dags/ETL_pipeline.py
[2026-03-18T12:03:15.584+0000] {logging_mixin.py:188} INFO - [2026-03-18T12:03:15.583+0000] {dag.py:3036} INFO - Sync 1 DAGs
[2026-03-18T12:03:15.619+0000] {logging_mixin.py:188} INFO - [2026-03-18T12:03:15.619+0000] {dag.py:3823} INFO - Setting next_dagrun for pipeline_ETL to 2026-03-17 23:00:00+00:00, run_after=2026-03-18 23:00:00+00:00
[2026-03-18T12:03:15.668+0000] {processor.py:183} INFO - Processing /opt/airflow/dags/ETL_pipeline.py took 0.166 seconds
[2026-03-18T12:03:45.978+0000] {processor.py:161} INFO - Started process (PID=1092) to work on /opt/airflow/dags/ETL_pipeline.py
[2026-03-18T12:03:45.979+0000] {processor.py:830} INFO - Processing file /opt/airflow/dags/ETL_pipeline.py for tasks to queue
[2026-03-18T12:03:45.980+0000] {logging_mixin.py:188} INFO - [2026-03-18T12:03:45.980+0000] {dagbag.py:538} INFO - Filling up the DagBag from /opt/airflow/dags/ETL_pipeline.py
[2026-03-18T12:03:46.012+0000] {processor.py:840} INFO - DAG(s) 'pipeline_ETL' retrieved from /opt/airflow/dags/ETL_pipeline.py
[2026-03-18T12:03:46.050+0000] {logging_mixin.py:188} INFO - [2026-03-18T12:03:46.049+0000] {dag.py:3036} INFO - Sync 1 DAGs
[2026-03-18T12:03:46.084+0000] {logging_mixin.py:188} INFO - [2026-03-18T12:03:46.084+0000] {dag.py:3823} INFO - Setting next_dagrun for pipeline_ETL to 2026-03-17 23:00:00+00:00, run_after=2026-03-18 23:00:00+00:00
[2026-03-18T12:03:46.129+0000] {processor.py:183} INFO - Processing /opt/airflow/dags/ETL_pipeline.py took 0.155 seconds
[2026-03-18T12:04:16.339+0000] {processor.py:161} INFO - Started process (PID=1097) to work on /opt/airflow/dags/ETL_pipeline.py
[2026-03-18T12:04:16.341+0000] {processor.py:830} INFO - Processing file /opt/airflow/dags/ETL_pipeline.py for tasks to queue
[2026-03-18T12:04:16.342+0000] {logging_mixin.py:188} INFO - [2026-03-18T12:04:16.342+0000] {dagbag.py:538} INFO - Filling up the DagBag from /opt/airflow/dags/ETL_pipeline.py
[2026-03-18T12:04:16.379+0000] {processor.py:840} INFO - DAG(s) 'pipeline_ETL' retrieved from /opt/airflow/dags/ETL_pipeline.py
[2026-03-18T12:04:16.423+0000] {logging_mixin.py:188} INFO - [2026-03-18T12:04:16.422+0000] {dag.py:3036} INFO - Sync 1 DAGs
[2026-03-18T12:04:16.452+0000] {logging_mixin.py:188} INFO - [2026-03-18T12:04:16.452+0000] {dag.py:3823} INFO - Setting next_dagrun for pipeline_ETL to 2026-03-17 23:00:00+00:00, run_after=2026-03-18 23:00:00+00:00
[2026-03-18T12:04:16.507+0000] {processor.py:183} INFO - Processing /opt/airflow/dags/ETL_pipeline.py took 0.173 seconds
[2026-03-18T12:04:46.805+0000] {processor.py:161} INFO - Started process (PID=1102) to work on /opt/airflow/dags/ETL_pipeline.py
[2026-03-18T12:04:46.807+0000] {processor.py:830} INFO - Processing file /opt/airflow/dags/ETL_pipeline.py for tasks to queue
[2026-03-18T12:04:46.810+0000] {logging_mixin.py:188} INFO - [2026-03-18T12:04:46.809+0000] {dagbag.py:538} INFO - Filling up the DagBag from /opt/airflow/dags/ETL_pipeline.py
[2026-03-18T12:04:46.880+0000] {processor.py:840} INFO - DAG(s) 'pipeline_ETL' retrieved from /opt/airflow/dags/ETL_pipeline.py
[2026-03-18T12:04:46.988+0000] {logging_mixin.py:188} INFO - [2026-03-18T12:04:46.988+0000] {dag.py:3036} INFO - Sync 1 DAGs
[2026-03-18T12:04:47.054+0000] {logging_mixin.py:188} INFO - [2026-03-18T12:04:47.053+0000] {dag.py:3823} INFO - Setting next_dagrun for pipeline_ETL to 2026-03-17 23:00:00+00:00, run_after=2026-03-18 23:00:00+00:00
[2026-03-18T12:04:47.124+0000] {processor.py:183} INFO - Processing /opt/airflow/dags/ETL_pipeline.py took 0.329 seconds
[2026-03-18T12:05:17.436+0000] {processor.py:161} INFO - Started process (PID=1107) to work on /opt/airflow/dags/ETL_pipeline.py
[2026-03-18T12:05:17.439+0000] {processor.py:830} INFO - Processing file /opt/airflow/dags/ETL_pipeline.py for tasks to queue
[2026-03-18T12:05:17.441+0000] {logging_mixin.py:188} INFO - [2026-03-18T12:05:17.441+0000] {dagbag.py:538} INFO - Filling up the DagBag from /opt/airflow/dags/ETL_pipeline.py
[2026-03-18T12:05:17.501+0000] {processor.py:840} INFO - DAG(s) 'pipeline_ETL' retrieved from /opt/airflow/dags/ETL_pipeline.py
[2026-03-18T12:05:17.576+0000] {logging_mixin.py:188} INFO - [2026-03-18T12:05:17.576+0000] {dag.py:3036} INFO - Sync 1 DAGs
[2026-03-18T12:05:17.647+0000] {logging_mixin.py:188} INFO - [2026-03-18T12:05:17.646+0000] {dag.py:3823} INFO - Setting next_dagrun for pipeline_ETL to 2026-03-17 23:00:00+00:00, run_after=2026-03-18 23:00:00+00:00
[2026-03-18T12:05:17.721+0000] {processor.py:183} INFO - Processing /opt/airflow/dags/ETL_pipeline.py took 0.292 seconds
[2026-03-18T12:05:48.002+0000] {processor.py:161} INFO - Started process (PID=1112) to work on /opt/airflow/dags/ETL_pipeline.py
[2026-03-18T12:05:48.006+0000] {processor.py:830} INFO - Processing file /opt/airflow/dags/ETL_pipeline.py for tasks to queue
[2026-03-18T12:05:48.010+0000] {logging_mixin.py:188} INFO - [2026-03-18T12:05:48.009+0000] {dagbag.py:538} INFO - Filling up the DagBag from /opt/airflow/dags/ETL_pipeline.py
[2026-03-18T12:05:48.082+0000] {processor.py:840} INFO - DAG(s) 'pipeline_ETL' retrieved from /opt/airflow/dags/ETL_pipeline.py
[2026-03-18T12:05:48.202+0000] {logging_mixin.py:188} INFO - [2026-03-18T12:05:48.201+0000] {dag.py:3036} INFO - Sync 1 DAGs
[2026-03-18T12:05:48.301+0000] {logging_mixin.py:188} INFO - [2026-03-18T12:05:48.300+0000] {dag.py:3823} INFO - Setting next_dagrun for pipeline_ETL to 2026-03-17 23:00:00+00:00, run_after=2026-03-18 23:00:00+00:00
[2026-03-18T12:05:48.415+0000] {processor.py:183} INFO - Processing /opt/airflow/dags/ETL_pipeline.py took 0.428 seconds
[2026-03-18T12:06:18.547+0000] {processor.py:161} INFO - Started process (PID=1117) to work on /opt/airflow/dags/ETL_pipeline.py
[2026-03-18T12:06:18.552+0000] {processor.py:830} INFO - Processing file /opt/airflow/dags/ETL_pipeline.py for tasks to queue
[2026-03-18T12:06:18.557+0000] {logging_mixin.py:188} INFO - [2026-03-18T12:06:18.556+0000] {dagbag.py:538} INFO - Filling up the DagBag from /opt/airflow/dags/ETL_pipeline.py
[2026-03-18T12:06:18.656+0000] {processor.py:840} INFO - DAG(s) 'pipeline_ETL' retrieved from /opt/airflow/dags/ETL_pipeline.py
[2026-03-18T12:06:18.731+0000] {logging_mixin.py:188} INFO - [2026-03-18T12:06:18.730+0000] {dag.py:3036} INFO - Sync 1 DAGs
[2026-03-18T12:06:18.778+0000] {logging_mixin.py:188} INFO - [2026-03-18T12:06:18.778+0000] {dag.py:3823} INFO - Setting next_dagrun for pipeline_ETL to 2026-03-17 23:00:00+00:00, run_after=2026-03-18 23:00:00+00:00
[2026-03-18T12:06:18.836+0000] {processor.py:183} INFO - Processing /opt/airflow/dags/ETL_pipeline.py took 0.303 seconds
[2026-03-18T12:06:49.697+0000] {processor.py:161} INFO - Started process (PID=1122) to work on /opt/airflow/dags/ETL_pipeline.py
[2026-03-18T12:06:49.718+0000] {processor.py:830} INFO - Processing file /opt/airflow/dags/ETL_pipeline.py for tasks to queue
[2026-03-18T12:06:49.760+0000] {logging_mixin.py:188} INFO - [2026-03-18T12:06:49.758+0000] {dagbag.py:538} INFO - Filling up the DagBag from /opt/airflow/dags/ETL_pipeline.py
[2026-03-18T12:06:50.074+0000] {processor.py:840} INFO - DAG(s) 'pipeline_ETL' retrieved from /opt/airflow/dags/ETL_pipeline.py
[2026-03-18T12:06:50.416+0000] {logging_mixin.py:188} INFO - [2026-03-18T12:06:50.404+0000] {dag.py:3036} INFO - Sync 1 DAGs
[2026-03-18T12:06:50.751+0000] {logging_mixin.py:188} INFO - [2026-03-18T12:06:50.750+0000] {dag.py:3823} INFO - Setting next_dagrun for pipeline_ETL to 2026-03-17 23:00:00+00:00, run_after=2026-03-18 23:00:00+00:00
[2026-03-18T12:06:50.972+0000] {processor.py:183} INFO - Processing /opt/airflow/dags/ETL_pipeline.py took 1.304 seconds
[2026-03-18T12:07:21.459+0000] {processor.py:161} INFO - Started process (PID=1127) to work on /opt/airflow/dags/ETL_pipeline.py
[2026-03-18T12:07:21.461+0000] {processor.py:830} INFO - Processing file /opt/airflow/dags/ETL_pipeline.py for tasks to queue
[2026-03-18T12:07:21.462+0000] {logging_mixin.py:188} INFO - [2026-03-18T12:07:21.462+0000] {dagbag.py:538} INFO - Filling up the DagBag from /opt/airflow/dags/ETL_pipeline.py
[2026-03-18T12:07:21.506+0000] {processor.py:840} INFO - DAG(s) 'pipeline_ETL' retrieved from /opt/airflow/dags/ETL_pipeline.py
[2026-03-18T12:07:21.551+0000] {logging_mixin.py:188} INFO - [2026-03-18T12:07:21.551+0000] {dag.py:3036} INFO - Sync 1 DAGs
[2026-03-18T12:07:21.581+0000] {logging_mixin.py:188} INFO - [2026-03-18T12:07:21.580+0000] {dag.py:3823} INFO - Setting next_dagrun for pipeline_ETL to 2026-03-17 23:00:00+00:00, run_after=2026-03-18 23:00:00+00:00
[2026-03-18T12:07:21.643+0000] {processor.py:183} INFO - Processing /opt/airflow/dags/ETL_pipeline.py took 0.190 seconds
[2026-03-18T12:07:51.805+0000] {processor.py:161} INFO - Started process (PID=1132) to work on /opt/airflow/dags/ETL_pipeline.py
[2026-03-18T12:07:51.808+0000] {processor.py:830} INFO - Processing file /opt/airflow/dags/ETL_pipeline.py for tasks to queue
[2026-03-18T12:07:51.811+0000] {logging_mixin.py:188} INFO - [2026-03-18T12:07:51.810+0000] {dagbag.py:538} INFO - Filling up the DagBag from /opt/airflow/dags/ETL_pipeline.py
[2026-03-18T12:07:51.871+0000] {processor.py:840} INFO - DAG(s) 'pipeline_ETL' retrieved from /opt/airflow/dags/ETL_pipeline.py
[2026-03-18T12:07:51.931+0000] {logging_mixin.py:188} INFO - [2026-03-18T12:07:51.930+0000] {dag.py:3036} INFO - Sync 1 DAGs
[2026-03-18T12:07:51.978+0000] {logging_mixin.py:188} INFO - [2026-03-18T12:07:51.977+0000] {dag.py:3823} INFO - Setting next_dagrun for pipeline_ETL to 2026-03-17 23:00:00+00:00, run_after=2026-03-18 23:00:00+00:00
[2026-03-18T12:07:52.030+0000] {processor.py:183} INFO - Processing /opt/airflow/dags/ETL_pipeline.py took 0.231 seconds
[2026-03-18T12:08:22.348+0000] {processor.py:161} INFO - Started process (PID=1137) to work on /opt/airflow/dags/ETL_pipeline.py
[2026-03-18T12:08:22.350+0000] {processor.py:830} INFO - Processing file /opt/airflow/dags/ETL_pipeline.py for tasks to queue
[2026-03-18T12:08:22.352+0000] {logging_mixin.py:188} INFO - [2026-03-18T12:08:22.351+0000] {dagbag.py:538} INFO - Filling up the DagBag from /opt/airflow/dags/ETL_pipeline.py
[2026-03-18T12:08:22.412+0000] {processor.py:840} INFO - DAG(s) 'pipeline_ETL' retrieved from /opt/airflow/dags/ETL_pipeline.py
[2026-03-18T12:08:22.463+0000] {logging_mixin.py:188} INFO - [2026-03-18T12:08:22.463+0000] {dag.py:3036} INFO - Sync 1 DAGs
[2026-03-18T12:08:22.496+0000] {logging_mixin.py:188} INFO - [2026-03-18T12:08:22.495+0000] {dag.py:3823} INFO - Setting next_dagrun for pipeline_ETL to 2026-03-17 23:00:00+00:00, run_after=2026-03-18 23:00:00+00:00
[2026-03-18T12:08:22.544+0000] {processor.py:183} INFO - Processing /opt/airflow/dags/ETL_pipeline.py took 0.200 seconds
[2026-03-18T12:08:52.686+0000] {processor.py:161} INFO - Started process (PID=1142) to work on /opt/airflow/dags/ETL_pipeline.py
[2026-03-18T12:08:52.688+0000] {processor.py:830} INFO - Processing file /opt/airflow/dags/ETL_pipeline.py for tasks to queue
[2026-03-18T12:08:52.689+0000] {logging_mixin.py:188} INFO - [2026-03-18T12:08:52.689+0000] {dagbag.py:538} INFO - Filling up the DagBag from /opt/airflow/dags/ETL_pipeline.py
[2026-03-18T12:08:52.727+0000] {processor.py:840} INFO - DAG(s) 'pipeline_ETL' retrieved from /opt/airflow/dags/ETL_pipeline.py
[2026-03-18T12:08:52.782+0000] {logging_mixin.py:188} INFO - [2026-03-18T12:08:52.782+0000] {dag.py:3036} INFO - Sync 1 DAGs
[2026-03-18T12:08:52.832+0000] {logging_mixin.py:188} INFO - [2026-03-18T12:08:52.832+0000] {dag.py:3823} INFO - Setting next_dagrun for pipeline_ETL to 2026-03-17 23:00:00+00:00, run_after=2026-03-18 23:00:00+00:00
[2026-03-18T12:08:52.889+0000] {processor.py:183} INFO - Processing /opt/airflow/dags/ETL_pipeline.py took 0.208 seconds
[2026-03-18T12:09:23.215+0000] {processor.py:161} INFO - Started process (PID=1147) to work on /opt/airflow/dags/ETL_pipeline.py
[2026-03-18T12:09:23.217+0000] {processor.py:830} INFO - Processing file /opt/airflow/dags/ETL_pipeline.py for tasks to queue
[2026-03-18T12:09:23.218+0000] {logging_mixin.py:188} INFO - [2026-03-18T12:09:23.218+0000] {dagbag.py:538} INFO - Filling up the DagBag from /opt/airflow/dags/ETL_pipeline.py
[2026-03-18T12:09:23.254+0000] {processor.py:840} INFO - DAG(s) 'pipeline_ETL' retrieved from /opt/airflow/dags/ETL_pipeline.py
[2026-03-18T12:09:23.302+0000] {logging_mixin.py:188} INFO - [2026-03-18T12:09:23.302+0000] {dag.py:3036} INFO - Sync 1 DAGs
[2026-03-18T12:09:23.352+0000] {logging_mixin.py:188} INFO - [2026-03-18T12:09:23.352+0000] {dag.py:3823} INFO - Setting next_dagrun for pipeline_ETL to 2026-03-17 23:00:00+00:00, run_after=2026-03-18 23:00:00+00:00
[2026-03-18T12:09:23.418+0000] {processor.py:183} INFO - Processing /opt/airflow/dags/ETL_pipeline.py took 0.207 seconds
[2026-03-18T12:09:53.583+0000] {processor.py:161} INFO - Started process (PID=1152) to work on /opt/airflow/dags/ETL_pipeline.py
[2026-03-18T12:09:53.584+0000] {processor.py:830} INFO - Processing file /opt/airflow/dags/ETL_pipeline.py for tasks to queue
[2026-03-18T12:09:53.586+0000] {logging_mixin.py:188} INFO - [2026-03-18T12:09:53.586+0000] {dagbag.py:538} INFO - Filling up the DagBag from /opt/airflow/dags/ETL_pipeline.py
[2026-03-18T12:09:53.629+0000] {processor.py:840} INFO - DAG(s) 'pipeline_ETL' retrieved from /opt/airflow/dags/ETL_pipeline.py
[2026-03-18T12:09:53.680+0000] {logging_mixin.py:188} INFO - [2026-03-18T12:09:53.680+0000] {dag.py:3036} INFO - Sync 1 DAGs
[2026-03-18T12:09:53.740+0000] {logging_mixin.py:188} INFO - [2026-03-18T12:09:53.740+0000] {dag.py:3823} INFO - Setting next_dagrun for pipeline_ETL to 2026-03-17 23:00:00+00:00, run_after=2026-03-18 23:00:00+00:00
[2026-03-18T12:09:53.808+0000] {processor.py:183} INFO - Processing /opt/airflow/dags/ETL_pipeline.py took 0.231 seconds
[2026-03-18T12:10:23.890+0000] {processor.py:161} INFO - Started process (PID=1157) to work on /opt/airflow/dags/ETL_pipeline.py
[2026-03-18T12:10:23.893+0000] {processor.py:830} INFO - Processing file /opt/airflow/dags/ETL_pipeline.py for tasks to queue
[2026-03-18T12:10:23.896+0000] {logging_mixin.py:188} INFO - [2026-03-18T12:10:23.894+0000] {dagbag.py:538} INFO - Filling up the DagBag from /opt/airflow/dags/ETL_pipeline.py
[2026-03-18T12:10:23.941+0000] {processor.py:840} INFO - DAG(s) 'pipeline_ETL' retrieved from /opt/airflow/dags/ETL_pipeline.py
[2026-03-18T12:10:23.993+0000] {logging_mixin.py:188} INFO - [2026-03-18T12:10:23.992+0000] {dag.py:3036} INFO - Sync 1 DAGs
[2026-03-18T12:10:24.041+0000] {logging_mixin.py:188} INFO - [2026-03-18T12:10:24.040+0000] {dag.py:3823} INFO - Setting next_dagrun for pipeline_ETL to 2026-03-17 23:00:00+00:00, run_after=2026-03-18 23:00:00+00:00
[2026-03-18T12:10:24.094+0000] {processor.py:183} INFO - Processing /opt/airflow/dags/ETL_pipeline.py took 0.210 seconds
[2026-03-18T12:10:54.515+0000] {processor.py:161} INFO - Started process (PID=1162) to work on /opt/airflow/dags/ETL_pipeline.py
[2026-03-18T12:10:54.519+0000] {processor.py:830} INFO - Processing file /opt/airflow/dags/ETL_pipeline.py for tasks to queue
[2026-03-18T12:10:54.523+0000] {logging_mixin.py:188} INFO - [2026-03-18T12:10:54.521+0000] {dagbag.py:538} INFO - Filling up the DagBag from /opt/airflow/dags/ETL_pipeline.py
[2026-03-18T12:10:54.617+0000] {processor.py:840} INFO - DAG(s) 'pipeline_ETL' retrieved from /opt/airflow/dags/ETL_pipeline.py
[2026-03-18T12:10:54.711+0000] {logging_mixin.py:188} INFO - [2026-03-18T12:10:54.711+0000] {dag.py:3036} INFO - Sync 1 DAGs
[2026-03-18T12:10:54.805+0000] {logging_mixin.py:188} INFO - [2026-03-18T12:10:54.803+0000] {dag.py:3823} INFO - Setting next_dagrun for pipeline_ETL to 2026-03-17 23:00:00+00:00, run_after=2026-03-18 23:00:00+00:00
[2026-03-18T12:10:54.907+0000] {processor.py:183} INFO - Processing /opt/airflow/dags/ETL_pipeline.py took 0.406 seconds
[2026-03-18T12:11:25.285+0000] {processor.py:161} INFO - Started process (PID=1167) to work on /opt/airflow/dags/ETL_pipeline.py
[2026-03-18T12:11:25.288+0000] {processor.py:830} INFO - Processing file /opt/airflow/dags/ETL_pipeline.py for tasks to queue
[2026-03-18T12:11:25.291+0000] {logging_mixin.py:188} INFO - [2026-03-18T12:11:25.290+0000] {dagbag.py:538} INFO - Filling up the DagBag from /opt/airflow/dags/ETL_pipeline.py
[2026-03-18T12:11:25.353+0000] {processor.py:840} INFO - DAG(s) 'pipeline_ETL' retrieved from /opt/airflow/dags/ETL_pipeline.py
[2026-03-18T12:11:25.420+0000] {logging_mixin.py:188} INFO - [2026-03-18T12:11:25.419+0000] {dag.py:3036} INFO - Sync 1 DAGs
[2026-03-18T12:11:25.467+0000] {logging_mixin.py:188} INFO - [2026-03-18T12:11:25.466+0000] {dag.py:3823} INFO - Setting next_dagrun for pipeline_ETL to 2026-03-17 23:00:00+00:00, run_after=2026-03-18 23:00:00+00:00
[2026-03-18T12:11:25.540+0000] {processor.py:183} INFO - Processing /opt/airflow/dags/ETL_pipeline.py took 0.265 seconds
[2026-03-18T12:11:55.975+0000] {processor.py:161} INFO - Started process (PID=1172) to work on /opt/airflow/dags/ETL_pipeline.py
[2026-03-18T12:11:55.979+0000] {processor.py:830} INFO - Processing file /opt/airflow/dags/ETL_pipeline.py for tasks to queue
[2026-03-18T12:11:55.982+0000] {logging_mixin.py:188} INFO - [2026-03-18T12:11:55.981+0000] {dagbag.py:538} INFO - Filling up the DagBag from /opt/airflow/dags/ETL_pipeline.py
[2026-03-18T12:11:56.046+0000] {processor.py:840} INFO - DAG(s) 'pipeline_ETL' retrieved from /opt/airflow/dags/ETL_pipeline.py
[2026-03-18T12:11:56.120+0000] {logging_mixin.py:188} INFO - [2026-03-18T12:11:56.119+0000] {dag.py:3036} INFO - Sync 1 DAGs
[2026-03-18T12:11:56.177+0000] {logging_mixin.py:188} INFO - [2026-03-18T12:11:56.176+0000] {dag.py:3823} INFO - Setting next_dagrun for pipeline_ETL to 2026-03-17 23:00:00+00:00, run_after=2026-03-18 23:00:00+00:00
[2026-03-18T12:11:56.246+0000] {processor.py:183} INFO - Processing /opt/airflow/dags/ETL_pipeline.py took 0.282 seconds
[2026-03-18T12:12:26.611+0000] {processor.py:161} INFO - Started process (PID=1177) to work on /opt/airflow/dags/ETL_pipeline.py
[2026-03-18T12:12:26.613+0000] {processor.py:830} INFO - Processing file /opt/airflow/dags/ETL_pipeline.py for tasks to queue
[2026-03-18T12:12:26.615+0000] {logging_mixin.py:188} INFO - [2026-03-18T12:12:26.615+0000] {dagbag.py:538} INFO - Filling up the DagBag from /opt/airflow/dags/ETL_pipeline.py
[2026-03-18T12:12:26.668+0000] {processor.py:840} INFO - DAG(s) 'pipeline_ETL' retrieved from /opt/airflow/dags/ETL_pipeline.py
[2026-03-18T12:12:26.735+0000] {logging_mixin.py:188} INFO - [2026-03-18T12:12:26.734+0000] {dag.py:3036} INFO - Sync 1 DAGs
[2026-03-18T12:12:26.785+0000] {logging_mixin.py:188} INFO - [2026-03-18T12:12:26.784+0000] {dag.py:3823} INFO - Setting next_dagrun for pipeline_ETL to 2026-03-17 23:00:00+00:00, run_after=2026-03-18 23:00:00+00:00
[2026-03-18T12:12:26.842+0000] {processor.py:183} INFO - Processing /opt/airflow/dags/ETL_pipeline.py took 0.238 seconds
[2026-03-18T12:12:57.136+0000] {processor.py:161} INFO - Started process (PID=1182) to work on /opt/airflow/dags/ETL_pipeline.py
[2026-03-18T12:12:57.138+0000] {processor.py:830} INFO - Processing file /opt/airflow/dags/ETL_pipeline.py for tasks to queue
[2026-03-18T12:12:57.140+0000] {logging_mixin.py:188} INFO - [2026-03-18T12:12:57.140+0000] {dagbag.py:538} INFO - Filling up the DagBag from /opt/airflow/dags/ETL_pipeline.py
[2026-03-18T12:12:57.195+0000] {processor.py:840} INFO - DAG(s) 'pipeline_ETL' retrieved from /opt/airflow/dags/ETL_pipeline.py
[2026-03-18T12:12:57.250+0000] {logging_mixin.py:188} INFO - [2026-03-18T12:12:57.250+0000] {dag.py:3036} INFO - Sync 1 DAGs
[2026-03-18T12:12:57.292+0000] {logging_mixin.py:188} INFO - [2026-03-18T12:12:57.292+0000] {dag.py:3823} INFO - Setting next_dagrun for pipeline_ETL to 2026-03-17 23:00:00+00:00, run_after=2026-03-18 23:00:00+00:00
[2026-03-18T12:12:57.351+0000] {processor.py:183} INFO - Processing /opt/airflow/dags/ETL_pipeline.py took 0.222 seconds
[2026-03-18T12:13:27.685+0000] {processor.py:161} INFO - Started process (PID=1187) to work on /opt/airflow/dags/ETL_pipeline.py
[2026-03-18T12:13:27.687+0000] {processor.py:830} INFO - Processing file /opt/airflow/dags/ETL_pipeline.py for tasks to queue
[2026-03-18T12:13:27.690+0000] {logging_mixin.py:188} INFO - [2026-03-18T12:13:27.689+0000] {dagbag.py:538} INFO - Filling up the DagBag from /opt/airflow/dags/ETL_pipeline.py
[2026-03-18T12:13:27.750+0000] {processor.py:840} INFO - DAG(s) 'pipeline_ETL' retrieved from /opt/airflow/dags/ETL_pipeline.py
[2026-03-18T12:13:27.817+0000] {logging_mixin.py:188} INFO - [2026-03-18T12:13:27.817+0000] {dag.py:3036} INFO - Sync 1 DAGs
[2026-03-18T12:13:27.874+0000] {logging_mixin.py:188} INFO - [2026-03-18T12:13:27.874+0000] {dag.py:3823} INFO - Setting next_dagrun for pipeline_ETL to 2026-03-17 23:00:00+00:00, run_after=2026-03-18 23:00:00+00:00
[2026-03-18T12:13:27.944+0000] {processor.py:183} INFO - Processing /opt/airflow/dags/ETL_pipeline.py took 0.268 seconds
[2026-03-18T12:13:58.092+0000] {processor.py:161} INFO - Started process (PID=1192) to work on /opt/airflow/dags/ETL_pipeline.py
[2026-03-18T12:13:58.095+0000] {processor.py:830} INFO - Processing file /opt/airflow/dags/ETL_pipeline.py for tasks to queue
[2026-03-18T12:13:58.098+0000] {logging_mixin.py:188} INFO - [2026-03-18T12:13:58.097+0000] {dagbag.py:538} INFO - Filling up the DagBag from /opt/airflow/dags/ETL_pipeline.py
[2026-03-18T12:13:58.158+0000] {processor.py:840} INFO - DAG(s) 'pipeline_ETL' retrieved from /opt/airflow/dags/ETL_pipeline.py
[2026-03-18T12:13:58.229+0000] {logging_mixin.py:188} INFO - [2026-03-18T12:13:58.228+0000] {dag.py:3036} INFO - Sync 1 DAGs
[2026-03-18T12:13:58.288+0000] {logging_mixin.py:188} INFO - [2026-03-18T12:13:58.287+0000] {dag.py:3823} INFO - Setting next_dagrun for pipeline_ETL to 2026-03-17 23:00:00+00:00, run_after=2026-03-18 23:00:00+00:00
[2026-03-18T12:13:58.347+0000] {processor.py:183} INFO - Processing /opt/airflow/dags/ETL_pipeline.py took 0.264 seconds
[2026-03-18T12:14:28.691+0000] {processor.py:161} INFO - Started process (PID=1197) to work on /opt/airflow/dags/ETL_pipeline.py
[2026-03-18T12:14:28.694+0000] {processor.py:830} INFO - Processing file /opt/airflow/dags/ETL_pipeline.py for tasks to queue
[2026-03-18T12:14:28.697+0000] {logging_mixin.py:188} INFO - [2026-03-18T12:14:28.696+0000] {dagbag.py:538} INFO - Filling up the DagBag from /opt/airflow/dags/ETL_pipeline.py
[2026-03-18T12:14:28.756+0000] {processor.py:840} INFO - DAG(s) 'pipeline_ETL' retrieved from /opt/airflow/dags/ETL_pipeline.py
[2026-03-18T12:14:28.825+0000] {logging_mixin.py:188} INFO - [2026-03-18T12:14:28.825+0000] {dag.py:3036} INFO - Sync 1 DAGs
[2026-03-18T12:14:28.885+0000] {logging_mixin.py:188} INFO - [2026-03-18T12:14:28.885+0000] {dag.py:3823} INFO - Setting next_dagrun for pipeline_ETL to 2026-03-17 23:00:00+00:00, run_after=2026-03-18 23:00:00+00:00
[2026-03-18T12:14:28.949+0000] {processor.py:183} INFO - Processing /opt/airflow/dags/ETL_pipeline.py took 0.267 seconds
[2026-03-18T12:14:59.277+0000] {processor.py:161} INFO - Started process (PID=1202) to work on /opt/airflow/dags/ETL_pipeline.py
[2026-03-18T12:14:59.296+0000] {processor.py:830} INFO - Processing file /opt/airflow/dags/ETL_pipeline.py for tasks to queue
[2026-03-18T12:14:59.303+0000] {logging_mixin.py:188} INFO - [2026-03-18T12:14:59.302+0000] {dagbag.py:538} INFO - Filling up the DagBag from /opt/airflow/dags/ETL_pipeline.py
[2026-03-18T12:14:59.517+0000] {processor.py:840} INFO - DAG(s) 'pipeline_ETL' retrieved from /opt/airflow/dags/ETL_pipeline.py
[2026-03-18T12:14:59.847+0000] {logging_mixin.py:188} INFO - [2026-03-18T12:14:59.846+0000] {dag.py:3036} INFO - Sync 1 DAGs
[2026-03-18T12:15:00.114+0000] {logging_mixin.py:188} INFO - [2026-03-18T12:15:00.113+0000] {dag.py:3823} INFO - Setting next_dagrun for pipeline_ETL to 2026-03-17 23:00:00+00:00, run_after=2026-03-18 23:00:00+00:00
[2026-03-18T12:15:00.382+0000] {processor.py:183} INFO - Processing /opt/airflow/dags/ETL_pipeline.py took 1.131 seconds
[2026-03-18T12:15:30.850+0000] {processor.py:161} INFO - Started process (PID=1207) to work on /opt/airflow/dags/ETL_pipeline.py
[2026-03-18T12:15:30.853+0000] {processor.py:830} INFO - Processing file /opt/airflow/dags/ETL_pipeline.py for tasks to queue
[2026-03-18T12:15:30.856+0000] {logging_mixin.py:188} INFO - [2026-03-18T12:15:30.855+0000] {dagbag.py:538} INFO - Filling up the DagBag from /opt/airflow/dags/ETL_pipeline.py
[2026-03-18T12:15:30.925+0000] {processor.py:840} INFO - DAG(s) 'pipeline_ETL' retrieved from /opt/airflow/dags/ETL_pipeline.py
[2026-03-18T12:15:31.034+0000] {logging_mixin.py:188} INFO - [2026-03-18T12:15:31.033+0000] {dag.py:3036} INFO - Sync 1 DAGs
[2026-03-18T12:15:31.125+0000] {logging_mixin.py:188} INFO - [2026-03-18T12:15:31.124+0000] {dag.py:3823} INFO - Setting next_dagrun for pipeline_ETL to 2026-03-17 23:00:00+00:00, run_after=2026-03-18 23:00:00+00:00
[2026-03-18T12:15:31.210+0000] {processor.py:183} INFO - Processing /opt/airflow/dags/ETL_pipeline.py took 0.368 seconds
[2026-03-18T12:16:01.720+0000] {processor.py:161} INFO - Started process (PID=1212) to work on /opt/airflow/dags/ETL_pipeline.py
[2026-03-18T12:16:01.723+0000] {processor.py:830} INFO - Processing file /opt/airflow/dags/ETL_pipeline.py for tasks to queue
[2026-03-18T12:16:01.726+0000] {logging_mixin.py:188} INFO - [2026-03-18T12:16:01.725+0000] {dagbag.py:538} INFO - Filling up the DagBag from /opt/airflow/dags/ETL_pipeline.py
[2026-03-18T12:16:01.785+0000] {processor.py:840} INFO - DAG(s) 'pipeline_ETL' retrieved from /opt/airflow/dags/ETL_pipeline.py
[2026-03-18T12:16:01.906+0000] {logging_mixin.py:188} INFO - [2026-03-18T12:16:01.905+0000] {dag.py:3036} INFO - Sync 1 DAGs
[2026-03-18T12:16:01.985+0000] {logging_mixin.py:188} INFO - [2026-03-18T12:16:01.984+0000] {dag.py:3823} INFO - Setting next_dagrun for pipeline_ETL to 2026-03-17 23:00:00+00:00, run_after=2026-03-18 23:00:00+00:00
[2026-03-18T12:16:02.063+0000] {processor.py:183} INFO - Processing /opt/airflow/dags/ETL_pipeline.py took 0.351 seconds
[2026-03-18T12:16:32.536+0000] {processor.py:161} INFO - Started process (PID=1217) to work on /opt/airflow/dags/ETL_pipeline.py
[2026-03-18T12:16:32.539+0000] {processor.py:830} INFO - Processing file /opt/airflow/dags/ETL_pipeline.py for tasks to queue
[2026-03-18T12:16:32.542+0000] {logging_mixin.py:188} INFO - [2026-03-18T12:16:32.541+0000] {dagbag.py:538} INFO - Filling up the DagBag from /opt/airflow/dags/ETL_pipeline.py
[2026-03-18T12:16:32.602+0000] {processor.py:840} INFO - DAG(s) 'pipeline_ETL' retrieved from /opt/airflow/dags/ETL_pipeline.py
[2026-03-18T12:16:32.673+0000] {logging_mixin.py:188} INFO - [2026-03-18T12:16:32.672+0000] {dag.py:3036} INFO - Sync 1 DAGs
[2026-03-18T12:16:32.720+0000] {logging_mixin.py:188} INFO - [2026-03-18T12:16:32.720+0000] {dag.py:3823} INFO - Setting next_dagrun for pipeline_ETL to 2026-03-17 23:00:00+00:00, run_after=2026-03-18 23:00:00+00:00
[2026-03-18T12:16:32.781+0000] {processor.py:183} INFO - Processing /opt/airflow/dags/ETL_pipeline.py took 0.251 seconds
[2026-03-18T12:17:03.418+0000] {processor.py:161} INFO - Started process (PID=1222) to work on /opt/airflow/dags/ETL_pipeline.py
[2026-03-18T12:17:03.433+0000] {processor.py:830} INFO - Processing file /opt/airflow/dags/ETL_pipeline.py for tasks to queue
[2026-03-18T12:17:03.447+0000] {logging_mixin.py:188} INFO - [2026-03-18T12:17:03.446+0000] {dagbag.py:538} INFO - Filling up the DagBag from /opt/airflow/dags/ETL_pipeline.py
[2026-03-18T12:17:03.842+0000] {processor.py:840} INFO - DAG(s) 'pipeline_ETL' retrieved from /opt/airflow/dags/ETL_pipeline.py
[2026-03-18T12:17:04.034+0000] {logging_mixin.py:188} INFO - [2026-03-18T12:17:04.030+0000] {dag.py:3036} INFO - Sync 1 DAGs
[2026-03-18T12:17:04.365+0000] {logging_mixin.py:188} INFO - [2026-03-18T12:17:04.364+0000] {dag.py:3823} INFO - Setting next_dagrun for pipeline_ETL to 2026-03-17 23:00:00+00:00, run_after=2026-03-18 23:00:00+00:00
[2026-03-18T12:17:04.667+0000] {processor.py:183} INFO - Processing /opt/airflow/dags/ETL_pipeline.py took 1.286 seconds
[2026-03-18T12:17:35.055+0000] {processor.py:161} INFO - Started process (PID=1227) to work on /opt/airflow/dags/ETL_pipeline.py
[2026-03-18T12:17:35.059+0000] {processor.py:830} INFO - Processing file /opt/airflow/dags/ETL_pipeline.py for tasks to queue
[2026-03-18T12:17:35.065+0000] {logging_mixin.py:188} INFO - [2026-03-18T12:17:35.062+0000] {dagbag.py:538} INFO - Filling up the DagBag from /opt/airflow/dags/ETL_pipeline.py
[2026-03-18T12:17:35.176+0000] {processor.py:840} INFO - DAG(s) 'pipeline_ETL' retrieved from /opt/airflow/dags/ETL_pipeline.py
[2026-03-18T12:17:35.258+0000] {logging_mixin.py:188} INFO - [2026-03-18T12:17:35.257+0000] {dag.py:3036} INFO - Sync 1 DAGs
[2026-03-18T12:17:35.312+0000] {logging_mixin.py:188} INFO - [2026-03-18T12:17:35.311+0000] {dag.py:3823} INFO - Setting next_dagrun for pipeline_ETL to 2026-03-17 23:00:00+00:00, run_after=2026-03-18 23:00:00+00:00
[2026-03-18T12:17:35.378+0000] {processor.py:183} INFO - Processing /opt/airflow/dags/ETL_pipeline.py took 0.343 seconds
[2026-03-18T12:18:05.674+0000] {processor.py:161} INFO - Started process (PID=1232) to work on /opt/airflow/dags/ETL_pipeline.py
[2026-03-18T12:18:05.678+0000] {processor.py:830} INFO - Processing file /opt/airflow/dags/ETL_pipeline.py for tasks to queue
[2026-03-18T12:18:05.681+0000] {logging_mixin.py:188} INFO - [2026-03-18T12:18:05.681+0000] {dagbag.py:538} INFO - Filling up the DagBag from /opt/airflow/dags/ETL_pipeline.py
[2026-03-18T12:18:05.765+0000] {processor.py:840} INFO - DAG(s) 'pipeline_ETL' retrieved from /opt/airflow/dags/ETL_pipeline.py
[2026-03-18T12:18:05.874+0000] {logging_mixin.py:188} INFO - [2026-03-18T12:18:05.873+0000] {dag.py:3036} INFO - Sync 1 DAGs
[2026-03-18T12:18:05.957+0000] {logging_mixin.py:188} INFO - [2026-03-18T12:18:05.957+0000] {dag.py:3823} INFO - Setting next_dagrun for pipeline_ETL to 2026-03-17 23:00:00+00:00, run_after=2026-03-18 23:00:00+00:00
[2026-03-18T12:18:06.050+0000] {processor.py:183} INFO - Processing /opt/airflow/dags/ETL_pipeline.py took 0.388 seconds
[2026-03-18T12:18:36.284+0000] {processor.py:161} INFO - Started process (PID=1237) to work on /opt/airflow/dags/ETL_pipeline.py
[2026-03-18T12:18:36.289+0000] {processor.py:830} INFO - Processing file /opt/airflow/dags/ETL_pipeline.py for tasks to queue
[2026-03-18T12:18:36.292+0000] {logging_mixin.py:188} INFO - [2026-03-18T12:18:36.291+0000] {dagbag.py:538} INFO - Filling up the DagBag from /opt/airflow/dags/ETL_pipeline.py
[2026-03-18T12:18:36.349+0000] {processor.py:840} INFO - DAG(s) 'pipeline_ETL' retrieved from /opt/airflow/dags/ETL_pipeline.py
[2026-03-18T12:18:36.442+0000] {logging_mixin.py:188} INFO - [2026-03-18T12:18:36.441+0000] {dag.py:3036} INFO - Sync 1 DAGs
[2026-03-18T12:18:36.506+0000] {logging_mixin.py:188} INFO - [2026-03-18T12:18:36.505+0000] {dag.py:3823} INFO - Setting next_dagrun for pipeline_ETL to 2026-03-17 23:00:00+00:00, run_after=2026-03-18 23:00:00+00:00
[2026-03-18T12:18:36.589+0000] {processor.py:183} INFO - Processing /opt/airflow/dags/ETL_pipeline.py took 0.315 seconds
[2026-03-18T12:19:06.826+0000] {processor.py:161} INFO - Started process (PID=1242) to work on /opt/airflow/dags/ETL_pipeline.py
[2026-03-18T12:19:06.829+0000] {processor.py:830} INFO - Processing file /opt/airflow/dags/ETL_pipeline.py for tasks to queue
[2026-03-18T12:19:06.832+0000] {logging_mixin.py:188} INFO - [2026-03-18T12:19:06.831+0000] {dagbag.py:538} INFO - Filling up the DagBag from /opt/airflow/dags/ETL_pipeline.py
[2026-03-18T12:19:06.908+0000] {processor.py:840} INFO - DAG(s) 'pipeline_ETL' retrieved from /opt/airflow/dags/ETL_pipeline.py
[2026-03-18T12:19:07.003+0000] {logging_mixin.py:188} INFO - [2026-03-18T12:19:07.002+0000] {dag.py:3036} INFO - Sync 1 DAGs
[2026-03-18T12:19:07.098+0000] {logging_mixin.py:188} INFO - [2026-03-18T12:19:07.097+0000] {dag.py:3823} INFO - Setting next_dagrun for pipeline_ETL to 2026-03-17 23:00:00+00:00, run_after=2026-03-18 23:00:00+00:00
[2026-03-18T12:19:07.195+0000] {processor.py:183} INFO - Processing /opt/airflow/dags/ETL_pipeline.py took 0.377 seconds
[2026-03-18T12:19:37.378+0000] {processor.py:161} INFO - Started process (PID=1247) to work on /opt/airflow/dags/ETL_pipeline.py
[2026-03-18T12:19:37.382+0000] {processor.py:830} INFO - Processing file /opt/airflow/dags/ETL_pipeline.py for tasks to queue
[2026-03-18T12:19:37.384+0000] {logging_mixin.py:188} INFO - [2026-03-18T12:19:37.384+0000] {dagbag.py:538} INFO - Filling up the DagBag from /opt/airflow/dags/ETL_pipeline.py
[2026-03-18T12:19:37.450+0000] {processor.py:840} INFO - DAG(s) 'pipeline_ETL' retrieved from /opt/airflow/dags/ETL_pipeline.py
[2026-03-18T12:19:37.571+0000] {logging_mixin.py:188} INFO - [2026-03-18T12:19:37.571+0000] {dag.py:3036} INFO - Sync 1 DAGs
[2026-03-18T12:19:37.614+0000] {logging_mixin.py:188} INFO - [2026-03-18T12:19:37.614+0000] {dag.py:3823} INFO - Setting next_dagrun for pipeline_ETL to 2026-03-17 23:00:00+00:00, run_after=2026-03-18 23:00:00+00:00
[2026-03-18T12:19:37.676+0000] {processor.py:183} INFO - Processing /opt/airflow/dags/ETL_pipeline.py took 0.308 seconds
[2026-03-18T12:20:08.014+0000] {processor.py:161} INFO - Started process (PID=1252) to work on /opt/airflow/dags/ETL_pipeline.py
[2026-03-18T12:20:08.017+0000] {processor.py:830} INFO - Processing file /opt/airflow/dags/ETL_pipeline.py for tasks to queue
[2026-03-18T12:20:08.020+0000] {logging_mixin.py:188} INFO - [2026-03-18T12:20:08.019+0000] {dagbag.py:538} INFO - Filling up the DagBag from /opt/airflow/dags/ETL_pipeline.py
[2026-03-18T12:20:08.091+0000] {processor.py:840} INFO - DAG(s) 'pipeline_ETL' retrieved from /opt/airflow/dags/ETL_pipeline.py
[2026-03-18T12:20:08.185+0000] {logging_mixin.py:188} INFO - [2026-03-18T12:20:08.185+0000] {dag.py:3036} INFO - Sync 1 DAGs
[2026-03-18T12:20:08.246+0000] {logging_mixin.py:188} INFO - [2026-03-18T12:20:08.245+0000] {dag.py:3823} INFO - Setting next_dagrun for pipeline_ETL to 2026-03-17 23:00:00+00:00, run_after=2026-03-18 23:00:00+00:00
[2026-03-18T12:20:08.335+0000] {processor.py:183} INFO - Processing /opt/airflow/dags/ETL_pipeline.py took 0.332 seconds
[2026-03-18T12:20:38.518+0000] {processor.py:161} INFO - Started process (PID=1257) to work on /opt/airflow/dags/ETL_pipeline.py
[2026-03-18T12:20:38.523+0000] {processor.py:830} INFO - Processing file /opt/airflow/dags/ETL_pipeline.py for tasks to queue
[2026-03-18T12:20:38.527+0000] {logging_mixin.py:188} INFO - [2026-03-18T12:20:38.525+0000] {dagbag.py:538} INFO - Filling up the DagBag from /opt/airflow/dags/ETL_pipeline.py
[2026-03-18T12:20:38.616+0000] {processor.py:840} INFO - DAG(s) 'pipeline_ETL' retrieved from /opt/airflow/dags/ETL_pipeline.py
[2026-03-18T12:20:38.720+0000] {logging_mixin.py:188} INFO - [2026-03-18T12:20:38.720+0000] {dag.py:3036} INFO - Sync 1 DAGs
[2026-03-18T12:20:38.795+0000] {logging_mixin.py:188} INFO - [2026-03-18T12:20:38.794+0000] {dag.py:3823} INFO - Setting next_dagrun for pipeline_ETL to 2026-03-17 23:00:00+00:00, run_after=2026-03-18 23:00:00+00:00
[2026-03-18T12:20:38.872+0000] {processor.py:183} INFO - Processing /opt/airflow/dags/ETL_pipeline.py took 0.368 seconds
[2026-03-18T12:21:09.175+0000] {processor.py:161} INFO - Started process (PID=1262) to work on /opt/airflow/dags/ETL_pipeline.py
[2026-03-18T12:21:09.178+0000] {processor.py:830} INFO - Processing file /opt/airflow/dags/ETL_pipeline.py for tasks to queue
[2026-03-18T12:21:09.181+0000] {logging_mixin.py:188} INFO - [2026-03-18T12:21:09.180+0000] {dagbag.py:538} INFO - Filling up the DagBag from /opt/airflow/dags/ETL_pipeline.py
[2026-03-18T12:21:09.254+0000] {processor.py:840} INFO - DAG(s) 'pipeline_ETL' retrieved from /opt/airflow/dags/ETL_pipeline.py
[2026-03-18T12:21:09.355+0000] {logging_mixin.py:188} INFO - [2026-03-18T12:21:09.354+0000] {dag.py:3036} INFO - Sync 1 DAGs
[2026-03-18T12:21:09.403+0000] {logging_mixin.py:188} INFO - [2026-03-18T12:21:09.402+0000] {dag.py:3823} INFO - Setting next_dagrun for pipeline_ETL to 2026-03-17 23:00:00+00:00, run_after=2026-03-18 23:00:00+00:00
[2026-03-18T12:21:09.473+0000] {processor.py:183} INFO - Processing /opt/airflow/dags/ETL_pipeline.py took 0.307 seconds
[2026-03-18T12:21:39.818+0000] {processor.py:161} INFO - Started process (PID=1267) to work on /opt/airflow/dags/ETL_pipeline.py
[2026-03-18T12:21:39.821+0000] {processor.py:830} INFO - Processing file /opt/airflow/dags/ETL_pipeline.py for tasks to queue
[2026-03-18T12:21:39.824+0000] {logging_mixin.py:188} INFO - [2026-03-18T12:21:39.823+0000] {dagbag.py:538} INFO - Filling up the DagBag from /opt/airflow/dags/ETL_pipeline.py
[2026-03-18T12:21:39.876+0000] {processor.py:840} INFO - DAG(s) 'pipeline_ETL' retrieved from /opt/airflow/dags/ETL_pipeline.py
[2026-03-18T12:21:39.941+0000] {logging_mixin.py:188} INFO - [2026-03-18T12:21:39.941+0000] {dag.py:3036} INFO - Sync 1 DAGs
[2026-03-18T12:21:39.979+0000] {logging_mixin.py:188} INFO - [2026-03-18T12:21:39.979+0000] {dag.py:3823} INFO - Setting next_dagrun for pipeline_ETL to 2026-03-17 23:00:00+00:00, run_after=2026-03-18 23:00:00+00:00
[2026-03-18T12:21:40.035+0000] {processor.py:183} INFO - Processing /opt/airflow/dags/ETL_pipeline.py took 0.224 seconds
[2026-03-18T12:22:10.162+0000] {processor.py:161} INFO - Started process (PID=1272) to work on /opt/airflow/dags/ETL_pipeline.py
[2026-03-18T12:22:10.165+0000] {processor.py:830} INFO - Processing file /opt/airflow/dags/ETL_pipeline.py for tasks to queue
[2026-03-18T12:22:10.168+0000] {logging_mixin.py:188} INFO - [2026-03-18T12:22:10.167+0000] {dagbag.py:538} INFO - Filling up the DagBag from /opt/airflow/dags/ETL_pipeline.py
[2026-03-18T12:22:10.234+0000] {processor.py:840} INFO - DAG(s) 'pipeline_ETL' retrieved from /opt/airflow/dags/ETL_pipeline.py
[2026-03-18T12:22:10.313+0000] {logging_mixin.py:188} INFO - [2026-03-18T12:22:10.312+0000] {dag.py:3036} INFO - Sync 1 DAGs
[2026-03-18T12:22:10.366+0000] {logging_mixin.py:188} INFO - [2026-03-18T12:22:10.366+0000] {dag.py:3823} INFO - Setting next_dagrun for pipeline_ETL to 2026-03-17 23:00:00+00:00, run_after=2026-03-18 23:00:00+00:00
[2026-03-18T12:22:10.466+0000] {processor.py:183} INFO - Processing /opt/airflow/dags/ETL_pipeline.py took 0.312 seconds
[2026-03-18T12:22:40.747+0000] {processor.py:161} INFO - Started process (PID=1277) to work on /opt/airflow/dags/ETL_pipeline.py
[2026-03-18T12:22:40.750+0000] {processor.py:830} INFO - Processing file /opt/airflow/dags/ETL_pipeline.py for tasks to queue
[2026-03-18T12:22:40.752+0000] {logging_mixin.py:188} INFO - [2026-03-18T12:22:40.752+0000] {dagbag.py:538} INFO - Filling up the DagBag from /opt/airflow/dags/ETL_pipeline.py
[2026-03-18T12:22:40.800+0000] {processor.py:840} INFO - DAG(s) 'pipeline_ETL' retrieved from /opt/airflow/dags/ETL_pipeline.py
[2026-03-18T12:22:40.862+0000] {logging_mixin.py:188} INFO - [2026-03-18T12:22:40.861+0000] {dag.py:3036} INFO - Sync 1 DAGs
[2026-03-18T12:22:40.994+0000] {logging_mixin.py:188} INFO - [2026-03-18T12:22:40.994+0000] {dag.py:3823} INFO - Setting next_dagrun for pipeline_ETL to 2026-03-17 23:00:00+00:00, run_after=2026-03-18 23:00:00+00:00
[2026-03-18T12:22:41.059+0000] {processor.py:183} INFO - Processing /opt/airflow/dags/ETL_pipeline.py took 0.318 seconds
[2026-03-18T12:23:11.389+0000] {processor.py:161} INFO - Started process (PID=1282) to work on /opt/airflow/dags/ETL_pipeline.py
[2026-03-18T12:23:11.392+0000] {processor.py:830} INFO - Processing file /opt/airflow/dags/ETL_pipeline.py for tasks to queue
[2026-03-18T12:23:11.394+0000] {logging_mixin.py:188} INFO - [2026-03-18T12:23:11.393+0000] {dagbag.py:538} INFO - Filling up the DagBag from /opt/airflow/dags/ETL_pipeline.py
[2026-03-18T12:23:11.446+0000] {processor.py:840} INFO - DAG(s) 'pipeline_ETL' retrieved from /opt/airflow/dags/ETL_pipeline.py
[2026-03-18T12:23:11.508+0000] {logging_mixin.py:188} INFO - [2026-03-18T12:23:11.508+0000] {dag.py:3036} INFO - Sync 1 DAGs
[2026-03-18T12:23:11.550+0000] {logging_mixin.py:188} INFO - [2026-03-18T12:23:11.550+0000] {dag.py:3823} INFO - Setting next_dagrun for pipeline_ETL to 2026-03-17 23:00:00+00:00, run_after=2026-03-18 23:00:00+00:00
[2026-03-18T12:23:11.605+0000] {processor.py:183} INFO - Processing /opt/airflow/dags/ETL_pipeline.py took 0.222 seconds
[2026-03-18T12:23:42.314+0000] {processor.py:161} INFO - Started process (PID=1287) to work on /opt/airflow/dags/ETL_pipeline.py
[2026-03-18T12:23:42.317+0000] {processor.py:830} INFO - Processing file /opt/airflow/dags/ETL_pipeline.py for tasks to queue
[2026-03-18T12:23:42.320+0000] {logging_mixin.py:188} INFO - [2026-03-18T12:23:42.319+0000] {dagbag.py:538} INFO - Filling up the DagBag from /opt/airflow/dags/ETL_pipeline.py
[2026-03-18T12:23:42.400+0000] {processor.py:840} INFO - DAG(s) 'pipeline_ETL' retrieved from /opt/airflow/dags/ETL_pipeline.py
[2026-03-18T12:23:42.526+0000] {logging_mixin.py:188} INFO - [2026-03-18T12:23:42.525+0000] {dag.py:3036} INFO - Sync 1 DAGs
[2026-03-18T12:23:42.723+0000] {logging_mixin.py:188} INFO - [2026-03-18T12:23:42.723+0000] {dag.py:3823} INFO - Setting next_dagrun for pipeline_ETL to 2026-03-17 23:00:00+00:00, run_after=2026-03-18 23:00:00+00:00
[2026-03-18T12:23:42.940+0000] {processor.py:183} INFO - Processing /opt/airflow/dags/ETL_pipeline.py took 0.639 seconds
[2026-03-18T12:24:13.399+0000] {processor.py:161} INFO - Started process (PID=1292) to work on /opt/airflow/dags/ETL_pipeline.py
[2026-03-18T12:24:13.402+0000] {processor.py:830} INFO - Processing file /opt/airflow/dags/ETL_pipeline.py for tasks to queue
[2026-03-18T12:24:13.405+0000] {logging_mixin.py:188} INFO - [2026-03-18T12:24:13.404+0000] {dagbag.py:538} INFO - Filling up the DagBag from /opt/airflow/dags/ETL_pipeline.py
[2026-03-18T12:24:13.472+0000] {processor.py:840} INFO - DAG(s) 'pipeline_ETL' retrieved from /opt/airflow/dags/ETL_pipeline.py
[2026-03-18T12:24:13.572+0000] {logging_mixin.py:188} INFO - [2026-03-18T12:24:13.570+0000] {dag.py:3036} INFO - Sync 1 DAGs
[2026-03-18T12:24:13.749+0000] {logging_mixin.py:188} INFO - [2026-03-18T12:24:13.748+0000] {dag.py:3823} INFO - Setting next_dagrun for pipeline_ETL to 2026-03-17 23:00:00+00:00, run_after=2026-03-18 23:00:00+00:00
[2026-03-18T12:24:13.890+0000] {processor.py:183} INFO - Processing /opt/airflow/dags/ETL_pipeline.py took 0.505 seconds
[2026-03-18T12:24:44.531+0000] {processor.py:161} INFO - Started process (PID=1297) to work on /opt/airflow/dags/ETL_pipeline.py
[2026-03-18T12:24:44.535+0000] {processor.py:830} INFO - Processing file /opt/airflow/dags/ETL_pipeline.py for tasks to queue
[2026-03-18T12:24:44.538+0000] {logging_mixin.py:188} INFO - [2026-03-18T12:24:44.538+0000] {dagbag.py:538} INFO - Filling up the DagBag from /opt/airflow/dags/ETL_pipeline.py
[2026-03-18T12:24:44.676+0000] {processor.py:840} INFO - DAG(s) 'pipeline_ETL' retrieved from /opt/airflow/dags/ETL_pipeline.py
[2026-03-18T12:24:44.850+0000] {logging_mixin.py:188} INFO - [2026-03-18T12:24:44.849+0000] {dag.py:3036} INFO - Sync 1 DAGs
[2026-03-18T12:24:45.002+0000] {logging_mixin.py:188} INFO - [2026-03-18T12:24:45.001+0000] {dag.py:3823} INFO - Setting next_dagrun for pipeline_ETL to 2026-03-17 23:00:00+00:00, run_after=2026-03-18 23:00:00+00:00
[2026-03-18T12:24:45.156+0000] {processor.py:183} INFO - Processing /opt/airflow/dags/ETL_pipeline.py took 0.635 seconds
[2026-03-18T12:25:15.587+0000] {processor.py:161} INFO - Started process (PID=1302) to work on /opt/airflow/dags/ETL_pipeline.py
[2026-03-18T12:25:15.590+0000] {processor.py:830} INFO - Processing file /opt/airflow/dags/ETL_pipeline.py for tasks to queue
[2026-03-18T12:25:15.593+0000] {logging_mixin.py:188} INFO - [2026-03-18T12:25:15.593+0000] {dagbag.py:538} INFO - Filling up the DagBag from /opt/airflow/dags/ETL_pipeline.py
[2026-03-18T12:25:15.666+0000] {processor.py:840} INFO - DAG(s) 'pipeline_ETL' retrieved from /opt/airflow/dags/ETL_pipeline.py
[2026-03-18T12:25:15.750+0000] {logging_mixin.py:188} INFO - [2026-03-18T12:25:15.749+0000] {dag.py:3036} INFO - Sync 1 DAGs
[2026-03-18T12:25:15.806+0000] {logging_mixin.py:188} INFO - [2026-03-18T12:25:15.805+0000] {dag.py:3823} INFO - Setting next_dagrun for pipeline_ETL to 2026-03-17 23:00:00+00:00, run_after=2026-03-18 23:00:00+00:00
[2026-03-18T12:25:15.885+0000] {processor.py:183} INFO - Processing /opt/airflow/dags/ETL_pipeline.py took 0.308 seconds
[2026-03-18T12:25:46.348+0000] {processor.py:161} INFO - Started process (PID=1307) to work on /opt/airflow/dags/ETL_pipeline.py
[2026-03-18T12:25:46.350+0000] {processor.py:830} INFO - Processing file /opt/airflow/dags/ETL_pipeline.py for tasks to queue
[2026-03-18T12:25:46.353+0000] {logging_mixin.py:188} INFO - [2026-03-18T12:25:46.352+0000] {dagbag.py:538} INFO - Filling up the DagBag from /opt/airflow/dags/ETL_pipeline.py
[2026-03-18T12:25:46.422+0000] {processor.py:840} INFO - DAG(s) 'pipeline_ETL' retrieved from /opt/airflow/dags/ETL_pipeline.py
[2026-03-18T12:25:46.502+0000] {logging_mixin.py:188} INFO - [2026-03-18T12:25:46.501+0000] {dag.py:3036} INFO - Sync 1 DAGs
[2026-03-18T12:25:46.562+0000] {logging_mixin.py:188} INFO - [2026-03-18T12:25:46.562+0000] {dag.py:3823} INFO - Setting next_dagrun for pipeline_ETL to 2026-03-17 23:00:00+00:00, run_after=2026-03-18 23:00:00+00:00
[2026-03-18T12:25:46.627+0000] {processor.py:183} INFO - Processing /opt/airflow/dags/ETL_pipeline.py took 0.288 seconds
[2026-03-18T12:26:17.044+0000] {processor.py:161} INFO - Started process (PID=1312) to work on /opt/airflow/dags/ETL_pipeline.py
[2026-03-18T12:26:17.048+0000] {processor.py:830} INFO - Processing file /opt/airflow/dags/ETL_pipeline.py for tasks to queue
[2026-03-18T12:26:17.050+0000] {logging_mixin.py:188} INFO - [2026-03-18T12:26:17.050+0000] {dagbag.py:538} INFO - Filling up the DagBag from /opt/airflow/dags/ETL_pipeline.py
[2026-03-18T12:26:17.111+0000] {processor.py:840} INFO - DAG(s) 'pipeline_ETL' retrieved from /opt/airflow/dags/ETL_pipeline.py
[2026-03-18T12:26:17.175+0000] {logging_mixin.py:188} INFO - [2026-03-18T12:26:17.175+0000] {dag.py:3036} INFO - Sync 1 DAGs
[2026-03-18T12:26:17.235+0000] {logging_mixin.py:188} INFO - [2026-03-18T12:26:17.234+0000] {dag.py:3823} INFO - Setting next_dagrun for pipeline_ETL to 2026-03-17 23:00:00+00:00, run_after=2026-03-18 23:00:00+00:00
[2026-03-18T12:26:17.305+0000] {processor.py:183} INFO - Processing /opt/airflow/dags/ETL_pipeline.py took 0.272 seconds
[2026-03-18T12:26:47.652+0000] {processor.py:161} INFO - Started process (PID=1317) to work on /opt/airflow/dags/ETL_pipeline.py
[2026-03-18T12:26:47.654+0000] {processor.py:830} INFO - Processing file /opt/airflow/dags/ETL_pipeline.py for tasks to queue
[2026-03-18T12:26:47.657+0000] {logging_mixin.py:188} INFO - [2026-03-18T12:26:47.656+0000] {dagbag.py:538} INFO - Filling up the DagBag from /opt/airflow/dags/ETL_pipeline.py
[2026-03-18T12:26:47.721+0000] {processor.py:840} INFO - DAG(s) 'pipeline_ETL' retrieved from /opt/airflow/dags/ETL_pipeline.py
[2026-03-18T12:26:47.790+0000] {logging_mixin.py:188} INFO - [2026-03-18T12:26:47.789+0000] {dag.py:3036} INFO - Sync 1 DAGs
[2026-03-18T12:26:47.834+0000] {logging_mixin.py:188} INFO - [2026-03-18T12:26:47.834+0000] {dag.py:3823} INFO - Setting next_dagrun for pipeline_ETL to 2026-03-17 23:00:00+00:00, run_after=2026-03-18 23:00:00+00:00
[2026-03-18T12:26:47.901+0000] {processor.py:183} INFO - Processing /opt/airflow/dags/ETL_pipeline.py took 0.255 seconds
[2026-03-18T12:27:18.234+0000] {processor.py:161} INFO - Started process (PID=1322) to work on /opt/airflow/dags/ETL_pipeline.py
[2026-03-18T12:27:18.237+0000] {processor.py:830} INFO - Processing file /opt/airflow/dags/ETL_pipeline.py for tasks to queue
[2026-03-18T12:27:18.239+0000] {logging_mixin.py:188} INFO - [2026-03-18T12:27:18.238+0000] {dagbag.py:538} INFO - Filling up the DagBag from /opt/airflow/dags/ETL_pipeline.py
[2026-03-18T12:27:18.293+0000] {processor.py:840} INFO - DAG(s) 'pipeline_ETL' retrieved from /opt/airflow/dags/ETL_pipeline.py
[2026-03-18T12:27:18.359+0000] {logging_mixin.py:188} INFO - [2026-03-18T12:27:18.359+0000] {dag.py:3036} INFO - Sync 1 DAGs
[2026-03-18T12:27:18.405+0000] {logging_mixin.py:188} INFO - [2026-03-18T12:27:18.404+0000] {dag.py:3823} INFO - Setting next_dagrun for pipeline_ETL to 2026-03-17 23:00:00+00:00, run_after=2026-03-18 23:00:00+00:00
[2026-03-18T12:27:18.485+0000] {processor.py:183} INFO - Processing /opt/airflow/dags/ETL_pipeline.py took 0.258 seconds
[2026-03-18T12:27:48.823+0000] {processor.py:161} INFO - Started process (PID=1327) to work on /opt/airflow/dags/ETL_pipeline.py
[2026-03-18T12:27:48.826+0000] {processor.py:830} INFO - Processing file /opt/airflow/dags/ETL_pipeline.py for tasks to queue
[2026-03-18T12:27:48.828+0000] {logging_mixin.py:188} INFO - [2026-03-18T12:27:48.828+0000] {dagbag.py:538} INFO - Filling up the DagBag from /opt/airflow/dags/ETL_pipeline.py
[2026-03-18T12:27:48.891+0000] {processor.py:840} INFO - DAG(s) 'pipeline_ETL' retrieved from /opt/airflow/dags/ETL_pipeline.py
[2026-03-18T12:27:48.963+0000] {logging_mixin.py:188} INFO - [2026-03-18T12:27:48.962+0000] {dag.py:3036} INFO - Sync 1 DAGs
[2026-03-18T12:27:49.032+0000] {logging_mixin.py:188} INFO - [2026-03-18T12:27:49.031+0000] {dag.py:3823} INFO - Setting next_dagrun for pipeline_ETL to 2026-03-17 23:00:00+00:00, run_after=2026-03-18 23:00:00+00:00
[2026-03-18T12:27:49.099+0000] {processor.py:183} INFO - Processing /opt/airflow/dags/ETL_pipeline.py took 0.283 seconds
[2026-03-18T12:28:19.451+0000] {processor.py:161} INFO - Started process (PID=1332) to work on /opt/airflow/dags/ETL_pipeline.py
[2026-03-18T12:28:19.453+0000] {processor.py:830} INFO - Processing file /opt/airflow/dags/ETL_pipeline.py for tasks to queue
[2026-03-18T12:28:19.457+0000] {logging_mixin.py:188} INFO - [2026-03-18T12:28:19.455+0000] {dagbag.py:538} INFO - Filling up the DagBag from /opt/airflow/dags/ETL_pipeline.py
[2026-03-18T12:28:19.525+0000] {processor.py:840} INFO - DAG(s) 'pipeline_ETL' retrieved from /opt/airflow/dags/ETL_pipeline.py
[2026-03-18T12:28:19.605+0000] {logging_mixin.py:188} INFO - [2026-03-18T12:28:19.604+0000] {dag.py:3036} INFO - Sync 1 DAGs
[2026-03-18T12:28:19.663+0000] {logging_mixin.py:188} INFO - [2026-03-18T12:28:19.663+0000] {dag.py:3823} INFO - Setting next_dagrun for pipeline_ETL to 2026-03-17 23:00:00+00:00, run_after=2026-03-18 23:00:00+00:00
[2026-03-18T12:28:19.751+0000] {processor.py:183} INFO - Processing /opt/airflow/dags/ETL_pipeline.py took 0.307 seconds
[2026-03-18T12:28:50.283+0000] {processor.py:161} INFO - Started process (PID=1337) to work on /opt/airflow/dags/ETL_pipeline.py
[2026-03-18T12:28:50.287+0000] {processor.py:830} INFO - Processing file /opt/airflow/dags/ETL_pipeline.py for tasks to queue
[2026-03-18T12:28:50.291+0000] {logging_mixin.py:188} INFO - [2026-03-18T12:28:50.290+0000] {dagbag.py:538} INFO - Filling up the DagBag from /opt/airflow/dags/ETL_pipeline.py
[2026-03-18T12:28:50.346+0000] {processor.py:840} INFO - DAG(s) 'pipeline_ETL' retrieved from /opt/airflow/dags/ETL_pipeline.py
[2026-03-18T12:28:50.406+0000] {logging_mixin.py:188} INFO - [2026-03-18T12:28:50.406+0000] {dag.py:3036} INFO - Sync 1 DAGs
[2026-03-18T12:28:50.453+0000] {logging_mixin.py:188} INFO - [2026-03-18T12:28:50.453+0000] {dag.py:3823} INFO - Setting next_dagrun for pipeline_ETL to 2026-03-17 23:00:00+00:00, run_after=2026-03-18 23:00:00+00:00
[2026-03-18T12:28:50.545+0000] {processor.py:183} INFO - Processing /opt/airflow/dags/ETL_pipeline.py took 0.270 seconds
[2026-03-18T12:29:20.935+0000] {processor.py:161} INFO - Started process (PID=1342) to work on /opt/airflow/dags/ETL_pipeline.py
[2026-03-18T12:29:20.938+0000] {processor.py:830} INFO - Processing file /opt/airflow/dags/ETL_pipeline.py for tasks to queue
[2026-03-18T12:29:20.942+0000] {logging_mixin.py:188} INFO - [2026-03-18T12:29:20.941+0000] {dagbag.py:538} INFO - Filling up the DagBag from /opt/airflow/dags/ETL_pipeline.py
[2026-03-18T12:29:20.995+0000] {processor.py:840} INFO - DAG(s) 'pipeline_ETL' retrieved from /opt/airflow/dags/ETL_pipeline.py
[2026-03-18T12:29:21.075+0000] {logging_mixin.py:188} INFO - [2026-03-18T12:29:21.075+0000] {dag.py:3036} INFO - Sync 1 DAGs
[2026-03-18T12:29:21.119+0000] {logging_mixin.py:188} INFO - [2026-03-18T12:29:21.118+0000] {dag.py:3823} INFO - Setting next_dagrun for pipeline_ETL to 2026-03-17 23:00:00+00:00, run_after=2026-03-18 23:00:00+00:00
[2026-03-18T12:29:21.178+0000] {processor.py:183} INFO - Processing /opt/airflow/dags/ETL_pipeline.py took 0.252 seconds
[2026-03-18T12:29:51.362+0000] {processor.py:161} INFO - Started process (PID=1347) to work on /opt/airflow/dags/ETL_pipeline.py
[2026-03-18T12:29:51.365+0000] {processor.py:830} INFO - Processing file /opt/airflow/dags/ETL_pipeline.py for tasks to queue
[2026-03-18T12:29:51.369+0000] {logging_mixin.py:188} INFO - [2026-03-18T12:29:51.368+0000] {dagbag.py:538} INFO - Filling up the DagBag from /opt/airflow/dags/ETL_pipeline.py
[2026-03-18T12:29:51.428+0000] {processor.py:840} INFO - DAG(s) 'pipeline_ETL' retrieved from /opt/airflow/dags/ETL_pipeline.py
[2026-03-18T12:29:51.499+0000] {logging_mixin.py:188} INFO - [2026-03-18T12:29:51.499+0000] {dag.py:3036} INFO - Sync 1 DAGs
[2026-03-18T12:29:51.569+0000] {logging_mixin.py:188} INFO - [2026-03-18T12:29:51.568+0000] {dag.py:3823} INFO - Setting next_dagrun for pipeline_ETL to 2026-03-17 23:00:00+00:00, run_after=2026-03-18 23:00:00+00:00
[2026-03-18T12:29:51.646+0000] {processor.py:183} INFO - Processing /opt/airflow/dags/ETL_pipeline.py took 0.296 seconds
[2026-03-18T12:30:21.861+0000] {processor.py:161} INFO - Started process (PID=1352) to work on /opt/airflow/dags/ETL_pipeline.py
[2026-03-18T12:30:21.864+0000] {processor.py:830} INFO - Processing file /opt/airflow/dags/ETL_pipeline.py for tasks to queue
[2026-03-18T12:30:21.867+0000] {logging_mixin.py:188} INFO - [2026-03-18T12:30:21.866+0000] {dagbag.py:538} INFO - Filling up the DagBag from /opt/airflow/dags/ETL_pipeline.py
[2026-03-18T12:30:21.926+0000] {processor.py:840} INFO - DAG(s) 'pipeline_ETL' retrieved from /opt/airflow/dags/ETL_pipeline.py
[2026-03-18T12:30:22.001+0000] {logging_mixin.py:188} INFO - [2026-03-18T12:30:22.000+0000] {dag.py:3036} INFO - Sync 1 DAGs
[2026-03-18T12:30:22.063+0000] {logging_mixin.py:188} INFO - [2026-03-18T12:30:22.063+0000] {dag.py:3823} INFO - Setting next_dagrun for pipeline_ETL to 2026-03-17 23:00:00+00:00, run_after=2026-03-18 23:00:00+00:00
[2026-03-18T12:30:22.129+0000] {processor.py:183} INFO - Processing /opt/airflow/dags/ETL_pipeline.py took 0.278 seconds
[2026-03-18T12:30:52.384+0000] {processor.py:161} INFO - Started process (PID=1357) to work on /opt/airflow/dags/ETL_pipeline.py
[2026-03-18T12:30:52.387+0000] {processor.py:830} INFO - Processing file /opt/airflow/dags/ETL_pipeline.py for tasks to queue
[2026-03-18T12:30:52.389+0000] {logging_mixin.py:188} INFO - [2026-03-18T12:30:52.388+0000] {dagbag.py:538} INFO - Filling up the DagBag from /opt/airflow/dags/ETL_pipeline.py
[2026-03-18T12:30:52.447+0000] {processor.py:840} INFO - DAG(s) 'pipeline_ETL' retrieved from /opt/airflow/dags/ETL_pipeline.py
[2026-03-18T12:30:52.502+0000] {logging_mixin.py:188} INFO - [2026-03-18T12:30:52.502+0000] {dag.py:3036} INFO - Sync 1 DAGs
[2026-03-18T12:30:52.562+0000] {logging_mixin.py:188} INFO - [2026-03-18T12:30:52.561+0000] {dag.py:3823} INFO - Setting next_dagrun for pipeline_ETL to 2026-03-17 23:00:00+00:00, run_after=2026-03-18 23:00:00+00:00
[2026-03-18T12:30:52.780+0000] {processor.py:183} INFO - Processing /opt/airflow/dags/ETL_pipeline.py took 0.404 seconds
[2026-03-18T12:31:23.242+0000] {processor.py:161} INFO - Started process (PID=1362) to work on /opt/airflow/dags/ETL_pipeline.py
[2026-03-18T12:31:23.245+0000] {processor.py:830} INFO - Processing file /opt/airflow/dags/ETL_pipeline.py for tasks to queue
[2026-03-18T12:31:23.247+0000] {logging_mixin.py:188} INFO - [2026-03-18T12:31:23.246+0000] {dagbag.py:538} INFO - Filling up the DagBag from /opt/airflow/dags/ETL_pipeline.py
[2026-03-18T12:31:23.320+0000] {processor.py:840} INFO - DAG(s) 'pipeline_ETL' retrieved from /opt/airflow/dags/ETL_pipeline.py
[2026-03-18T12:31:23.407+0000] {logging_mixin.py:188} INFO - [2026-03-18T12:31:23.406+0000] {dag.py:3036} INFO - Sync 1 DAGs
[2026-03-18T12:31:23.473+0000] {logging_mixin.py:188} INFO - [2026-03-18T12:31:23.472+0000] {dag.py:3823} INFO - Setting next_dagrun for pipeline_ETL to 2026-03-17 23:00:00+00:00, run_after=2026-03-18 23:00:00+00:00
[2026-03-18T12:31:23.549+0000] {processor.py:183} INFO - Processing /opt/airflow/dags/ETL_pipeline.py took 0.316 seconds
[2026-03-18T12:31:53.969+0000] {processor.py:161} INFO - Started process (PID=1367) to work on /opt/airflow/dags/ETL_pipeline.py
[2026-03-18T12:31:53.972+0000] {processor.py:830} INFO - Processing file /opt/airflow/dags/ETL_pipeline.py for tasks to queue
[2026-03-18T12:31:53.977+0000] {logging_mixin.py:188} INFO - [2026-03-18T12:31:53.975+0000] {dagbag.py:538} INFO - Filling up the DagBag from /opt/airflow/dags/ETL_pipeline.py
[2026-03-18T12:31:54.042+0000] {processor.py:840} INFO - DAG(s) 'pipeline_ETL' retrieved from /opt/airflow/dags/ETL_pipeline.py
[2026-03-18T12:31:54.110+0000] {logging_mixin.py:188} INFO - [2026-03-18T12:31:54.110+0000] {dag.py:3036} INFO - Sync 1 DAGs
[2026-03-18T12:31:54.156+0000] {logging_mixin.py:188} INFO - [2026-03-18T12:31:54.156+0000] {dag.py:3823} INFO - Setting next_dagrun for pipeline_ETL to 2026-03-17 23:00:00+00:00, run_after=2026-03-18 23:00:00+00:00
[2026-03-18T12:31:54.215+0000] {processor.py:183} INFO - Processing /opt/airflow/dags/ETL_pipeline.py took 0.254 seconds
[2026-03-18T12:32:24.636+0000] {processor.py:161} INFO - Started process (PID=1372) to work on /opt/airflow/dags/ETL_pipeline.py
[2026-03-18T12:32:24.642+0000] {processor.py:830} INFO - Processing file /opt/airflow/dags/ETL_pipeline.py for tasks to queue
[2026-03-18T12:32:24.647+0000] {logging_mixin.py:188} INFO - [2026-03-18T12:32:24.646+0000] {dagbag.py:538} INFO - Filling up the DagBag from /opt/airflow/dags/ETL_pipeline.py
[2026-03-18T12:32:24.797+0000] {processor.py:840} INFO - DAG(s) 'pipeline_ETL' retrieved from /opt/airflow/dags/ETL_pipeline.py
[2026-03-18T12:32:24.944+0000] {logging_mixin.py:188} INFO - [2026-03-18T12:32:24.943+0000] {dag.py:3036} INFO - Sync 1 DAGs
[2026-03-18T12:32:25.079+0000] {logging_mixin.py:188} INFO - [2026-03-18T12:32:25.078+0000] {dag.py:3823} INFO - Setting next_dagrun for pipeline_ETL to 2026-03-17 23:00:00+00:00, run_after=2026-03-18 23:00:00+00:00
[2026-03-18T12:32:25.190+0000] {processor.py:183} INFO - Processing /opt/airflow/dags/ETL_pipeline.py took 0.574 seconds
[2026-03-18T12:32:55.589+0000] {processor.py:161} INFO - Started process (PID=1377) to work on /opt/airflow/dags/ETL_pipeline.py
[2026-03-18T12:32:55.593+0000] {processor.py:830} INFO - Processing file /opt/airflow/dags/ETL_pipeline.py for tasks to queue
[2026-03-18T12:32:55.596+0000] {logging_mixin.py:188} INFO - [2026-03-18T12:32:55.595+0000] {dagbag.py:538} INFO - Filling up the DagBag from /opt/airflow/dags/ETL_pipeline.py
[2026-03-18T12:32:55.650+0000] {processor.py:840} INFO - DAG(s) 'pipeline_ETL' retrieved from /opt/airflow/dags/ETL_pipeline.py
[2026-03-18T12:32:55.716+0000] {logging_mixin.py:188} INFO - [2026-03-18T12:32:55.716+0000] {dag.py:3036} INFO - Sync 1 DAGs
[2026-03-18T12:32:55.771+0000] {logging_mixin.py:188} INFO - [2026-03-18T12:32:55.771+0000] {dag.py:3823} INFO - Setting next_dagrun for pipeline_ETL to 2026-03-17 23:00:00+00:00, run_after=2026-03-18 23:00:00+00:00
[2026-03-18T12:32:55.833+0000] {processor.py:183} INFO - Processing /opt/airflow/dags/ETL_pipeline.py took 0.255 seconds
[2026-03-18T12:33:26.333+0000] {processor.py:161} INFO - Started process (PID=1382) to work on /opt/airflow/dags/ETL_pipeline.py
[2026-03-18T12:33:26.335+0000] {processor.py:830} INFO - Processing file /opt/airflow/dags/ETL_pipeline.py for tasks to queue
[2026-03-18T12:33:26.338+0000] {logging_mixin.py:188} INFO - [2026-03-18T12:33:26.337+0000] {dagbag.py:538} INFO - Filling up the DagBag from /opt/airflow/dags/ETL_pipeline.py
[2026-03-18T12:33:26.389+0000] {processor.py:840} INFO - DAG(s) 'pipeline_ETL' retrieved from /opt/airflow/dags/ETL_pipeline.py
[2026-03-18T12:33:26.446+0000] {logging_mixin.py:188} INFO - [2026-03-18T12:33:26.445+0000] {dag.py:3036} INFO - Sync 1 DAGs
[2026-03-18T12:33:26.487+0000] {logging_mixin.py:188} INFO - [2026-03-18T12:33:26.486+0000] {dag.py:3823} INFO - Setting next_dagrun for pipeline_ETL to 2026-03-17 23:00:00+00:00, run_after=2026-03-18 23:00:00+00:00
[2026-03-18T12:33:26.543+0000] {processor.py:183} INFO - Processing /opt/airflow/dags/ETL_pipeline.py took 0.220 seconds
[2026-03-18T12:33:56.904+0000] {processor.py:161} INFO - Started process (PID=1387) to work on /opt/airflow/dags/ETL_pipeline.py
[2026-03-18T12:33:56.908+0000] {processor.py:830} INFO - Processing file /opt/airflow/dags/ETL_pipeline.py for tasks to queue
[2026-03-18T12:33:56.912+0000] {logging_mixin.py:188} INFO - [2026-03-18T12:33:56.911+0000] {dagbag.py:538} INFO - Filling up the DagBag from /opt/airflow/dags/ETL_pipeline.py
[2026-03-18T12:33:57.001+0000] {processor.py:840} INFO - DAG(s) 'pipeline_ETL' retrieved from /opt/airflow/dags/ETL_pipeline.py
[2026-03-18T12:33:57.076+0000] {logging_mixin.py:188} INFO - [2026-03-18T12:33:57.076+0000] {dag.py:3036} INFO - Sync 1 DAGs
[2026-03-18T12:33:57.125+0000] {logging_mixin.py:188} INFO - [2026-03-18T12:33:57.125+0000] {dag.py:3823} INFO - Setting next_dagrun for pipeline_ETL to 2026-03-17 23:00:00+00:00, run_after=2026-03-18 23:00:00+00:00
[2026-03-18T12:33:57.194+0000] {processor.py:183} INFO - Processing /opt/airflow/dags/ETL_pipeline.py took 0.302 seconds
[2026-03-18T12:34:27.578+0000] {processor.py:161} INFO - Started process (PID=1392) to work on /opt/airflow/dags/ETL_pipeline.py
[2026-03-18T12:34:27.581+0000] {processor.py:830} INFO - Processing file /opt/airflow/dags/ETL_pipeline.py for tasks to queue
[2026-03-18T12:34:27.583+0000] {logging_mixin.py:188} INFO - [2026-03-18T12:34:27.583+0000] {dagbag.py:538} INFO - Filling up the DagBag from /opt/airflow/dags/ETL_pipeline.py
[2026-03-18T12:34:27.633+0000] {processor.py:840} INFO - DAG(s) 'pipeline_ETL' retrieved from /opt/airflow/dags/ETL_pipeline.py
[2026-03-18T12:34:27.726+0000] {logging_mixin.py:188} INFO - [2026-03-18T12:34:27.725+0000] {dag.py:3036} INFO - Sync 1 DAGs
[2026-03-18T12:34:27.804+0000] {logging_mixin.py:188} INFO - [2026-03-18T12:34:27.803+0000] {dag.py:3823} INFO - Setting next_dagrun for pipeline_ETL to 2026-03-17 23:00:00+00:00, run_after=2026-03-18 23:00:00+00:00
[2026-03-18T12:34:27.871+0000] {processor.py:183} INFO - Processing /opt/airflow/dags/ETL_pipeline.py took 0.302 seconds
[2026-03-18T12:34:57.993+0000] {processor.py:161} INFO - Started process (PID=1397) to work on /opt/airflow/dags/ETL_pipeline.py
[2026-03-18T12:34:57.997+0000] {processor.py:830} INFO - Processing file /opt/airflow/dags/ETL_pipeline.py for tasks to queue
[2026-03-18T12:34:58.001+0000] {logging_mixin.py:188} INFO - [2026-03-18T12:34:58.000+0000] {dagbag.py:538} INFO - Filling up the DagBag from /opt/airflow/dags/ETL_pipeline.py
[2026-03-18T12:34:58.058+0000] {processor.py:840} INFO - DAG(s) 'pipeline_ETL' retrieved from /opt/airflow/dags/ETL_pipeline.py
[2026-03-18T12:34:58.126+0000] {logging_mixin.py:188} INFO - [2026-03-18T12:34:58.125+0000] {dag.py:3036} INFO - Sync 1 DAGs
[2026-03-18T12:34:58.173+0000] {logging_mixin.py:188} INFO - [2026-03-18T12:34:58.173+0000] {dag.py:3823} INFO - Setting next_dagrun for pipeline_ETL to 2026-03-17 23:00:00+00:00, run_after=2026-03-18 23:00:00+00:00
[2026-03-18T12:34:58.235+0000] {processor.py:183} INFO - Processing /opt/airflow/dags/ETL_pipeline.py took 0.252 seconds
[2026-03-18T12:35:28.640+0000] {processor.py:161} INFO - Started process (PID=1402) to work on /opt/airflow/dags/ETL_pipeline.py
[2026-03-18T12:35:28.644+0000] {processor.py:830} INFO - Processing file /opt/airflow/dags/ETL_pipeline.py for tasks to queue
[2026-03-18T12:35:28.648+0000] {logging_mixin.py:188} INFO - [2026-03-18T12:35:28.647+0000] {dagbag.py:538} INFO - Filling up the DagBag from /opt/airflow/dags/ETL_pipeline.py
[2026-03-18T12:35:28.730+0000] {processor.py:840} INFO - DAG(s) 'pipeline_ETL' retrieved from /opt/airflow/dags/ETL_pipeline.py
[2026-03-18T12:35:28.826+0000] {logging_mixin.py:188} INFO - [2026-03-18T12:35:28.826+0000] {dag.py:3036} INFO - Sync 1 DAGs
[2026-03-18T12:35:28.882+0000] {logging_mixin.py:188} INFO - [2026-03-18T12:35:28.881+0000] {dag.py:3823} INFO - Setting next_dagrun for pipeline_ETL to 2026-03-17 23:00:00+00:00, run_after=2026-03-18 23:00:00+00:00
[2026-03-18T12:35:28.944+0000] {processor.py:183} INFO - Processing /opt/airflow/dags/ETL_pipeline.py took 0.313 seconds
[2026-03-18T12:35:59.366+0000] {processor.py:161} INFO - Started process (PID=1407) to work on /opt/airflow/dags/ETL_pipeline.py
[2026-03-18T12:35:59.369+0000] {processor.py:830} INFO - Processing file /opt/airflow/dags/ETL_pipeline.py for tasks to queue
[2026-03-18T12:35:59.372+0000] {logging_mixin.py:188} INFO - [2026-03-18T12:35:59.371+0000] {dagbag.py:538} INFO - Filling up the DagBag from /opt/airflow/dags/ETL_pipeline.py
[2026-03-18T12:35:59.438+0000] {processor.py:840} INFO - DAG(s) 'pipeline_ETL' retrieved from /opt/airflow/dags/ETL_pipeline.py
[2026-03-18T12:35:59.541+0000] {logging_mixin.py:188} INFO - [2026-03-18T12:35:59.540+0000] {dag.py:3036} INFO - Sync 1 DAGs
[2026-03-18T12:35:59.618+0000] {logging_mixin.py:188} INFO - [2026-03-18T12:35:59.617+0000] {dag.py:3823} INFO - Setting next_dagrun for pipeline_ETL to 2026-03-17 23:00:00+00:00, run_after=2026-03-18 23:00:00+00:00
[2026-03-18T12:35:59.690+0000] {processor.py:183} INFO - Processing /opt/airflow/dags/ETL_pipeline.py took 0.336 seconds
[2026-03-18T12:36:29.987+0000] {processor.py:161} INFO - Started process (PID=1412) to work on /opt/airflow/dags/ETL_pipeline.py
[2026-03-18T12:36:29.990+0000] {processor.py:830} INFO - Processing file /opt/airflow/dags/ETL_pipeline.py for tasks to queue
[2026-03-18T12:36:29.992+0000] {logging_mixin.py:188} INFO - [2026-03-18T12:36:29.991+0000] {dagbag.py:538} INFO - Filling up the DagBag from /opt/airflow/dags/ETL_pipeline.py
[2026-03-18T12:36:30.035+0000] {processor.py:840} INFO - DAG(s) 'pipeline_ETL' retrieved from /opt/airflow/dags/ETL_pipeline.py
[2026-03-18T12:36:30.091+0000] {logging_mixin.py:188} INFO - [2026-03-18T12:36:30.091+0000] {dag.py:3036} INFO - Sync 1 DAGs
[2026-03-18T12:36:30.139+0000] {logging_mixin.py:188} INFO - [2026-03-18T12:36:30.138+0000] {dag.py:3823} INFO - Setting next_dagrun for pipeline_ETL to 2026-03-17 23:00:00+00:00, run_after=2026-03-18 23:00:00+00:00
[2026-03-18T12:36:30.201+0000] {processor.py:183} INFO - Processing /opt/airflow/dags/ETL_pipeline.py took 0.219 seconds
[2026-03-18T12:37:00.300+0000] {processor.py:161} INFO - Started process (PID=1417) to work on /opt/airflow/dags/ETL_pipeline.py
[2026-03-18T12:37:00.303+0000] {processor.py:830} INFO - Processing file /opt/airflow/dags/ETL_pipeline.py for tasks to queue
[2026-03-18T12:37:00.306+0000] {logging_mixin.py:188} INFO - [2026-03-18T12:37:00.305+0000] {dagbag.py:538} INFO - Filling up the DagBag from /opt/airflow/dags/ETL_pipeline.py
[2026-03-18T12:37:00.369+0000] {processor.py:840} INFO - DAG(s) 'pipeline_ETL' retrieved from /opt/airflow/dags/ETL_pipeline.py
[2026-03-18T12:37:00.435+0000] {logging_mixin.py:188} INFO - [2026-03-18T12:37:00.434+0000] {dag.py:3036} INFO - Sync 1 DAGs
[2026-03-18T12:37:00.487+0000] {logging_mixin.py:188} INFO - [2026-03-18T12:37:00.486+0000] {dag.py:3823} INFO - Setting next_dagrun for pipeline_ETL to 2026-03-17 23:00:00+00:00, run_after=2026-03-18 23:00:00+00:00
[2026-03-18T12:37:00.551+0000] {processor.py:183} INFO - Processing /opt/airflow/dags/ETL_pipeline.py took 0.260 seconds
[2026-03-18T12:37:31.025+0000] {processor.py:161} INFO - Started process (PID=1422) to work on /opt/airflow/dags/ETL_pipeline.py
[2026-03-18T12:37:31.028+0000] {processor.py:830} INFO - Processing file /opt/airflow/dags/ETL_pipeline.py for tasks to queue
[2026-03-18T12:37:31.033+0000] {logging_mixin.py:188} INFO - [2026-03-18T12:37:31.031+0000] {dagbag.py:538} INFO - Filling up the DagBag from /opt/airflow/dags/ETL_pipeline.py
[2026-03-18T12:37:31.099+0000] {processor.py:840} INFO - DAG(s) 'pipeline_ETL' retrieved from /opt/airflow/dags/ETL_pipeline.py
[2026-03-18T12:37:31.180+0000] {logging_mixin.py:188} INFO - [2026-03-18T12:37:31.179+0000] {dag.py:3036} INFO - Sync 1 DAGs
[2026-03-18T12:37:31.236+0000] {logging_mixin.py:188} INFO - [2026-03-18T12:37:31.236+0000] {dag.py:3823} INFO - Setting next_dagrun for pipeline_ETL to 2026-03-17 23:00:00+00:00, run_after=2026-03-18 23:00:00+00:00
[2026-03-18T12:37:31.301+0000] {processor.py:183} INFO - Processing /opt/airflow/dags/ETL_pipeline.py took 0.286 seconds
[2026-03-18T12:38:01.455+0000] {processor.py:161} INFO - Started process (PID=1427) to work on /opt/airflow/dags/ETL_pipeline.py
[2026-03-18T12:38:01.458+0000] {processor.py:830} INFO - Processing file /opt/airflow/dags/ETL_pipeline.py for tasks to queue
[2026-03-18T12:38:01.461+0000] {logging_mixin.py:188} INFO - [2026-03-18T12:38:01.460+0000] {dagbag.py:538} INFO - Filling up the DagBag from /opt/airflow/dags/ETL_pipeline.py
[2026-03-18T12:38:01.525+0000] {processor.py:840} INFO - DAG(s) 'pipeline_ETL' retrieved from /opt/airflow/dags/ETL_pipeline.py
[2026-03-18T12:38:01.592+0000] {logging_mixin.py:188} INFO - [2026-03-18T12:38:01.591+0000] {dag.py:3036} INFO - Sync 1 DAGs
[2026-03-18T12:38:01.644+0000] {logging_mixin.py:188} INFO - [2026-03-18T12:38:01.644+0000] {dag.py:3823} INFO - Setting next_dagrun for pipeline_ETL to 2026-03-17 23:00:00+00:00, run_after=2026-03-18 23:00:00+00:00
[2026-03-18T12:38:01.710+0000] {processor.py:183} INFO - Processing /opt/airflow/dags/ETL_pipeline.py took 0.264 seconds
[2026-03-18T12:38:32.013+0000] {processor.py:161} INFO - Started process (PID=1432) to work on /opt/airflow/dags/ETL_pipeline.py
[2026-03-18T12:38:32.015+0000] {processor.py:830} INFO - Processing file /opt/airflow/dags/ETL_pipeline.py for tasks to queue
[2026-03-18T12:38:32.017+0000] {logging_mixin.py:188} INFO - [2026-03-18T12:38:32.017+0000] {dagbag.py:538} INFO - Filling up the DagBag from /opt/airflow/dags/ETL_pipeline.py
[2026-03-18T12:38:32.071+0000] {processor.py:840} INFO - DAG(s) 'pipeline_ETL' retrieved from /opt/airflow/dags/ETL_pipeline.py
[2026-03-18T12:38:32.129+0000] {logging_mixin.py:188} INFO - [2026-03-18T12:38:32.128+0000] {dag.py:3036} INFO - Sync 1 DAGs
[2026-03-18T12:38:32.171+0000] {logging_mixin.py:188} INFO - [2026-03-18T12:38:32.170+0000] {dag.py:3823} INFO - Setting next_dagrun for pipeline_ETL to 2026-03-17 23:00:00+00:00, run_after=2026-03-18 23:00:00+00:00
[2026-03-18T12:38:32.229+0000] {processor.py:183} INFO - Processing /opt/airflow/dags/ETL_pipeline.py took 0.224 seconds
[2026-03-18T12:39:02.536+0000] {processor.py:161} INFO - Started process (PID=1437) to work on /opt/airflow/dags/ETL_pipeline.py
[2026-03-18T12:39:02.539+0000] {processor.py:830} INFO - Processing file /opt/airflow/dags/ETL_pipeline.py for tasks to queue
[2026-03-18T12:39:02.541+0000] {logging_mixin.py:188} INFO - [2026-03-18T12:39:02.540+0000] {dagbag.py:538} INFO - Filling up the DagBag from /opt/airflow/dags/ETL_pipeline.py
[2026-03-18T12:39:02.600+0000] {processor.py:840} INFO - DAG(s) 'pipeline_ETL' retrieved from /opt/airflow/dags/ETL_pipeline.py
[2026-03-18T12:39:02.668+0000] {logging_mixin.py:188} INFO - [2026-03-18T12:39:02.668+0000] {dag.py:3036} INFO - Sync 1 DAGs
[2026-03-18T12:39:02.724+0000] {logging_mixin.py:188} INFO - [2026-03-18T12:39:02.723+0000] {dag.py:3823} INFO - Setting next_dagrun for pipeline_ETL to 2026-03-17 23:00:00+00:00, run_after=2026-03-18 23:00:00+00:00
[2026-03-18T12:39:02.790+0000] {processor.py:183} INFO - Processing /opt/airflow/dags/ETL_pipeline.py took 0.261 seconds
[2026-03-18T12:39:32.937+0000] {processor.py:161} INFO - Started process (PID=1442) to work on /opt/airflow/dags/ETL_pipeline.py
[2026-03-18T12:39:32.939+0000] {processor.py:830} INFO - Processing file /opt/airflow/dags/ETL_pipeline.py for tasks to queue
[2026-03-18T12:39:32.942+0000] {logging_mixin.py:188} INFO - [2026-03-18T12:39:32.941+0000] {dagbag.py:538} INFO - Filling up the DagBag from /opt/airflow/dags/ETL_pipeline.py
[2026-03-18T12:39:33.004+0000] {processor.py:840} INFO - DAG(s) 'pipeline_ETL' retrieved from /opt/airflow/dags/ETL_pipeline.py
[2026-03-18T12:39:33.075+0000] {logging_mixin.py:188} INFO - [2026-03-18T12:39:33.075+0000] {dag.py:3036} INFO - Sync 1 DAGs
[2026-03-18T12:39:33.129+0000] {logging_mixin.py:188} INFO - [2026-03-18T12:39:33.129+0000] {dag.py:3823} INFO - Setting next_dagrun for pipeline_ETL to 2026-03-17 23:00:00+00:00, run_after=2026-03-18 23:00:00+00:00
[2026-03-18T12:39:33.197+0000] {processor.py:183} INFO - Processing /opt/airflow/dags/ETL_pipeline.py took 0.266 seconds
[2026-03-18T12:40:03.607+0000] {processor.py:161} INFO - Started process (PID=1447) to work on /opt/airflow/dags/ETL_pipeline.py
[2026-03-18T12:40:03.610+0000] {processor.py:830} INFO - Processing file /opt/airflow/dags/ETL_pipeline.py for tasks to queue
[2026-03-18T12:40:03.613+0000] {logging_mixin.py:188} INFO - [2026-03-18T12:40:03.612+0000] {dagbag.py:538} INFO - Filling up the DagBag from /opt/airflow/dags/ETL_pipeline.py
[2026-03-18T12:40:03.686+0000] {processor.py:840} INFO - DAG(s) 'pipeline_ETL' retrieved from /opt/airflow/dags/ETL_pipeline.py
[2026-03-18T12:40:03.773+0000] {logging_mixin.py:188} INFO - [2026-03-18T12:40:03.773+0000] {dag.py:3036} INFO - Sync 1 DAGs
[2026-03-18T12:40:03.827+0000] {logging_mixin.py:188} INFO - [2026-03-18T12:40:03.827+0000] {dag.py:3823} INFO - Setting next_dagrun for pipeline_ETL to 2026-03-17 23:00:00+00:00, run_after=2026-03-18 23:00:00+00:00
[2026-03-18T12:40:03.894+0000] {processor.py:183} INFO - Processing /opt/airflow/dags/ETL_pipeline.py took 0.295 seconds
[2026-03-18T12:40:34.257+0000] {processor.py:161} INFO - Started process (PID=1452) to work on /opt/airflow/dags/ETL_pipeline.py
[2026-03-18T12:40:34.260+0000] {processor.py:830} INFO - Processing file /opt/airflow/dags/ETL_pipeline.py for tasks to queue
[2026-03-18T12:40:34.262+0000] {logging_mixin.py:188} INFO - [2026-03-18T12:40:34.262+0000] {dagbag.py:538} INFO - Filling up the DagBag from /opt/airflow/dags/ETL_pipeline.py
[2026-03-18T12:40:34.318+0000] {processor.py:840} INFO - DAG(s) 'pipeline_ETL' retrieved from /opt/airflow/dags/ETL_pipeline.py
[2026-03-18T12:40:34.384+0000] {logging_mixin.py:188} INFO - [2026-03-18T12:40:34.383+0000] {dag.py:3036} INFO - Sync 1 DAGs
[2026-03-18T12:40:34.444+0000] {logging_mixin.py:188} INFO - [2026-03-18T12:40:34.443+0000] {dag.py:3823} INFO - Setting next_dagrun for pipeline_ETL to 2026-03-17 23:00:00+00:00, run_after=2026-03-18 23:00:00+00:00
[2026-03-18T12:40:34.503+0000] {processor.py:183} INFO - Processing /opt/airflow/dags/ETL_pipeline.py took 0.255 seconds
[2026-03-18T12:41:04.986+0000] {processor.py:161} INFO - Started process (PID=1457) to work on /opt/airflow/dags/ETL_pipeline.py
[2026-03-18T12:41:04.993+0000] {processor.py:830} INFO - Processing file /opt/airflow/dags/ETL_pipeline.py for tasks to queue
[2026-03-18T12:41:04.997+0000] {logging_mixin.py:188} INFO - [2026-03-18T12:41:04.996+0000] {dagbag.py:538} INFO - Filling up the DagBag from /opt/airflow/dags/ETL_pipeline.py
[2026-03-18T12:41:05.160+0000] {processor.py:840} INFO - DAG(s) 'pipeline_ETL' retrieved from /opt/airflow/dags/ETL_pipeline.py
[2026-03-18T12:41:05.252+0000] {logging_mixin.py:188} INFO - [2026-03-18T12:41:05.251+0000] {dag.py:3036} INFO - Sync 1 DAGs
[2026-03-18T12:41:05.302+0000] {logging_mixin.py:188} INFO - [2026-03-18T12:41:05.301+0000] {dag.py:3823} INFO - Setting next_dagrun for pipeline_ETL to 2026-03-17 23:00:00+00:00, run_after=2026-03-18 23:00:00+00:00
[2026-03-18T12:41:05.373+0000] {processor.py:183} INFO - Processing /opt/airflow/dags/ETL_pipeline.py took 0.402 seconds
[2026-03-18T12:41:35.774+0000] {processor.py:161} INFO - Started process (PID=1462) to work on /opt/airflow/dags/ETL_pipeline.py
[2026-03-18T12:41:35.777+0000] {processor.py:830} INFO - Processing file /opt/airflow/dags/ETL_pipeline.py for tasks to queue
[2026-03-18T12:41:35.780+0000] {logging_mixin.py:188} INFO - [2026-03-18T12:41:35.780+0000] {dagbag.py:538} INFO - Filling up the DagBag from /opt/airflow/dags/ETL_pipeline.py
[2026-03-18T12:41:35.845+0000] {processor.py:840} INFO - DAG(s) 'pipeline_ETL' retrieved from /opt/airflow/dags/ETL_pipeline.py
[2026-03-18T12:41:35.910+0000] {logging_mixin.py:188} INFO - [2026-03-18T12:41:35.910+0000] {dag.py:3036} INFO - Sync 1 DAGs
[2026-03-18T12:41:35.953+0000] {logging_mixin.py:188} INFO - [2026-03-18T12:41:35.953+0000] {dag.py:3823} INFO - Setting next_dagrun for pipeline_ETL to 2026-03-17 23:00:00+00:00, run_after=2026-03-18 23:00:00+00:00
[2026-03-18T12:41:36.057+0000] {processor.py:183} INFO - Processing /opt/airflow/dags/ETL_pipeline.py took 0.293 seconds
[2026-03-18T12:42:06.417+0000] {processor.py:161} INFO - Started process (PID=1467) to work on /opt/airflow/dags/ETL_pipeline.py
[2026-03-18T12:42:06.420+0000] {processor.py:830} INFO - Processing file /opt/airflow/dags/ETL_pipeline.py for tasks to queue
[2026-03-18T12:42:06.423+0000] {logging_mixin.py:188} INFO - [2026-03-18T12:42:06.422+0000] {dagbag.py:538} INFO - Filling up the DagBag from /opt/airflow/dags/ETL_pipeline.py
[2026-03-18T12:42:06.485+0000] {processor.py:840} INFO - DAG(s) 'pipeline_ETL' retrieved from /opt/airflow/dags/ETL_pipeline.py
[2026-03-18T12:42:06.566+0000] {logging_mixin.py:188} INFO - [2026-03-18T12:42:06.565+0000] {dag.py:3036} INFO - Sync 1 DAGs
[2026-03-18T12:42:06.619+0000] {logging_mixin.py:188} INFO - [2026-03-18T12:42:06.619+0000] {dag.py:3823} INFO - Setting next_dagrun for pipeline_ETL to 2026-03-17 23:00:00+00:00, run_after=2026-03-18 23:00:00+00:00
[2026-03-18T12:42:06.683+0000] {processor.py:183} INFO - Processing /opt/airflow/dags/ETL_pipeline.py took 0.276 seconds
[2026-03-18T12:42:36.818+0000] {processor.py:161} INFO - Started process (PID=1472) to work on /opt/airflow/dags/ETL_pipeline.py
[2026-03-18T12:42:36.820+0000] {processor.py:830} INFO - Processing file /opt/airflow/dags/ETL_pipeline.py for tasks to queue
[2026-03-18T12:42:36.822+0000] {logging_mixin.py:188} INFO - [2026-03-18T12:42:36.822+0000] {dagbag.py:538} INFO - Filling up the DagBag from /opt/airflow/dags/ETL_pipeline.py
[2026-03-18T12:42:36.875+0000] {processor.py:840} INFO - DAG(s) 'pipeline_ETL' retrieved from /opt/airflow/dags/ETL_pipeline.py
[2026-03-18T12:42:36.933+0000] {logging_mixin.py:188} INFO - [2026-03-18T12:42:36.933+0000] {dag.py:3036} INFO - Sync 1 DAGs
[2026-03-18T12:42:37.007+0000] {logging_mixin.py:188} INFO - [2026-03-18T12:42:37.007+0000] {dag.py:3823} INFO - Setting next_dagrun for pipeline_ETL to 2026-03-17 23:00:00+00:00, run_after=2026-03-18 23:00:00+00:00
[2026-03-18T12:42:37.084+0000] {processor.py:183} INFO - Processing /opt/airflow/dags/ETL_pipeline.py took 0.274 seconds
[2026-03-18T12:43:07.352+0000] {processor.py:161} INFO - Started process (PID=1477) to work on /opt/airflow/dags/ETL_pipeline.py
[2026-03-18T12:43:07.355+0000] {processor.py:830} INFO - Processing file /opt/airflow/dags/ETL_pipeline.py for tasks to queue
[2026-03-18T12:43:07.358+0000] {logging_mixin.py:188} INFO - [2026-03-18T12:43:07.357+0000] {dagbag.py:538} INFO - Filling up the DagBag from /opt/airflow/dags/ETL_pipeline.py
[2026-03-18T12:43:07.427+0000] {processor.py:840} INFO - DAG(s) 'pipeline_ETL' retrieved from /opt/airflow/dags/ETL_pipeline.py
[2026-03-18T12:43:07.506+0000] {logging_mixin.py:188} INFO - [2026-03-18T12:43:07.505+0000] {dag.py:3036} INFO - Sync 1 DAGs
[2026-03-18T12:43:07.571+0000] {logging_mixin.py:188} INFO - [2026-03-18T12:43:07.570+0000] {dag.py:3823} INFO - Setting next_dagrun for pipeline_ETL to 2026-03-17 23:00:00+00:00, run_after=2026-03-18 23:00:00+00:00
[2026-03-18T12:43:07.637+0000] {processor.py:183} INFO - Processing /opt/airflow/dags/ETL_pipeline.py took 0.293 seconds
[2026-03-18T12:43:38.003+0000] {processor.py:161} INFO - Started process (PID=1482) to work on /opt/airflow/dags/ETL_pipeline.py
[2026-03-18T12:43:38.005+0000] {processor.py:830} INFO - Processing file /opt/airflow/dags/ETL_pipeline.py for tasks to queue
[2026-03-18T12:43:38.008+0000] {logging_mixin.py:188} INFO - [2026-03-18T12:43:38.007+0000] {dagbag.py:538} INFO - Filling up the DagBag from /opt/airflow/dags/ETL_pipeline.py
[2026-03-18T12:43:38.065+0000] {processor.py:840} INFO - DAG(s) 'pipeline_ETL' retrieved from /opt/airflow/dags/ETL_pipeline.py
[2026-03-18T12:43:38.135+0000] {logging_mixin.py:188} INFO - [2026-03-18T12:43:38.135+0000] {dag.py:3036} INFO - Sync 1 DAGs
[2026-03-18T12:43:38.184+0000] {logging_mixin.py:188} INFO - [2026-03-18T12:43:38.183+0000] {dag.py:3823} INFO - Setting next_dagrun for pipeline_ETL to 2026-03-17 23:00:00+00:00, run_after=2026-03-18 23:00:00+00:00
[2026-03-18T12:43:38.249+0000] {processor.py:183} INFO - Processing /opt/airflow/dags/ETL_pipeline.py took 0.254 seconds
[2026-03-18T12:44:08.399+0000] {processor.py:161} INFO - Started process (PID=1487) to work on /opt/airflow/dags/ETL_pipeline.py
[2026-03-18T12:44:08.402+0000] {processor.py:830} INFO - Processing file /opt/airflow/dags/ETL_pipeline.py for tasks to queue
[2026-03-18T12:44:08.405+0000] {logging_mixin.py:188} INFO - [2026-03-18T12:44:08.404+0000] {dagbag.py:538} INFO - Filling up the DagBag from /opt/airflow/dags/ETL_pipeline.py
[2026-03-18T12:44:08.461+0000] {processor.py:840} INFO - DAG(s) 'pipeline_ETL' retrieved from /opt/airflow/dags/ETL_pipeline.py
[2026-03-18T12:44:08.528+0000] {logging_mixin.py:188} INFO - [2026-03-18T12:44:08.527+0000] {dag.py:3036} INFO - Sync 1 DAGs
[2026-03-18T12:44:08.578+0000] {logging_mixin.py:188} INFO - [2026-03-18T12:44:08.577+0000] {dag.py:3823} INFO - Setting next_dagrun for pipeline_ETL to 2026-03-17 23:00:00+00:00, run_after=2026-03-18 23:00:00+00:00
[2026-03-18T12:44:08.643+0000] {processor.py:183} INFO - Processing /opt/airflow/dags/ETL_pipeline.py took 0.251 seconds
[2026-03-18T12:44:38.990+0000] {processor.py:161} INFO - Started process (PID=1492) to work on /opt/airflow/dags/ETL_pipeline.py
[2026-03-18T12:44:38.993+0000] {processor.py:830} INFO - Processing file /opt/airflow/dags/ETL_pipeline.py for tasks to queue
[2026-03-18T12:44:38.996+0000] {logging_mixin.py:188} INFO - [2026-03-18T12:44:38.995+0000] {dagbag.py:538} INFO - Filling up the DagBag from /opt/airflow/dags/ETL_pipeline.py
[2026-03-18T12:44:39.058+0000] {processor.py:840} INFO - DAG(s) 'pipeline_ETL' retrieved from /opt/airflow/dags/ETL_pipeline.py
[2026-03-18T12:44:39.128+0000] {logging_mixin.py:188} INFO - [2026-03-18T12:44:39.127+0000] {dag.py:3036} INFO - Sync 1 DAGs
[2026-03-18T12:44:39.165+0000] {logging_mixin.py:188} INFO - [2026-03-18T12:44:39.165+0000] {dag.py:3823} INFO - Setting next_dagrun for pipeline_ETL to 2026-03-17 23:00:00+00:00, run_after=2026-03-18 23:00:00+00:00
[2026-03-18T12:44:39.220+0000] {processor.py:183} INFO - Processing /opt/airflow/dags/ETL_pipeline.py took 0.238 seconds
[2026-03-18T12:45:09.295+0000] {processor.py:161} INFO - Started process (PID=1497) to work on /opt/airflow/dags/ETL_pipeline.py
[2026-03-18T12:45:09.297+0000] {processor.py:830} INFO - Processing file /opt/airflow/dags/ETL_pipeline.py for tasks to queue
[2026-03-18T12:45:09.299+0000] {logging_mixin.py:188} INFO - [2026-03-18T12:45:09.298+0000] {dagbag.py:538} INFO - Filling up the DagBag from /opt/airflow/dags/ETL_pipeline.py
[2026-03-18T12:45:09.336+0000] {processor.py:840} INFO - DAG(s) 'pipeline_ETL' retrieved from /opt/airflow/dags/ETL_pipeline.py
[2026-03-18T12:45:09.382+0000] {logging_mixin.py:188} INFO - [2026-03-18T12:45:09.381+0000] {dag.py:3036} INFO - Sync 1 DAGs
[2026-03-18T12:45:09.412+0000] {logging_mixin.py:188} INFO - [2026-03-18T12:45:09.411+0000] {dag.py:3823} INFO - Setting next_dagrun for pipeline_ETL to 2026-03-17 23:00:00+00:00, run_after=2026-03-18 23:00:00+00:00
[2026-03-18T12:45:09.462+0000] {processor.py:183} INFO - Processing /opt/airflow/dags/ETL_pipeline.py took 0.172 seconds
[2026-03-18T12:45:39.725+0000] {processor.py:161} INFO - Started process (PID=1502) to work on /opt/airflow/dags/ETL_pipeline.py
[2026-03-18T12:45:39.727+0000] {processor.py:830} INFO - Processing file /opt/airflow/dags/ETL_pipeline.py for tasks to queue
[2026-03-18T12:45:39.728+0000] {logging_mixin.py:188} INFO - [2026-03-18T12:45:39.728+0000] {dagbag.py:538} INFO - Filling up the DagBag from /opt/airflow/dags/ETL_pipeline.py
[2026-03-18T12:45:39.767+0000] {processor.py:840} INFO - DAG(s) 'pipeline_ETL' retrieved from /opt/airflow/dags/ETL_pipeline.py
[2026-03-18T12:45:39.819+0000] {logging_mixin.py:188} INFO - [2026-03-18T12:45:39.818+0000] {dag.py:3036} INFO - Sync 1 DAGs
[2026-03-18T12:45:39.855+0000] {logging_mixin.py:188} INFO - [2026-03-18T12:45:39.854+0000] {dag.py:3823} INFO - Setting next_dagrun for pipeline_ETL to 2026-03-17 23:00:00+00:00, run_after=2026-03-18 23:00:00+00:00
[2026-03-18T12:45:39.905+0000] {processor.py:183} INFO - Processing /opt/airflow/dags/ETL_pipeline.py took 0.185 seconds
[2026-03-18T12:46:10.186+0000] {processor.py:161} INFO - Started process (PID=1507) to work on /opt/airflow/dags/ETL_pipeline.py
[2026-03-18T12:46:10.189+0000] {processor.py:830} INFO - Processing file /opt/airflow/dags/ETL_pipeline.py for tasks to queue
[2026-03-18T12:46:10.191+0000] {logging_mixin.py:188} INFO - [2026-03-18T12:46:10.191+0000] {dagbag.py:538} INFO - Filling up the DagBag from /opt/airflow/dags/ETL_pipeline.py
[2026-03-18T12:46:10.236+0000] {processor.py:840} INFO - DAG(s) 'pipeline_ETL' retrieved from /opt/airflow/dags/ETL_pipeline.py
[2026-03-18T12:46:10.293+0000] {logging_mixin.py:188} INFO - [2026-03-18T12:46:10.293+0000] {dag.py:3036} INFO - Sync 1 DAGs
[2026-03-18T12:46:10.337+0000] {logging_mixin.py:188} INFO - [2026-03-18T12:46:10.337+0000] {dag.py:3823} INFO - Setting next_dagrun for pipeline_ETL to 2026-03-17 23:00:00+00:00, run_after=2026-03-18 23:00:00+00:00
[2026-03-18T12:46:10.398+0000] {processor.py:183} INFO - Processing /opt/airflow/dags/ETL_pipeline.py took 0.218 seconds
[2026-03-18T12:46:40.569+0000] {processor.py:161} INFO - Started process (PID=1512) to work on /opt/airflow/dags/ETL_pipeline.py
[2026-03-18T12:46:40.572+0000] {processor.py:830} INFO - Processing file /opt/airflow/dags/ETL_pipeline.py for tasks to queue
[2026-03-18T12:46:40.575+0000] {logging_mixin.py:188} INFO - [2026-03-18T12:46:40.574+0000] {dagbag.py:538} INFO - Filling up the DagBag from /opt/airflow/dags/ETL_pipeline.py
[2026-03-18T12:46:40.635+0000] {processor.py:840} INFO - DAG(s) 'pipeline_ETL' retrieved from /opt/airflow/dags/ETL_pipeline.py
[2026-03-18T12:46:40.701+0000] {logging_mixin.py:188} INFO - [2026-03-18T12:46:40.700+0000] {dag.py:3036} INFO - Sync 1 DAGs
[2026-03-18T12:46:40.747+0000] {logging_mixin.py:188} INFO - [2026-03-18T12:46:40.746+0000] {dag.py:3823} INFO - Setting next_dagrun for pipeline_ETL to 2026-03-17 23:00:00+00:00, run_after=2026-03-18 23:00:00+00:00
[2026-03-18T12:46:40.805+0000] {processor.py:183} INFO - Processing /opt/airflow/dags/ETL_pipeline.py took 0.244 seconds
[2026-03-18T12:47:11.042+0000] {processor.py:161} INFO - Started process (PID=1517) to work on /opt/airflow/dags/ETL_pipeline.py
[2026-03-18T12:47:11.045+0000] {processor.py:830} INFO - Processing file /opt/airflow/dags/ETL_pipeline.py for tasks to queue
[2026-03-18T12:47:11.047+0000] {logging_mixin.py:188} INFO - [2026-03-18T12:47:11.047+0000] {dagbag.py:538} INFO - Filling up the DagBag from /opt/airflow/dags/ETL_pipeline.py
[2026-03-18T12:47:11.103+0000] {processor.py:840} INFO - DAG(s) 'pipeline_ETL' retrieved from /opt/airflow/dags/ETL_pipeline.py
[2026-03-18T12:47:11.166+0000] {logging_mixin.py:188} INFO - [2026-03-18T12:47:11.165+0000] {dag.py:3036} INFO - Sync 1 DAGs
[2026-03-18T12:47:11.214+0000] {logging_mixin.py:188} INFO - [2026-03-18T12:47:11.214+0000] {dag.py:3823} INFO - Setting next_dagrun for pipeline_ETL to 2026-03-17 23:00:00+00:00, run_after=2026-03-18 23:00:00+00:00
[2026-03-18T12:47:11.276+0000] {processor.py:183} INFO - Processing /opt/airflow/dags/ETL_pipeline.py took 0.241 seconds
[2026-03-18T12:47:41.473+0000] {processor.py:161} INFO - Started process (PID=1522) to work on /opt/airflow/dags/ETL_pipeline.py
[2026-03-18T12:47:41.475+0000] {processor.py:830} INFO - Processing file /opt/airflow/dags/ETL_pipeline.py for tasks to queue
[2026-03-18T12:47:41.477+0000] {logging_mixin.py:188} INFO - [2026-03-18T12:47:41.477+0000] {dagbag.py:538} INFO - Filling up the DagBag from /opt/airflow/dags/ETL_pipeline.py
[2026-03-18T12:47:41.526+0000] {processor.py:840} INFO - DAG(s) 'pipeline_ETL' retrieved from /opt/airflow/dags/ETL_pipeline.py
[2026-03-18T12:47:41.612+0000] {logging_mixin.py:188} INFO - [2026-03-18T12:47:41.611+0000] {dag.py:3036} INFO - Sync 1 DAGs
[2026-03-18T12:47:41.673+0000] {logging_mixin.py:188} INFO - [2026-03-18T12:47:41.673+0000] {dag.py:3823} INFO - Setting next_dagrun for pipeline_ETL to 2026-03-17 23:00:00+00:00, run_after=2026-03-18 23:00:00+00:00
[2026-03-18T12:47:41.768+0000] {processor.py:183} INFO - Processing /opt/airflow/dags/ETL_pipeline.py took 0.300 seconds
[2026-03-18T12:48:11.895+0000] {processor.py:161} INFO - Started process (PID=1527) to work on /opt/airflow/dags/ETL_pipeline.py
[2026-03-18T12:48:11.897+0000] {processor.py:830} INFO - Processing file /opt/airflow/dags/ETL_pipeline.py for tasks to queue
[2026-03-18T12:48:11.899+0000] {logging_mixin.py:188} INFO - [2026-03-18T12:48:11.898+0000] {dagbag.py:538} INFO - Filling up the DagBag from /opt/airflow/dags/ETL_pipeline.py
[2026-03-18T12:48:11.941+0000] {processor.py:840} INFO - DAG(s) 'pipeline_ETL' retrieved from /opt/airflow/dags/ETL_pipeline.py
[2026-03-18T12:48:11.995+0000] {logging_mixin.py:188} INFO - [2026-03-18T12:48:11.995+0000] {dag.py:3036} INFO - Sync 1 DAGs
[2026-03-18T12:48:12.033+0000] {logging_mixin.py:188} INFO - [2026-03-18T12:48:12.033+0000] {dag.py:3823} INFO - Setting next_dagrun for pipeline_ETL to 2026-03-17 23:00:00+00:00, run_after=2026-03-18 23:00:00+00:00
[2026-03-18T12:48:12.087+0000] {processor.py:183} INFO - Processing /opt/airflow/dags/ETL_pipeline.py took 0.196 seconds
[2026-03-18T12:48:42.379+0000] {processor.py:161} INFO - Started process (PID=1532) to work on /opt/airflow/dags/ETL_pipeline.py
[2026-03-18T12:48:42.384+0000] {processor.py:830} INFO - Processing file /opt/airflow/dags/ETL_pipeline.py for tasks to queue
[2026-03-18T12:48:42.389+0000] {logging_mixin.py:188} INFO - [2026-03-18T12:48:42.387+0000] {dagbag.py:538} INFO - Filling up the DagBag from /opt/airflow/dags/ETL_pipeline.py
[2026-03-18T12:48:42.480+0000] {processor.py:840} INFO - DAG(s) 'pipeline_ETL' retrieved from /opt/airflow/dags/ETL_pipeline.py
[2026-03-18T12:48:42.538+0000] {logging_mixin.py:188} INFO - [2026-03-18T12:48:42.538+0000] {dag.py:3036} INFO - Sync 1 DAGs
[2026-03-18T12:48:42.567+0000] {logging_mixin.py:188} INFO - [2026-03-18T12:48:42.567+0000] {dag.py:3823} INFO - Setting next_dagrun for pipeline_ETL to 2026-03-17 23:00:00+00:00, run_after=2026-03-18 23:00:00+00:00
[2026-03-18T12:48:42.672+0000] {processor.py:183} INFO - Processing /opt/airflow/dags/ETL_pipeline.py took 0.309 seconds
[2026-03-18T12:49:12.825+0000] {processor.py:161} INFO - Started process (PID=1537) to work on /opt/airflow/dags/ETL_pipeline.py
[2026-03-18T12:49:12.826+0000] {processor.py:830} INFO - Processing file /opt/airflow/dags/ETL_pipeline.py for tasks to queue
[2026-03-18T12:49:12.828+0000] {logging_mixin.py:188} INFO - [2026-03-18T12:49:12.827+0000] {dagbag.py:538} INFO - Filling up the DagBag from /opt/airflow/dags/ETL_pipeline.py
[2026-03-18T12:49:12.862+0000] {processor.py:840} INFO - DAG(s) 'pipeline_ETL' retrieved from /opt/airflow/dags/ETL_pipeline.py
[2026-03-18T12:49:12.904+0000] {logging_mixin.py:188} INFO - [2026-03-18T12:49:12.904+0000] {dag.py:3036} INFO - Sync 1 DAGs
[2026-03-18T12:49:12.933+0000] {logging_mixin.py:188} INFO - [2026-03-18T12:49:12.933+0000] {dag.py:3823} INFO - Setting next_dagrun for pipeline_ETL to 2026-03-17 23:00:00+00:00, run_after=2026-03-18 23:00:00+00:00
[2026-03-18T12:49:12.982+0000] {processor.py:183} INFO - Processing /opt/airflow/dags/ETL_pipeline.py took 0.162 seconds
[2026-03-18T12:49:43.216+0000] {processor.py:161} INFO - Started process (PID=1542) to work on /opt/airflow/dags/ETL_pipeline.py
[2026-03-18T12:49:43.218+0000] {processor.py:830} INFO - Processing file /opt/airflow/dags/ETL_pipeline.py for tasks to queue
[2026-03-18T12:49:43.219+0000] {logging_mixin.py:188} INFO - [2026-03-18T12:49:43.219+0000] {dagbag.py:538} INFO - Filling up the DagBag from /opt/airflow/dags/ETL_pipeline.py
[2026-03-18T12:49:43.255+0000] {processor.py:840} INFO - DAG(s) 'pipeline_ETL' retrieved from /opt/airflow/dags/ETL_pipeline.py
[2026-03-18T12:49:43.297+0000] {logging_mixin.py:188} INFO - [2026-03-18T12:49:43.297+0000] {dag.py:3036} INFO - Sync 1 DAGs
[2026-03-18T12:49:43.327+0000] {logging_mixin.py:188} INFO - [2026-03-18T12:49:43.327+0000] {dag.py:3823} INFO - Setting next_dagrun for pipeline_ETL to 2026-03-17 23:00:00+00:00, run_after=2026-03-18 23:00:00+00:00
[2026-03-18T12:49:43.372+0000] {processor.py:183} INFO - Processing /opt/airflow/dags/ETL_pipeline.py took 0.163 seconds
[2026-03-18T12:50:13.667+0000] {processor.py:161} INFO - Started process (PID=1547) to work on /opt/airflow/dags/ETL_pipeline.py
[2026-03-18T12:50:13.669+0000] {processor.py:830} INFO - Processing file /opt/airflow/dags/ETL_pipeline.py for tasks to queue
[2026-03-18T12:50:13.671+0000] {logging_mixin.py:188} INFO - [2026-03-18T12:50:13.670+0000] {dagbag.py:538} INFO - Filling up the DagBag from /opt/airflow/dags/ETL_pipeline.py
[2026-03-18T12:50:13.709+0000] {processor.py:840} INFO - DAG(s) 'pipeline_ETL' retrieved from /opt/airflow/dags/ETL_pipeline.py
[2026-03-18T12:50:13.754+0000] {logging_mixin.py:188} INFO - [2026-03-18T12:50:13.753+0000] {dag.py:3036} INFO - Sync 1 DAGs
[2026-03-18T12:50:13.784+0000] {logging_mixin.py:188} INFO - [2026-03-18T12:50:13.783+0000] {dag.py:3823} INFO - Setting next_dagrun for pipeline_ETL to 2026-03-17 23:00:00+00:00, run_after=2026-03-18 23:00:00+00:00
[2026-03-18T12:50:13.830+0000] {processor.py:183} INFO - Processing /opt/airflow/dags/ETL_pipeline.py took 0.167 seconds
[2026-03-18T12:50:44.007+0000] {processor.py:161} INFO - Started process (PID=1552) to work on /opt/airflow/dags/ETL_pipeline.py
[2026-03-18T12:50:44.010+0000] {processor.py:830} INFO - Processing file /opt/airflow/dags/ETL_pipeline.py for tasks to queue
[2026-03-18T12:50:44.011+0000] {logging_mixin.py:188} INFO - [2026-03-18T12:50:44.011+0000] {dagbag.py:538} INFO - Filling up the DagBag from /opt/airflow/dags/ETL_pipeline.py
[2026-03-18T12:50:44.062+0000] {processor.py:840} INFO - DAG(s) 'pipeline_ETL' retrieved from /opt/airflow/dags/ETL_pipeline.py
[2026-03-18T12:50:44.118+0000] {logging_mixin.py:188} INFO - [2026-03-18T12:50:44.117+0000] {dag.py:3036} INFO - Sync 1 DAGs
[2026-03-18T12:50:44.160+0000] {logging_mixin.py:188} INFO - [2026-03-18T12:50:44.159+0000] {dag.py:3823} INFO - Setting next_dagrun for pipeline_ETL to 2026-03-17 23:00:00+00:00, run_after=2026-03-18 23:00:00+00:00
[2026-03-18T12:50:44.204+0000] {processor.py:183} INFO - Processing /opt/airflow/dags/ETL_pipeline.py took 0.203 seconds
[2026-03-18T12:51:14.488+0000] {processor.py:161} INFO - Started process (PID=1557) to work on /opt/airflow/dags/ETL_pipeline.py
[2026-03-18T12:51:14.490+0000] {processor.py:830} INFO - Processing file /opt/airflow/dags/ETL_pipeline.py for tasks to queue
[2026-03-18T12:51:14.493+0000] {logging_mixin.py:188} INFO - [2026-03-18T12:51:14.492+0000] {dagbag.py:538} INFO - Filling up the DagBag from /opt/airflow/dags/ETL_pipeline.py
[2026-03-18T12:51:14.551+0000] {processor.py:840} INFO - DAG(s) 'pipeline_ETL' retrieved from /opt/airflow/dags/ETL_pipeline.py
[2026-03-18T12:51:14.614+0000] {logging_mixin.py:188} INFO - [2026-03-18T12:51:14.613+0000] {dag.py:3036} INFO - Sync 1 DAGs
[2026-03-18T12:51:14.699+0000] {logging_mixin.py:188} INFO - [2026-03-18T12:51:14.698+0000] {dag.py:3823} INFO - Setting next_dagrun for pipeline_ETL to 2026-03-17 23:00:00+00:00, run_after=2026-03-18 23:00:00+00:00
[2026-03-18T12:51:14.812+0000] {processor.py:183} INFO - Processing /opt/airflow/dags/ETL_pipeline.py took 0.331 seconds
[2026-03-18T12:51:45.160+0000] {processor.py:161} INFO - Started process (PID=1562) to work on /opt/airflow/dags/ETL_pipeline.py
[2026-03-18T12:51:45.163+0000] {processor.py:830} INFO - Processing file /opt/airflow/dags/ETL_pipeline.py for tasks to queue
[2026-03-18T12:51:45.165+0000] {logging_mixin.py:188} INFO - [2026-03-18T12:51:45.164+0000] {dagbag.py:538} INFO - Filling up the DagBag from /opt/airflow/dags/ETL_pipeline.py
[2026-03-18T12:51:45.211+0000] {processor.py:840} INFO - DAG(s) 'pipeline_ETL' retrieved from /opt/airflow/dags/ETL_pipeline.py
[2026-03-18T12:51:45.259+0000] {logging_mixin.py:188} INFO - [2026-03-18T12:51:45.259+0000] {dag.py:3036} INFO - Sync 1 DAGs
[2026-03-18T12:51:45.290+0000] {logging_mixin.py:188} INFO - [2026-03-18T12:51:45.290+0000] {dag.py:3823} INFO - Setting next_dagrun for pipeline_ETL to 2026-03-17 23:00:00+00:00, run_after=2026-03-18 23:00:00+00:00
[2026-03-18T12:51:45.347+0000] {processor.py:183} INFO - Processing /opt/airflow/dags/ETL_pipeline.py took 0.194 seconds
[2026-03-18T12:52:15.532+0000] {processor.py:161} INFO - Started process (PID=1567) to work on /opt/airflow/dags/ETL_pipeline.py
[2026-03-18T12:52:15.534+0000] {processor.py:830} INFO - Processing file /opt/airflow/dags/ETL_pipeline.py for tasks to queue
[2026-03-18T12:52:15.537+0000] {logging_mixin.py:188} INFO - [2026-03-18T12:52:15.536+0000] {dagbag.py:538} INFO - Filling up the DagBag from /opt/airflow/dags/ETL_pipeline.py
[2026-03-18T12:52:15.585+0000] {processor.py:840} INFO - DAG(s) 'pipeline_ETL' retrieved from /opt/airflow/dags/ETL_pipeline.py
[2026-03-18T12:52:15.655+0000] {logging_mixin.py:188} INFO - [2026-03-18T12:52:15.655+0000] {dag.py:3036} INFO - Sync 1 DAGs
[2026-03-18T12:52:15.707+0000] {logging_mixin.py:188} INFO - [2026-03-18T12:52:15.706+0000] {dag.py:3823} INFO - Setting next_dagrun for pipeline_ETL to 2026-03-17 23:00:00+00:00, run_after=2026-03-18 23:00:00+00:00
[2026-03-18T12:52:15.774+0000] {processor.py:183} INFO - Processing /opt/airflow/dags/ETL_pipeline.py took 0.249 seconds
[2026-03-18T12:52:46.096+0000] {processor.py:161} INFO - Started process (PID=1572) to work on /opt/airflow/dags/ETL_pipeline.py
[2026-03-18T12:52:46.102+0000] {processor.py:830} INFO - Processing file /opt/airflow/dags/ETL_pipeline.py for tasks to queue
[2026-03-18T12:52:46.105+0000] {logging_mixin.py:188} INFO - [2026-03-18T12:52:46.104+0000] {dagbag.py:538} INFO - Filling up the DagBag from /opt/airflow/dags/ETL_pipeline.py
[2026-03-18T12:52:46.166+0000] {processor.py:840} INFO - DAG(s) 'pipeline_ETL' retrieved from /opt/airflow/dags/ETL_pipeline.py
[2026-03-18T12:52:46.238+0000] {logging_mixin.py:188} INFO - [2026-03-18T12:52:46.237+0000] {dag.py:3036} INFO - Sync 1 DAGs
[2026-03-18T12:52:46.294+0000] {logging_mixin.py:188} INFO - [2026-03-18T12:52:46.293+0000] {dag.py:3823} INFO - Setting next_dagrun for pipeline_ETL to 2026-03-17 23:00:00+00:00, run_after=2026-03-18 23:00:00+00:00
[2026-03-18T12:52:46.359+0000] {processor.py:183} INFO - Processing /opt/airflow/dags/ETL_pipeline.py took 0.274 seconds
[2026-03-18T12:53:16.475+0000] {processor.py:161} INFO - Started process (PID=1577) to work on /opt/airflow/dags/ETL_pipeline.py
[2026-03-18T12:53:16.476+0000] {processor.py:830} INFO - Processing file /opt/airflow/dags/ETL_pipeline.py for tasks to queue
[2026-03-18T12:53:16.478+0000] {logging_mixin.py:188} INFO - [2026-03-18T12:53:16.477+0000] {dagbag.py:538} INFO - Filling up the DagBag from /opt/airflow/dags/ETL_pipeline.py
[2026-03-18T12:53:16.512+0000] {processor.py:840} INFO - DAG(s) 'pipeline_ETL' retrieved from /opt/airflow/dags/ETL_pipeline.py
[2026-03-18T12:53:16.554+0000] {logging_mixin.py:188} INFO - [2026-03-18T12:53:16.553+0000] {dag.py:3036} INFO - Sync 1 DAGs
[2026-03-18T12:53:16.582+0000] {logging_mixin.py:188} INFO - [2026-03-18T12:53:16.581+0000] {dag.py:3823} INFO - Setting next_dagrun for pipeline_ETL to 2026-03-17 23:00:00+00:00, run_after=2026-03-18 23:00:00+00:00
[2026-03-18T12:53:16.628+0000] {processor.py:183} INFO - Processing /opt/airflow/dags/ETL_pipeline.py took 0.157 seconds
[2026-03-18T12:53:47.015+0000] {processor.py:161} INFO - Started process (PID=1582) to work on /opt/airflow/dags/ETL_pipeline.py
[2026-03-18T12:53:47.017+0000] {processor.py:830} INFO - Processing file /opt/airflow/dags/ETL_pipeline.py for tasks to queue
[2026-03-18T12:53:47.019+0000] {logging_mixin.py:188} INFO - [2026-03-18T12:53:47.018+0000] {dagbag.py:538} INFO - Filling up the DagBag from /opt/airflow/dags/ETL_pipeline.py
[2026-03-18T12:53:47.062+0000] {processor.py:840} INFO - DAG(s) 'pipeline_ETL' retrieved from /opt/airflow/dags/ETL_pipeline.py
[2026-03-18T12:53:47.114+0000] {logging_mixin.py:188} INFO - [2026-03-18T12:53:47.113+0000] {dag.py:3036} INFO - Sync 1 DAGs
[2026-03-18T12:53:47.155+0000] {logging_mixin.py:188} INFO - [2026-03-18T12:53:47.155+0000] {dag.py:3823} INFO - Setting next_dagrun for pipeline_ETL to 2026-03-17 23:00:00+00:00, run_after=2026-03-18 23:00:00+00:00
[2026-03-18T12:53:47.214+0000] {processor.py:183} INFO - Processing /opt/airflow/dags/ETL_pipeline.py took 0.206 seconds
[2026-03-18T12:54:17.357+0000] {processor.py:161} INFO - Started process (PID=1587) to work on /opt/airflow/dags/ETL_pipeline.py
[2026-03-18T12:54:17.360+0000] {processor.py:830} INFO - Processing file /opt/airflow/dags/ETL_pipeline.py for tasks to queue
[2026-03-18T12:54:17.362+0000] {logging_mixin.py:188} INFO - [2026-03-18T12:54:17.361+0000] {dagbag.py:538} INFO - Filling up the DagBag from /opt/airflow/dags/ETL_pipeline.py
[2026-03-18T12:54:17.412+0000] {processor.py:840} INFO - DAG(s) 'pipeline_ETL' retrieved from /opt/airflow/dags/ETL_pipeline.py
[2026-03-18T12:54:17.469+0000] {logging_mixin.py:188} INFO - [2026-03-18T12:54:17.468+0000] {dag.py:3036} INFO - Sync 1 DAGs
[2026-03-18T12:54:17.517+0000] {logging_mixin.py:188} INFO - [2026-03-18T12:54:17.516+0000] {dag.py:3823} INFO - Setting next_dagrun for pipeline_ETL to 2026-03-17 23:00:00+00:00, run_after=2026-03-18 23:00:00+00:00
[2026-03-18T12:54:17.573+0000] {processor.py:183} INFO - Processing /opt/airflow/dags/ETL_pipeline.py took 0.222 seconds
[2026-03-18T12:54:47.916+0000] {processor.py:161} INFO - Started process (PID=1592) to work on /opt/airflow/dags/ETL_pipeline.py
[2026-03-18T12:54:47.920+0000] {processor.py:830} INFO - Processing file /opt/airflow/dags/ETL_pipeline.py for tasks to queue
[2026-03-18T12:54:47.922+0000] {logging_mixin.py:188} INFO - [2026-03-18T12:54:47.921+0000] {dagbag.py:538} INFO - Filling up the DagBag from /opt/airflow/dags/ETL_pipeline.py
[2026-03-18T12:54:47.980+0000] {processor.py:840} INFO - DAG(s) 'pipeline_ETL' retrieved from /opt/airflow/dags/ETL_pipeline.py
[2026-03-18T12:54:48.044+0000] {logging_mixin.py:188} INFO - [2026-03-18T12:54:48.044+0000] {dag.py:3036} INFO - Sync 1 DAGs
[2026-03-18T12:54:48.085+0000] {logging_mixin.py:188} INFO - [2026-03-18T12:54:48.085+0000] {dag.py:3823} INFO - Setting next_dagrun for pipeline_ETL to 2026-03-17 23:00:00+00:00, run_after=2026-03-18 23:00:00+00:00
[2026-03-18T12:54:48.141+0000] {processor.py:183} INFO - Processing /opt/airflow/dags/ETL_pipeline.py took 0.232 seconds
[2026-03-18T12:55:18.286+0000] {processor.py:161} INFO - Started process (PID=1597) to work on /opt/airflow/dags/ETL_pipeline.py
[2026-03-18T12:55:18.288+0000] {processor.py:830} INFO - Processing file /opt/airflow/dags/ETL_pipeline.py for tasks to queue
[2026-03-18T12:55:18.290+0000] {logging_mixin.py:188} INFO - [2026-03-18T12:55:18.290+0000] {dagbag.py:538} INFO - Filling up the DagBag from /opt/airflow/dags/ETL_pipeline.py
[2026-03-18T12:55:18.350+0000] {processor.py:840} INFO - DAG(s) 'pipeline_ETL' retrieved from /opt/airflow/dags/ETL_pipeline.py
[2026-03-18T12:55:18.415+0000] {logging_mixin.py:188} INFO - [2026-03-18T12:55:18.415+0000] {dag.py:3036} INFO - Sync 1 DAGs
[2026-03-18T12:55:18.461+0000] {logging_mixin.py:188} INFO - [2026-03-18T12:55:18.460+0000] {dag.py:3823} INFO - Setting next_dagrun for pipeline_ETL to 2026-03-17 23:00:00+00:00, run_after=2026-03-18 23:00:00+00:00
[2026-03-18T12:55:18.519+0000] {processor.py:183} INFO - Processing /opt/airflow/dags/ETL_pipeline.py took 0.241 seconds
[2026-03-18T12:55:48.724+0000] {processor.py:161} INFO - Started process (PID=1602) to work on /opt/airflow/dags/ETL_pipeline.py
[2026-03-18T12:55:48.726+0000] {processor.py:830} INFO - Processing file /opt/airflow/dags/ETL_pipeline.py for tasks to queue
[2026-03-18T12:55:48.729+0000] {logging_mixin.py:188} INFO - [2026-03-18T12:55:48.728+0000] {dagbag.py:538} INFO - Filling up the DagBag from /opt/airflow/dags/ETL_pipeline.py
[2026-03-18T12:55:48.776+0000] {processor.py:840} INFO - DAG(s) 'pipeline_ETL' retrieved from /opt/airflow/dags/ETL_pipeline.py
[2026-03-18T12:55:48.837+0000] {logging_mixin.py:188} INFO - [2026-03-18T12:55:48.836+0000] {dag.py:3036} INFO - Sync 1 DAGs
[2026-03-18T12:55:48.878+0000] {logging_mixin.py:188} INFO - [2026-03-18T12:55:48.878+0000] {dag.py:3823} INFO - Setting next_dagrun for pipeline_ETL to 2026-03-17 23:00:00+00:00, run_after=2026-03-18 23:00:00+00:00
[2026-03-18T12:55:48.933+0000] {processor.py:183} INFO - Processing /opt/airflow/dags/ETL_pipeline.py took 0.216 seconds
[2026-03-18T12:56:19.158+0000] {processor.py:161} INFO - Started process (PID=1607) to work on /opt/airflow/dags/ETL_pipeline.py
[2026-03-18T12:56:19.159+0000] {processor.py:830} INFO - Processing file /opt/airflow/dags/ETL_pipeline.py for tasks to queue
[2026-03-18T12:56:19.160+0000] {logging_mixin.py:188} INFO - [2026-03-18T12:56:19.160+0000] {dagbag.py:538} INFO - Filling up the DagBag from /opt/airflow/dags/ETL_pipeline.py
[2026-03-18T12:56:19.196+0000] {processor.py:840} INFO - DAG(s) 'pipeline_ETL' retrieved from /opt/airflow/dags/ETL_pipeline.py
[2026-03-18T12:56:19.238+0000] {logging_mixin.py:188} INFO - [2026-03-18T12:56:19.237+0000] {dag.py:3036} INFO - Sync 1 DAGs
[2026-03-18T12:56:19.268+0000] {logging_mixin.py:188} INFO - [2026-03-18T12:56:19.267+0000] {dag.py:3823} INFO - Setting next_dagrun for pipeline_ETL to 2026-03-17 23:00:00+00:00, run_after=2026-03-18 23:00:00+00:00
[2026-03-18T12:56:19.317+0000] {processor.py:183} INFO - Processing /opt/airflow/dags/ETL_pipeline.py took 0.165 seconds
[2026-03-18T12:56:49.639+0000] {processor.py:161} INFO - Started process (PID=1612) to work on /opt/airflow/dags/ETL_pipeline.py
[2026-03-18T12:56:49.641+0000] {processor.py:830} INFO - Processing file /opt/airflow/dags/ETL_pipeline.py for tasks to queue
[2026-03-18T12:56:49.642+0000] {logging_mixin.py:188} INFO - [2026-03-18T12:56:49.642+0000] {dagbag.py:538} INFO - Filling up the DagBag from /opt/airflow/dags/ETL_pipeline.py
[2026-03-18T12:56:49.675+0000] {processor.py:840} INFO - DAG(s) 'pipeline_ETL' retrieved from /opt/airflow/dags/ETL_pipeline.py
[2026-03-18T12:56:49.716+0000] {logging_mixin.py:188} INFO - [2026-03-18T12:56:49.716+0000] {dag.py:3036} INFO - Sync 1 DAGs
[2026-03-18T12:56:49.749+0000] {logging_mixin.py:188} INFO - [2026-03-18T12:56:49.749+0000] {dag.py:3823} INFO - Setting next_dagrun for pipeline_ETL to 2026-03-17 23:00:00+00:00, run_after=2026-03-18 23:00:00+00:00
[2026-03-18T12:56:49.798+0000] {processor.py:183} INFO - Processing /opt/airflow/dags/ETL_pipeline.py took 0.164 seconds
[2026-03-18T12:57:19.973+0000] {processor.py:161} INFO - Started process (PID=1617) to work on /opt/airflow/dags/ETL_pipeline.py
[2026-03-18T12:57:19.975+0000] {processor.py:830} INFO - Processing file /opt/airflow/dags/ETL_pipeline.py for tasks to queue
[2026-03-18T12:57:19.977+0000] {logging_mixin.py:188} INFO - [2026-03-18T12:57:19.976+0000] {dagbag.py:538} INFO - Filling up the DagBag from /opt/airflow/dags/ETL_pipeline.py
[2026-03-18T12:57:20.015+0000] {processor.py:840} INFO - DAG(s) 'pipeline_ETL' retrieved from /opt/airflow/dags/ETL_pipeline.py
[2026-03-18T12:57:20.053+0000] {logging_mixin.py:188} INFO - [2026-03-18T12:57:20.053+0000] {dag.py:3036} INFO - Sync 1 DAGs
[2026-03-18T12:57:20.088+0000] {logging_mixin.py:188} INFO - [2026-03-18T12:57:20.088+0000] {dag.py:3823} INFO - Setting next_dagrun for pipeline_ETL to 2026-03-17 23:00:00+00:00, run_after=2026-03-18 23:00:00+00:00
[2026-03-18T12:57:20.135+0000] {processor.py:183} INFO - Processing /opt/airflow/dags/ETL_pipeline.py took 0.167 seconds
[2026-03-18T12:57:50.473+0000] {processor.py:161} INFO - Started process (PID=1622) to work on /opt/airflow/dags/ETL_pipeline.py
[2026-03-18T12:57:50.475+0000] {processor.py:830} INFO - Processing file /opt/airflow/dags/ETL_pipeline.py for tasks to queue
[2026-03-18T12:57:50.476+0000] {logging_mixin.py:188} INFO - [2026-03-18T12:57:50.476+0000] {dagbag.py:538} INFO - Filling up the DagBag from /opt/airflow/dags/ETL_pipeline.py
[2026-03-18T12:57:50.506+0000] {processor.py:840} INFO - DAG(s) 'pipeline_ETL' retrieved from /opt/airflow/dags/ETL_pipeline.py
[2026-03-18T12:57:50.552+0000] {logging_mixin.py:188} INFO - [2026-03-18T12:57:50.552+0000] {dag.py:3036} INFO - Sync 1 DAGs
[2026-03-18T12:57:50.590+0000] {logging_mixin.py:188} INFO - [2026-03-18T12:57:50.589+0000] {dag.py:3823} INFO - Setting next_dagrun for pipeline_ETL to 2026-03-17 23:00:00+00:00, run_after=2026-03-18 23:00:00+00:00
[2026-03-18T12:57:50.643+0000] {processor.py:183} INFO - Processing /opt/airflow/dags/ETL_pipeline.py took 0.174 seconds
[2026-03-18T12:58:20.845+0000] {processor.py:161} INFO - Started process (PID=1627) to work on /opt/airflow/dags/ETL_pipeline.py
[2026-03-18T12:58:20.847+0000] {processor.py:830} INFO - Processing file /opt/airflow/dags/ETL_pipeline.py for tasks to queue
[2026-03-18T12:58:20.849+0000] {logging_mixin.py:188} INFO - [2026-03-18T12:58:20.849+0000] {dagbag.py:538} INFO - Filling up the DagBag from /opt/airflow/dags/ETL_pipeline.py
[2026-03-18T12:58:20.885+0000] {processor.py:840} INFO - DAG(s) 'pipeline_ETL' retrieved from /opt/airflow/dags/ETL_pipeline.py
[2026-03-18T12:58:20.929+0000] {logging_mixin.py:188} INFO - [2026-03-18T12:58:20.928+0000] {dag.py:3036} INFO - Sync 1 DAGs
[2026-03-18T12:58:20.961+0000] {logging_mixin.py:188} INFO - [2026-03-18T12:58:20.961+0000] {dag.py:3823} INFO - Setting next_dagrun for pipeline_ETL to 2026-03-17 23:00:00+00:00, run_after=2026-03-18 23:00:00+00:00
[2026-03-18T12:58:21.005+0000] {processor.py:183} INFO - Processing /opt/airflow/dags/ETL_pipeline.py took 0.164 seconds
[2026-03-18T12:58:51.376+0000] {processor.py:161} INFO - Started process (PID=1632) to work on /opt/airflow/dags/ETL_pipeline.py
[2026-03-18T12:58:51.378+0000] {processor.py:830} INFO - Processing file /opt/airflow/dags/ETL_pipeline.py for tasks to queue
[2026-03-18T12:58:51.380+0000] {logging_mixin.py:188} INFO - [2026-03-18T12:58:51.379+0000] {dagbag.py:538} INFO - Filling up the DagBag from /opt/airflow/dags/ETL_pipeline.py
[2026-03-18T12:58:51.421+0000] {processor.py:840} INFO - DAG(s) 'pipeline_ETL' retrieved from /opt/airflow/dags/ETL_pipeline.py
[2026-03-18T12:58:51.460+0000] {logging_mixin.py:188} INFO - [2026-03-18T12:58:51.459+0000] {dag.py:3036} INFO - Sync 1 DAGs
[2026-03-18T12:58:51.491+0000] {logging_mixin.py:188} INFO - [2026-03-18T12:58:51.491+0000] {dag.py:3823} INFO - Setting next_dagrun for pipeline_ETL to 2026-03-17 23:00:00+00:00, run_after=2026-03-18 23:00:00+00:00
[2026-03-18T12:58:51.539+0000] {processor.py:183} INFO - Processing /opt/airflow/dags/ETL_pipeline.py took 0.167 seconds
[2026-03-18T12:59:21.814+0000] {processor.py:161} INFO - Started process (PID=1637) to work on /opt/airflow/dags/ETL_pipeline.py
[2026-03-18T12:59:21.816+0000] {processor.py:830} INFO - Processing file /opt/airflow/dags/ETL_pipeline.py for tasks to queue
[2026-03-18T12:59:21.818+0000] {logging_mixin.py:188} INFO - [2026-03-18T12:59:21.817+0000] {dagbag.py:538} INFO - Filling up the DagBag from /opt/airflow/dags/ETL_pipeline.py
[2026-03-18T12:59:21.850+0000] {processor.py:840} INFO - DAG(s) 'pipeline_ETL' retrieved from /opt/airflow/dags/ETL_pipeline.py
[2026-03-18T12:59:21.889+0000] {logging_mixin.py:188} INFO - [2026-03-18T12:59:21.888+0000] {dag.py:3036} INFO - Sync 1 DAGs
[2026-03-18T12:59:21.917+0000] {logging_mixin.py:188} INFO - [2026-03-18T12:59:21.916+0000] {dag.py:3823} INFO - Setting next_dagrun for pipeline_ETL to 2026-03-17 23:00:00+00:00, run_after=2026-03-18 23:00:00+00:00
[2026-03-18T12:59:21.964+0000] {processor.py:183} INFO - Processing /opt/airflow/dags/ETL_pipeline.py took 0.156 seconds
[2026-03-18T12:59:52.378+0000] {processor.py:161} INFO - Started process (PID=1642) to work on /opt/airflow/dags/ETL_pipeline.py
[2026-03-18T12:59:52.380+0000] {processor.py:830} INFO - Processing file /opt/airflow/dags/ETL_pipeline.py for tasks to queue
[2026-03-18T12:59:52.381+0000] {logging_mixin.py:188} INFO - [2026-03-18T12:59:52.381+0000] {dagbag.py:538} INFO - Filling up the DagBag from /opt/airflow/dags/ETL_pipeline.py
[2026-03-18T12:59:52.418+0000] {processor.py:840} INFO - DAG(s) 'pipeline_ETL' retrieved from /opt/airflow/dags/ETL_pipeline.py
[2026-03-18T12:59:52.461+0000] {logging_mixin.py:188} INFO - [2026-03-18T12:59:52.461+0000] {dag.py:3036} INFO - Sync 1 DAGs
[2026-03-18T12:59:52.494+0000] {logging_mixin.py:188} INFO - [2026-03-18T12:59:52.494+0000] {dag.py:3823} INFO - Setting next_dagrun for pipeline_ETL to 2026-03-17 23:00:00+00:00, run_after=2026-03-18 23:00:00+00:00
[2026-03-18T12:59:52.539+0000] {processor.py:183} INFO - Processing /opt/airflow/dags/ETL_pipeline.py took 0.167 seconds
[2026-03-18T13:00:22.708+0000] {processor.py:161} INFO - Started process (PID=1647) to work on /opt/airflow/dags/ETL_pipeline.py
[2026-03-18T13:00:22.710+0000] {processor.py:830} INFO - Processing file /opt/airflow/dags/ETL_pipeline.py for tasks to queue
[2026-03-18T13:00:22.712+0000] {logging_mixin.py:188} INFO - [2026-03-18T13:00:22.712+0000] {dagbag.py:538} INFO - Filling up the DagBag from /opt/airflow/dags/ETL_pipeline.py
[2026-03-18T13:00:22.750+0000] {processor.py:840} INFO - DAG(s) 'pipeline_ETL' retrieved from /opt/airflow/dags/ETL_pipeline.py
[2026-03-18T13:00:22.790+0000] {logging_mixin.py:188} INFO - [2026-03-18T13:00:22.789+0000] {dag.py:3036} INFO - Sync 1 DAGs
[2026-03-18T13:00:22.820+0000] {logging_mixin.py:188} INFO - [2026-03-18T13:00:22.820+0000] {dag.py:3823} INFO - Setting next_dagrun for pipeline_ETL to 2026-03-17 23:00:00+00:00, run_after=2026-03-18 23:00:00+00:00
[2026-03-18T13:00:22.869+0000] {processor.py:183} INFO - Processing /opt/airflow/dags/ETL_pipeline.py took 0.167 seconds
[2026-03-18T13:00:53.180+0000] {processor.py:161} INFO - Started process (PID=1652) to work on /opt/airflow/dags/ETL_pipeline.py
[2026-03-18T13:00:53.181+0000] {processor.py:830} INFO - Processing file /opt/airflow/dags/ETL_pipeline.py for tasks to queue
[2026-03-18T13:00:53.183+0000] {logging_mixin.py:188} INFO - [2026-03-18T13:00:53.183+0000] {dagbag.py:538} INFO - Filling up the DagBag from /opt/airflow/dags/ETL_pipeline.py
[2026-03-18T13:00:53.242+0000] {processor.py:840} INFO - DAG(s) 'pipeline_ETL' retrieved from /opt/airflow/dags/ETL_pipeline.py
[2026-03-18T13:00:53.288+0000] {logging_mixin.py:188} INFO - [2026-03-18T13:00:53.288+0000] {dag.py:3036} INFO - Sync 1 DAGs
[2026-03-18T13:00:53.320+0000] {logging_mixin.py:188} INFO - [2026-03-18T13:00:53.320+0000] {dag.py:3823} INFO - Setting next_dagrun for pipeline_ETL to 2026-03-17 23:00:00+00:00, run_after=2026-03-18 23:00:00+00:00
[2026-03-18T13:00:53.370+0000] {processor.py:183} INFO - Processing /opt/airflow/dags/ETL_pipeline.py took 0.196 seconds
[2026-03-18T13:01:23.493+0000] {processor.py:161} INFO - Started process (PID=1657) to work on /opt/airflow/dags/ETL_pipeline.py
[2026-03-18T13:01:23.495+0000] {processor.py:830} INFO - Processing file /opt/airflow/dags/ETL_pipeline.py for tasks to queue
[2026-03-18T13:01:23.496+0000] {logging_mixin.py:188} INFO - [2026-03-18T13:01:23.496+0000] {dagbag.py:538} INFO - Filling up the DagBag from /opt/airflow/dags/ETL_pipeline.py
[2026-03-18T13:01:23.532+0000] {processor.py:840} INFO - DAG(s) 'pipeline_ETL' retrieved from /opt/airflow/dags/ETL_pipeline.py
[2026-03-18T13:01:23.573+0000] {logging_mixin.py:188} INFO - [2026-03-18T13:01:23.573+0000] {dag.py:3036} INFO - Sync 1 DAGs
[2026-03-18T13:01:23.604+0000] {logging_mixin.py:188} INFO - [2026-03-18T13:01:23.604+0000] {dag.py:3823} INFO - Setting next_dagrun for pipeline_ETL to 2026-03-17 23:00:00+00:00, run_after=2026-03-18 23:00:00+00:00
[2026-03-18T13:01:23.659+0000] {processor.py:183} INFO - Processing /opt/airflow/dags/ETL_pipeline.py took 0.172 seconds
[2026-03-18T13:01:53.994+0000] {processor.py:161} INFO - Started process (PID=1662) to work on /opt/airflow/dags/ETL_pipeline.py
[2026-03-18T13:01:53.995+0000] {processor.py:830} INFO - Processing file /opt/airflow/dags/ETL_pipeline.py for tasks to queue
[2026-03-18T13:01:53.997+0000] {logging_mixin.py:188} INFO - [2026-03-18T13:01:53.996+0000] {dagbag.py:538} INFO - Filling up the DagBag from /opt/airflow/dags/ETL_pipeline.py
[2026-03-18T13:01:54.033+0000] {processor.py:840} INFO - DAG(s) 'pipeline_ETL' retrieved from /opt/airflow/dags/ETL_pipeline.py
[2026-03-18T13:01:54.070+0000] {logging_mixin.py:188} INFO - [2026-03-18T13:01:54.070+0000] {dag.py:3036} INFO - Sync 1 DAGs
[2026-03-18T13:01:54.099+0000] {logging_mixin.py:188} INFO - [2026-03-18T13:01:54.099+0000] {dag.py:3823} INFO - Setting next_dagrun for pipeline_ETL to 2026-03-17 23:00:00+00:00, run_after=2026-03-18 23:00:00+00:00
[2026-03-18T13:01:54.146+0000] {processor.py:183} INFO - Processing /opt/airflow/dags/ETL_pipeline.py took 0.156 seconds
[2026-03-18T13:02:24.275+0000] {processor.py:161} INFO - Started process (PID=1667) to work on /opt/airflow/dags/ETL_pipeline.py
[2026-03-18T13:02:24.278+0000] {processor.py:830} INFO - Processing file /opt/airflow/dags/ETL_pipeline.py for tasks to queue
[2026-03-18T13:02:24.281+0000] {logging_mixin.py:188} INFO - [2026-03-18T13:02:24.280+0000] {dagbag.py:538} INFO - Filling up the DagBag from /opt/airflow/dags/ETL_pipeline.py
[2026-03-18T13:02:24.321+0000] {processor.py:840} INFO - DAG(s) 'pipeline_ETL' retrieved from /opt/airflow/dags/ETL_pipeline.py
[2026-03-18T13:02:24.366+0000] {logging_mixin.py:188} INFO - [2026-03-18T13:02:24.365+0000] {dag.py:3036} INFO - Sync 1 DAGs
[2026-03-18T13:02:24.400+0000] {logging_mixin.py:188} INFO - [2026-03-18T13:02:24.400+0000] {dag.py:3823} INFO - Setting next_dagrun for pipeline_ETL to 2026-03-17 23:00:00+00:00, run_after=2026-03-18 23:00:00+00:00
[2026-03-18T13:02:24.454+0000] {processor.py:183} INFO - Processing /opt/airflow/dags/ETL_pipeline.py took 0.185 seconds
[2026-03-18T13:02:54.729+0000] {processor.py:161} INFO - Started process (PID=1672) to work on /opt/airflow/dags/ETL_pipeline.py
[2026-03-18T13:02:54.732+0000] {processor.py:830} INFO - Processing file /opt/airflow/dags/ETL_pipeline.py for tasks to queue
[2026-03-18T13:02:54.735+0000] {logging_mixin.py:188} INFO - [2026-03-18T13:02:54.734+0000] {dagbag.py:538} INFO - Filling up the DagBag from /opt/airflow/dags/ETL_pipeline.py
[2026-03-18T13:02:54.825+0000] {processor.py:840} INFO - DAG(s) 'pipeline_ETL' retrieved from /opt/airflow/dags/ETL_pipeline.py
[2026-03-18T13:02:54.932+0000] {logging_mixin.py:188} INFO - [2026-03-18T13:02:54.931+0000] {dag.py:3036} INFO - Sync 1 DAGs
[2026-03-18T13:02:55.024+0000] {logging_mixin.py:188} INFO - [2026-03-18T13:02:55.023+0000] {dag.py:3823} INFO - Setting next_dagrun for pipeline_ETL to 2026-03-17 23:00:00+00:00, run_after=2026-03-18 23:00:00+00:00
[2026-03-18T13:02:55.091+0000] {processor.py:183} INFO - Processing /opt/airflow/dags/ETL_pipeline.py took 0.371 seconds
[2026-03-18T13:03:25.447+0000] {processor.py:161} INFO - Started process (PID=1677) to work on /opt/airflow/dags/ETL_pipeline.py
[2026-03-18T13:03:25.449+0000] {processor.py:830} INFO - Processing file /opt/airflow/dags/ETL_pipeline.py for tasks to queue
[2026-03-18T13:03:25.451+0000] {logging_mixin.py:188} INFO - [2026-03-18T13:03:25.450+0000] {dagbag.py:538} INFO - Filling up the DagBag from /opt/airflow/dags/ETL_pipeline.py
[2026-03-18T13:03:25.489+0000] {processor.py:840} INFO - DAG(s) 'pipeline_ETL' retrieved from /opt/airflow/dags/ETL_pipeline.py
[2026-03-18T13:03:25.533+0000] {logging_mixin.py:188} INFO - [2026-03-18T13:03:25.533+0000] {dag.py:3036} INFO - Sync 1 DAGs
[2026-03-18T13:03:25.563+0000] {logging_mixin.py:188} INFO - [2026-03-18T13:03:25.563+0000] {dag.py:3823} INFO - Setting next_dagrun for pipeline_ETL to 2026-03-17 23:00:00+00:00, run_after=2026-03-18 23:00:00+00:00
[2026-03-18T13:03:25.610+0000] {processor.py:183} INFO - Processing /opt/airflow/dags/ETL_pipeline.py took 0.167 seconds
[2026-03-18T13:03:55.724+0000] {processor.py:161} INFO - Started process (PID=1682) to work on /opt/airflow/dags/ETL_pipeline.py
[2026-03-18T13:03:55.726+0000] {processor.py:830} INFO - Processing file /opt/airflow/dags/ETL_pipeline.py for tasks to queue
[2026-03-18T13:03:55.729+0000] {logging_mixin.py:188} INFO - [2026-03-18T13:03:55.728+0000] {dagbag.py:538} INFO - Filling up the DagBag from /opt/airflow/dags/ETL_pipeline.py
[2026-03-18T13:03:55.766+0000] {processor.py:840} INFO - DAG(s) 'pipeline_ETL' retrieved from /opt/airflow/dags/ETL_pipeline.py
[2026-03-18T13:03:55.806+0000] {logging_mixin.py:188} INFO - [2026-03-18T13:03:55.805+0000] {dag.py:3036} INFO - Sync 1 DAGs
[2026-03-18T13:03:55.840+0000] {logging_mixin.py:188} INFO - [2026-03-18T13:03:55.840+0000] {dag.py:3823} INFO - Setting next_dagrun for pipeline_ETL to 2026-03-17 23:00:00+00:00, run_after=2026-03-18 23:00:00+00:00
[2026-03-18T13:03:55.889+0000] {processor.py:183} INFO - Processing /opt/airflow/dags/ETL_pipeline.py took 0.169 seconds
[2026-03-18T13:04:26.236+0000] {processor.py:161} INFO - Started process (PID=1687) to work on /opt/airflow/dags/ETL_pipeline.py
[2026-03-18T13:04:26.237+0000] {processor.py:830} INFO - Processing file /opt/airflow/dags/ETL_pipeline.py for tasks to queue
[2026-03-18T13:04:26.239+0000] {logging_mixin.py:188} INFO - [2026-03-18T13:04:26.238+0000] {dagbag.py:538} INFO - Filling up the DagBag from /opt/airflow/dags/ETL_pipeline.py
[2026-03-18T13:04:26.281+0000] {processor.py:840} INFO - DAG(s) 'pipeline_ETL' retrieved from /opt/airflow/dags/ETL_pipeline.py
[2026-03-18T13:04:26.319+0000] {logging_mixin.py:188} INFO - [2026-03-18T13:04:26.319+0000] {dag.py:3036} INFO - Sync 1 DAGs
[2026-03-18T13:04:26.351+0000] {logging_mixin.py:188} INFO - [2026-03-18T13:04:26.351+0000] {dag.py:3823} INFO - Setting next_dagrun for pipeline_ETL to 2026-03-17 23:00:00+00:00, run_after=2026-03-18 23:00:00+00:00
[2026-03-18T13:04:26.407+0000] {processor.py:183} INFO - Processing /opt/airflow/dags/ETL_pipeline.py took 0.175 seconds
[2026-03-18T13:04:56.725+0000] {processor.py:161} INFO - Started process (PID=1692) to work on /opt/airflow/dags/ETL_pipeline.py
[2026-03-18T13:04:56.727+0000] {processor.py:830} INFO - Processing file /opt/airflow/dags/ETL_pipeline.py for tasks to queue
[2026-03-18T13:04:56.728+0000] {logging_mixin.py:188} INFO - [2026-03-18T13:04:56.728+0000] {dagbag.py:538} INFO - Filling up the DagBag from /opt/airflow/dags/ETL_pipeline.py
[2026-03-18T13:04:56.760+0000] {processor.py:840} INFO - DAG(s) 'pipeline_ETL' retrieved from /opt/airflow/dags/ETL_pipeline.py
[2026-03-18T13:04:56.796+0000] {logging_mixin.py:188} INFO - [2026-03-18T13:04:56.796+0000] {dag.py:3036} INFO - Sync 1 DAGs
[2026-03-18T13:04:56.826+0000] {logging_mixin.py:188} INFO - [2026-03-18T13:04:56.826+0000] {dag.py:3823} INFO - Setting next_dagrun for pipeline_ETL to 2026-03-17 23:00:00+00:00, run_after=2026-03-18 23:00:00+00:00
[2026-03-18T13:04:56.877+0000] {processor.py:183} INFO - Processing /opt/airflow/dags/ETL_pipeline.py took 0.155 seconds
[2026-03-18T13:05:27.030+0000] {processor.py:161} INFO - Started process (PID=1697) to work on /opt/airflow/dags/ETL_pipeline.py
[2026-03-18T13:05:27.032+0000] {processor.py:830} INFO - Processing file /opt/airflow/dags/ETL_pipeline.py for tasks to queue
[2026-03-18T13:05:27.034+0000] {logging_mixin.py:188} INFO - [2026-03-18T13:05:27.033+0000] {dagbag.py:538} INFO - Filling up the DagBag from /opt/airflow/dags/ETL_pipeline.py
[2026-03-18T13:05:27.090+0000] {processor.py:840} INFO - DAG(s) 'pipeline_ETL' retrieved from /opt/airflow/dags/ETL_pipeline.py
[2026-03-18T13:05:27.150+0000] {logging_mixin.py:188} INFO - [2026-03-18T13:05:27.149+0000] {dag.py:3036} INFO - Sync 1 DAGs
[2026-03-18T13:05:27.195+0000] {logging_mixin.py:188} INFO - [2026-03-18T13:05:27.195+0000] {dag.py:3823} INFO - Setting next_dagrun for pipeline_ETL to 2026-03-17 23:00:00+00:00, run_after=2026-03-18 23:00:00+00:00
[2026-03-18T13:05:27.254+0000] {processor.py:183} INFO - Processing /opt/airflow/dags/ETL_pipeline.py took 0.231 seconds
[2026-03-18T13:05:57.455+0000] {processor.py:161} INFO - Started process (PID=1702) to work on /opt/airflow/dags/ETL_pipeline.py
[2026-03-18T13:05:57.457+0000] {processor.py:830} INFO - Processing file /opt/airflow/dags/ETL_pipeline.py for tasks to queue
[2026-03-18T13:05:57.460+0000] {logging_mixin.py:188} INFO - [2026-03-18T13:05:57.459+0000] {dagbag.py:538} INFO - Filling up the DagBag from /opt/airflow/dags/ETL_pipeline.py
[2026-03-18T13:05:57.498+0000] {processor.py:840} INFO - DAG(s) 'pipeline_ETL' retrieved from /opt/airflow/dags/ETL_pipeline.py
[2026-03-18T13:05:57.554+0000] {logging_mixin.py:188} INFO - [2026-03-18T13:05:57.553+0000] {dag.py:3036} INFO - Sync 1 DAGs
[2026-03-18T13:05:57.595+0000] {logging_mixin.py:188} INFO - [2026-03-18T13:05:57.594+0000] {dag.py:3823} INFO - Setting next_dagrun for pipeline_ETL to 2026-03-17 23:00:00+00:00, run_after=2026-03-18 23:00:00+00:00
[2026-03-18T13:05:57.645+0000] {processor.py:183} INFO - Processing /opt/airflow/dags/ETL_pipeline.py took 0.195 seconds
[2026-03-18T13:06:27.886+0000] {processor.py:161} INFO - Started process (PID=1707) to work on /opt/airflow/dags/ETL_pipeline.py
[2026-03-18T13:06:27.887+0000] {processor.py:830} INFO - Processing file /opt/airflow/dags/ETL_pipeline.py for tasks to queue
[2026-03-18T13:06:27.889+0000] {logging_mixin.py:188} INFO - [2026-03-18T13:06:27.889+0000] {dagbag.py:538} INFO - Filling up the DagBag from /opt/airflow/dags/ETL_pipeline.py
[2026-03-18T13:06:27.923+0000] {processor.py:840} INFO - DAG(s) 'pipeline_ETL' retrieved from /opt/airflow/dags/ETL_pipeline.py
[2026-03-18T13:06:27.961+0000] {logging_mixin.py:188} INFO - [2026-03-18T13:06:27.960+0000] {dag.py:3036} INFO - Sync 1 DAGs
[2026-03-18T13:06:27.993+0000] {logging_mixin.py:188} INFO - [2026-03-18T13:06:27.993+0000] {dag.py:3823} INFO - Setting next_dagrun for pipeline_ETL to 2026-03-17 23:00:00+00:00, run_after=2026-03-18 23:00:00+00:00
[2026-03-18T13:06:28.038+0000] {processor.py:183} INFO - Processing /opt/airflow/dags/ETL_pipeline.py took 0.158 seconds
[2026-03-18T13:06:58.198+0000] {processor.py:161} INFO - Started process (PID=1712) to work on /opt/airflow/dags/ETL_pipeline.py
[2026-03-18T13:06:58.200+0000] {processor.py:830} INFO - Processing file /opt/airflow/dags/ETL_pipeline.py for tasks to queue
[2026-03-18T13:06:58.201+0000] {logging_mixin.py:188} INFO - [2026-03-18T13:06:58.201+0000] {dagbag.py:538} INFO - Filling up the DagBag from /opt/airflow/dags/ETL_pipeline.py
[2026-03-18T13:06:58.240+0000] {processor.py:840} INFO - DAG(s) 'pipeline_ETL' retrieved from /opt/airflow/dags/ETL_pipeline.py
[2026-03-18T13:06:58.284+0000] {logging_mixin.py:188} INFO - [2026-03-18T13:06:58.284+0000] {dag.py:3036} INFO - Sync 1 DAGs
[2026-03-18T13:06:58.318+0000] {logging_mixin.py:188} INFO - [2026-03-18T13:06:58.317+0000] {dag.py:3823} INFO - Setting next_dagrun for pipeline_ETL to 2026-03-17 23:00:00+00:00, run_after=2026-03-18 23:00:00+00:00
[2026-03-18T13:06:58.367+0000] {processor.py:183} INFO - Processing /opt/airflow/dags/ETL_pipeline.py took 0.174 seconds
[2026-03-18T13:07:28.649+0000] {processor.py:161} INFO - Started process (PID=1717) to work on /opt/airflow/dags/ETL_pipeline.py
[2026-03-18T13:07:28.651+0000] {processor.py:830} INFO - Processing file /opt/airflow/dags/ETL_pipeline.py for tasks to queue
[2026-03-18T13:07:28.653+0000] {logging_mixin.py:188} INFO - [2026-03-18T13:07:28.653+0000] {dagbag.py:538} INFO - Filling up the DagBag from /opt/airflow/dags/ETL_pipeline.py
[2026-03-18T13:07:28.709+0000] {processor.py:840} INFO - DAG(s) 'pipeline_ETL' retrieved from /opt/airflow/dags/ETL_pipeline.py
[2026-03-18T13:07:28.750+0000] {logging_mixin.py:188} INFO - [2026-03-18T13:07:28.750+0000] {dag.py:3036} INFO - Sync 1 DAGs
[2026-03-18T13:07:28.779+0000] {logging_mixin.py:188} INFO - [2026-03-18T13:07:28.779+0000] {dag.py:3823} INFO - Setting next_dagrun for pipeline_ETL to 2026-03-17 23:00:00+00:00, run_after=2026-03-18 23:00:00+00:00
[2026-03-18T13:07:28.828+0000] {processor.py:183} INFO - Processing /opt/airflow/dags/ETL_pipeline.py took 0.184 seconds
[2026-03-18T13:07:58.961+0000] {processor.py:161} INFO - Started process (PID=1722) to work on /opt/airflow/dags/ETL_pipeline.py
[2026-03-18T13:07:58.963+0000] {processor.py:830} INFO - Processing file /opt/airflow/dags/ETL_pipeline.py for tasks to queue
[2026-03-18T13:07:58.965+0000] {logging_mixin.py:188} INFO - [2026-03-18T13:07:58.964+0000] {dagbag.py:538} INFO - Filling up the DagBag from /opt/airflow/dags/ETL_pipeline.py
[2026-03-18T13:07:59.007+0000] {processor.py:840} INFO - DAG(s) 'pipeline_ETL' retrieved from /opt/airflow/dags/ETL_pipeline.py
[2026-03-18T13:07:59.071+0000] {logging_mixin.py:188} INFO - [2026-03-18T13:07:59.071+0000] {dag.py:3036} INFO - Sync 1 DAGs
[2026-03-18T13:07:59.111+0000] {logging_mixin.py:188} INFO - [2026-03-18T13:07:59.111+0000] {dag.py:3823} INFO - Setting next_dagrun for pipeline_ETL to 2026-03-17 23:00:00+00:00, run_after=2026-03-18 23:00:00+00:00
[2026-03-18T13:07:59.164+0000] {processor.py:183} INFO - Processing /opt/airflow/dags/ETL_pipeline.py took 0.208 seconds
[2026-03-18T13:08:29.414+0000] {processor.py:161} INFO - Started process (PID=1727) to work on /opt/airflow/dags/ETL_pipeline.py
[2026-03-18T13:08:29.416+0000] {processor.py:830} INFO - Processing file /opt/airflow/dags/ETL_pipeline.py for tasks to queue
[2026-03-18T13:08:29.418+0000] {logging_mixin.py:188} INFO - [2026-03-18T13:08:29.418+0000] {dagbag.py:538} INFO - Filling up the DagBag from /opt/airflow/dags/ETL_pipeline.py
[2026-03-18T13:08:29.482+0000] {processor.py:840} INFO - DAG(s) 'pipeline_ETL' retrieved from /opt/airflow/dags/ETL_pipeline.py
[2026-03-18T13:08:29.631+0000] {logging_mixin.py:188} INFO - [2026-03-18T13:08:29.631+0000] {dag.py:3036} INFO - Sync 1 DAGs
[2026-03-18T13:08:29.797+0000] {logging_mixin.py:188} INFO - [2026-03-18T13:08:29.795+0000] {dag.py:3823} INFO - Setting next_dagrun for pipeline_ETL to 2026-03-17 23:00:00+00:00, run_after=2026-03-18 23:00:00+00:00
[2026-03-18T13:08:29.866+0000] {processor.py:183} INFO - Processing /opt/airflow/dags/ETL_pipeline.py took 0.459 seconds
[2026-03-18T13:09:00.180+0000] {processor.py:161} INFO - Started process (PID=1732) to work on /opt/airflow/dags/ETL_pipeline.py
[2026-03-18T13:09:00.182+0000] {processor.py:830} INFO - Processing file /opt/airflow/dags/ETL_pipeline.py for tasks to queue
[2026-03-18T13:09:00.183+0000] {logging_mixin.py:188} INFO - [2026-03-18T13:09:00.182+0000] {dagbag.py:538} INFO - Filling up the DagBag from /opt/airflow/dags/ETL_pipeline.py
[2026-03-18T13:09:00.222+0000] {processor.py:840} INFO - DAG(s) 'pipeline_ETL' retrieved from /opt/airflow/dags/ETL_pipeline.py
[2026-03-18T13:09:00.279+0000] {logging_mixin.py:188} INFO - [2026-03-18T13:09:00.279+0000] {dag.py:3036} INFO - Sync 1 DAGs
[2026-03-18T13:09:00.322+0000] {logging_mixin.py:188} INFO - [2026-03-18T13:09:00.321+0000] {dag.py:3823} INFO - Setting next_dagrun for pipeline_ETL to 2026-03-17 23:00:00+00:00, run_after=2026-03-18 23:00:00+00:00
[2026-03-18T13:09:00.379+0000] {processor.py:183} INFO - Processing /opt/airflow/dags/ETL_pipeline.py took 0.205 seconds
[2026-03-18T13:09:30.454+0000] {processor.py:161} INFO - Started process (PID=1737) to work on /opt/airflow/dags/ETL_pipeline.py
[2026-03-18T13:09:30.455+0000] {processor.py:830} INFO - Processing file /opt/airflow/dags/ETL_pipeline.py for tasks to queue
[2026-03-18T13:09:30.457+0000] {logging_mixin.py:188} INFO - [2026-03-18T13:09:30.456+0000] {dagbag.py:538} INFO - Filling up the DagBag from /opt/airflow/dags/ETL_pipeline.py
[2026-03-18T13:09:30.496+0000] {processor.py:840} INFO - DAG(s) 'pipeline_ETL' retrieved from /opt/airflow/dags/ETL_pipeline.py
[2026-03-18T13:09:30.551+0000] {logging_mixin.py:188} INFO - [2026-03-18T13:09:30.551+0000] {dag.py:3036} INFO - Sync 1 DAGs
[2026-03-18T13:09:30.591+0000] {logging_mixin.py:188} INFO - [2026-03-18T13:09:30.591+0000] {dag.py:3823} INFO - Setting next_dagrun for pipeline_ETL to 2026-03-17 23:00:00+00:00, run_after=2026-03-18 23:00:00+00:00
[2026-03-18T13:09:30.651+0000] {processor.py:183} INFO - Processing /opt/airflow/dags/ETL_pipeline.py took 0.202 seconds
[2026-03-18T13:10:01.235+0000] {processor.py:161} INFO - Started process (PID=1742) to work on /opt/airflow/dags/ETL_pipeline.py
[2026-03-18T13:10:01.239+0000] {processor.py:830} INFO - Processing file /opt/airflow/dags/ETL_pipeline.py for tasks to queue
[2026-03-18T13:10:01.247+0000] {logging_mixin.py:188} INFO - [2026-03-18T13:10:01.243+0000] {dagbag.py:538} INFO - Filling up the DagBag from /opt/airflow/dags/ETL_pipeline.py
[2026-03-18T13:10:01.344+0000] {processor.py:840} INFO - DAG(s) 'pipeline_ETL' retrieved from /opt/airflow/dags/ETL_pipeline.py
[2026-03-18T13:10:01.439+0000] {logging_mixin.py:188} INFO - [2026-03-18T13:10:01.438+0000] {dag.py:3036} INFO - Sync 1 DAGs
[2026-03-18T13:10:01.517+0000] {logging_mixin.py:188} INFO - [2026-03-18T13:10:01.516+0000] {dag.py:3823} INFO - Setting next_dagrun for pipeline_ETL to 2026-03-17 23:00:00+00:00, run_after=2026-03-18 23:00:00+00:00
[2026-03-18T13:10:01.601+0000] {processor.py:183} INFO - Processing /opt/airflow/dags/ETL_pipeline.py took 0.380 seconds
[2026-03-18T15:04:21.682+0000] {processor.py:161} INFO - Started process (PID=167) to work on /opt/airflow/dags/ETL_pipeline.py
[2026-03-18T15:04:21.685+0000] {processor.py:830} INFO - Processing file /opt/airflow/dags/ETL_pipeline.py for tasks to queue
[2026-03-18T15:04:21.689+0000] {logging_mixin.py:188} INFO - [2026-03-18T15:04:21.688+0000] {dagbag.py:538} INFO - Filling up the DagBag from /opt/airflow/dags/ETL_pipeline.py
[2026-03-18T15:04:21.791+0000] {processor.py:840} INFO - DAG(s) 'pipeline_ETL' retrieved from /opt/airflow/dags/ETL_pipeline.py
[2026-03-18T15:04:21.884+0000] {logging_mixin.py:188} INFO - [2026-03-18T15:04:21.884+0000] {dag.py:3036} INFO - Sync 1 DAGs
[2026-03-18T15:04:21.942+0000] {logging_mixin.py:188} INFO - [2026-03-18T15:04:21.941+0000] {dag.py:3823} INFO - Setting next_dagrun for pipeline_ETL to 2026-03-17 23:00:00+00:00, run_after=2026-03-18 23:00:00+00:00
[2026-03-18T15:04:22.011+0000] {processor.py:183} INFO - Processing /opt/airflow/dags/ETL_pipeline.py took 0.340 seconds
[2026-03-18T15:04:52.375+0000] {processor.py:161} INFO - Started process (PID=172) to work on /opt/airflow/dags/ETL_pipeline.py
[2026-03-18T15:04:52.380+0000] {processor.py:830} INFO - Processing file /opt/airflow/dags/ETL_pipeline.py for tasks to queue
[2026-03-18T15:04:52.390+0000] {logging_mixin.py:188} INFO - [2026-03-18T15:04:52.385+0000] {dagbag.py:538} INFO - Filling up the DagBag from /opt/airflow/dags/ETL_pipeline.py
[2026-03-18T15:04:52.726+0000] {processor.py:840} INFO - DAG(s) 'pipeline_ETL' retrieved from /opt/airflow/dags/ETL_pipeline.py
[2026-03-18T15:04:53.992+0000] {logging_mixin.py:188} INFO - [2026-03-18T15:04:53.991+0000] {dag.py:3036} INFO - Sync 1 DAGs
[2026-03-18T15:04:54.284+0000] {logging_mixin.py:188} INFO - [2026-03-18T15:04:54.282+0000] {dag.py:3823} INFO - Setting next_dagrun for pipeline_ETL to 2026-03-17 23:00:00+00:00, run_after=2026-03-18 23:00:00+00:00
[2026-03-18T15:04:54.415+0000] {processor.py:183} INFO - Processing /opt/airflow/dags/ETL_pipeline.py took 2.077 seconds
[2026-03-18T15:05:24.752+0000] {processor.py:161} INFO - Started process (PID=177) to work on /opt/airflow/dags/ETL_pipeline.py
[2026-03-18T15:05:24.754+0000] {processor.py:830} INFO - Processing file /opt/airflow/dags/ETL_pipeline.py for tasks to queue
[2026-03-18T15:05:24.756+0000] {logging_mixin.py:188} INFO - [2026-03-18T15:05:24.755+0000] {dagbag.py:538} INFO - Filling up the DagBag from /opt/airflow/dags/ETL_pipeline.py
[2026-03-18T15:05:24.798+0000] {processor.py:840} INFO - DAG(s) 'pipeline_ETL' retrieved from /opt/airflow/dags/ETL_pipeline.py
[2026-03-18T15:05:24.848+0000] {logging_mixin.py:188} INFO - [2026-03-18T15:05:24.848+0000] {dag.py:3036} INFO - Sync 1 DAGs
[2026-03-18T15:05:24.889+0000] {logging_mixin.py:188} INFO - [2026-03-18T15:05:24.889+0000] {dag.py:3823} INFO - Setting next_dagrun for pipeline_ETL to 2026-03-17 23:00:00+00:00, run_after=2026-03-18 23:00:00+00:00
[2026-03-18T15:05:24.961+0000] {processor.py:183} INFO - Processing /opt/airflow/dags/ETL_pipeline.py took 0.214 seconds
[2026-03-18T15:05:55.113+0000] {processor.py:161} INFO - Started process (PID=182) to work on /opt/airflow/dags/ETL_pipeline.py
[2026-03-18T15:05:55.115+0000] {processor.py:830} INFO - Processing file /opt/airflow/dags/ETL_pipeline.py for tasks to queue
[2026-03-18T15:05:55.116+0000] {logging_mixin.py:188} INFO - [2026-03-18T15:05:55.116+0000] {dagbag.py:538} INFO - Filling up the DagBag from /opt/airflow/dags/ETL_pipeline.py
[2026-03-18T15:05:55.153+0000] {processor.py:840} INFO - DAG(s) 'pipeline_ETL' retrieved from /opt/airflow/dags/ETL_pipeline.py
[2026-03-18T15:05:55.188+0000] {logging_mixin.py:188} INFO - [2026-03-18T15:05:55.188+0000] {dag.py:3036} INFO - Sync 1 DAGs
[2026-03-18T15:05:55.221+0000] {logging_mixin.py:188} INFO - [2026-03-18T15:05:55.220+0000] {dag.py:3823} INFO - Setting next_dagrun for pipeline_ETL to 2026-03-17 23:00:00+00:00, run_after=2026-03-18 23:00:00+00:00
[2026-03-18T15:05:55.292+0000] {processor.py:183} INFO - Processing /opt/airflow/dags/ETL_pipeline.py took 0.184 seconds
[2026-03-18T15:06:25.833+0000] {processor.py:161} INFO - Started process (PID=187) to work on /opt/airflow/dags/ETL_pipeline.py
[2026-03-18T15:06:25.837+0000] {processor.py:830} INFO - Processing file /opt/airflow/dags/ETL_pipeline.py for tasks to queue
[2026-03-18T15:06:25.841+0000] {logging_mixin.py:188} INFO - [2026-03-18T15:06:25.840+0000] {dagbag.py:538} INFO - Filling up the DagBag from /opt/airflow/dags/ETL_pipeline.py
[2026-03-18T15:06:25.938+0000] {processor.py:840} INFO - DAG(s) 'pipeline_ETL' retrieved from /opt/airflow/dags/ETL_pipeline.py
[2026-03-18T15:06:26.139+0000] {logging_mixin.py:188} INFO - [2026-03-18T15:06:26.137+0000] {dag.py:3036} INFO - Sync 1 DAGs
[2026-03-18T15:06:26.295+0000] {logging_mixin.py:188} INFO - [2026-03-18T15:06:26.294+0000] {dag.py:3823} INFO - Setting next_dagrun for pipeline_ETL to 2026-03-17 23:00:00+00:00, run_after=2026-03-18 23:00:00+00:00
[2026-03-18T15:06:26.422+0000] {processor.py:183} INFO - Processing /opt/airflow/dags/ETL_pipeline.py took 0.608 seconds
[2026-03-18T15:06:57.081+0000] {processor.py:161} INFO - Started process (PID=192) to work on /opt/airflow/dags/ETL_pipeline.py
[2026-03-18T15:06:57.085+0000] {processor.py:830} INFO - Processing file /opt/airflow/dags/ETL_pipeline.py for tasks to queue
[2026-03-18T15:06:57.088+0000] {logging_mixin.py:188} INFO - [2026-03-18T15:06:57.088+0000] {dagbag.py:538} INFO - Filling up the DagBag from /opt/airflow/dags/ETL_pipeline.py
[2026-03-18T15:06:57.148+0000] {processor.py:840} INFO - DAG(s) 'pipeline_ETL' retrieved from /opt/airflow/dags/ETL_pipeline.py
[2026-03-18T15:06:57.208+0000] {logging_mixin.py:188} INFO - [2026-03-18T15:06:57.208+0000] {dag.py:3036} INFO - Sync 1 DAGs
[2026-03-18T15:06:57.249+0000] {logging_mixin.py:188} INFO - [2026-03-18T15:06:57.249+0000] {dag.py:3823} INFO - Setting next_dagrun for pipeline_ETL to 2026-03-17 23:00:00+00:00, run_after=2026-03-18 23:00:00+00:00
[2026-03-18T15:06:57.300+0000] {processor.py:183} INFO - Processing /opt/airflow/dags/ETL_pipeline.py took 0.231 seconds
[2026-03-18T15:07:27.724+0000] {processor.py:161} INFO - Started process (PID=197) to work on /opt/airflow/dags/ETL_pipeline.py
[2026-03-18T15:07:27.727+0000] {processor.py:830} INFO - Processing file /opt/airflow/dags/ETL_pipeline.py for tasks to queue
[2026-03-18T15:07:27.730+0000] {logging_mixin.py:188} INFO - [2026-03-18T15:07:27.729+0000] {dagbag.py:538} INFO - Filling up the DagBag from /opt/airflow/dags/ETL_pipeline.py
[2026-03-18T15:07:27.792+0000] {processor.py:840} INFO - DAG(s) 'pipeline_ETL' retrieved from /opt/airflow/dags/ETL_pipeline.py
[2026-03-18T15:07:27.865+0000] {logging_mixin.py:188} INFO - [2026-03-18T15:07:27.864+0000] {dag.py:3036} INFO - Sync 1 DAGs
[2026-03-18T15:07:27.953+0000] {logging_mixin.py:188} INFO - [2026-03-18T15:07:27.953+0000] {dag.py:3823} INFO - Setting next_dagrun for pipeline_ETL to 2026-03-17 23:00:00+00:00, run_after=2026-03-18 23:00:00+00:00
[2026-03-18T15:07:28.031+0000] {processor.py:183} INFO - Processing /opt/airflow/dags/ETL_pipeline.py took 0.313 seconds
[2026-03-18T15:07:58.388+0000] {processor.py:161} INFO - Started process (PID=202) to work on /opt/airflow/dags/ETL_pipeline.py
[2026-03-18T15:07:58.391+0000] {processor.py:830} INFO - Processing file /opt/airflow/dags/ETL_pipeline.py for tasks to queue
[2026-03-18T15:07:58.393+0000] {logging_mixin.py:188} INFO - [2026-03-18T15:07:58.392+0000] {dagbag.py:538} INFO - Filling up the DagBag from /opt/airflow/dags/ETL_pipeline.py
[2026-03-18T15:07:58.452+0000] {processor.py:840} INFO - DAG(s) 'pipeline_ETL' retrieved from /opt/airflow/dags/ETL_pipeline.py
[2026-03-18T15:07:58.534+0000] {logging_mixin.py:188} INFO - [2026-03-18T15:07:58.533+0000] {dag.py:3036} INFO - Sync 1 DAGs
[2026-03-18T15:07:58.646+0000] {logging_mixin.py:188} INFO - [2026-03-18T15:07:58.645+0000] {dag.py:3823} INFO - Setting next_dagrun for pipeline_ETL to 2026-03-17 23:00:00+00:00, run_after=2026-03-18 23:00:00+00:00
[2026-03-18T15:07:58.994+0000] {processor.py:183} INFO - Processing /opt/airflow/dags/ETL_pipeline.py took 0.614 seconds
[2026-03-18T15:08:29.346+0000] {processor.py:161} INFO - Started process (PID=207) to work on /opt/airflow/dags/ETL_pipeline.py
[2026-03-18T15:08:29.351+0000] {processor.py:830} INFO - Processing file /opt/airflow/dags/ETL_pipeline.py for tasks to queue
[2026-03-18T15:08:29.355+0000] {logging_mixin.py:188} INFO - [2026-03-18T15:08:29.354+0000] {dagbag.py:538} INFO - Filling up the DagBag from /opt/airflow/dags/ETL_pipeline.py
[2026-03-18T15:08:29.438+0000] {processor.py:840} INFO - DAG(s) 'pipeline_ETL' retrieved from /opt/airflow/dags/ETL_pipeline.py
[2026-03-18T15:08:29.508+0000] {logging_mixin.py:188} INFO - [2026-03-18T15:08:29.508+0000] {dag.py:3036} INFO - Sync 1 DAGs
[2026-03-18T15:08:29.554+0000] {logging_mixin.py:188} INFO - [2026-03-18T15:08:29.554+0000] {dag.py:3823} INFO - Setting next_dagrun for pipeline_ETL to 2026-03-17 23:00:00+00:00, run_after=2026-03-18 23:00:00+00:00
[2026-03-18T15:08:29.634+0000] {processor.py:183} INFO - Processing /opt/airflow/dags/ETL_pipeline.py took 0.301 seconds
[2026-03-18T15:09:00.074+0000] {processor.py:161} INFO - Started process (PID=212) to work on /opt/airflow/dags/ETL_pipeline.py
[2026-03-18T15:09:00.077+0000] {processor.py:830} INFO - Processing file /opt/airflow/dags/ETL_pipeline.py for tasks to queue
[2026-03-18T15:09:00.080+0000] {logging_mixin.py:188} INFO - [2026-03-18T15:09:00.079+0000] {dagbag.py:538} INFO - Filling up the DagBag from /opt/airflow/dags/ETL_pipeline.py
[2026-03-18T15:09:00.137+0000] {processor.py:840} INFO - DAG(s) 'pipeline_ETL' retrieved from /opt/airflow/dags/ETL_pipeline.py
[2026-03-18T15:09:00.213+0000] {logging_mixin.py:188} INFO - [2026-03-18T15:09:00.213+0000] {dag.py:3036} INFO - Sync 1 DAGs
[2026-03-18T15:09:00.318+0000] {logging_mixin.py:188} INFO - [2026-03-18T15:09:00.318+0000] {dag.py:3823} INFO - Setting next_dagrun for pipeline_ETL to 2026-03-17 23:00:00+00:00, run_after=2026-03-18 23:00:00+00:00
[2026-03-18T15:09:00.396+0000] {processor.py:183} INFO - Processing /opt/airflow/dags/ETL_pipeline.py took 0.331 seconds
[2026-03-18T15:09:30.896+0000] {processor.py:161} INFO - Started process (PID=217) to work on /opt/airflow/dags/ETL_pipeline.py
[2026-03-18T15:09:30.898+0000] {processor.py:830} INFO - Processing file /opt/airflow/dags/ETL_pipeline.py for tasks to queue
[2026-03-18T15:09:30.900+0000] {logging_mixin.py:188} INFO - [2026-03-18T15:09:30.900+0000] {dagbag.py:538} INFO - Filling up the DagBag from /opt/airflow/dags/ETL_pipeline.py
[2026-03-18T15:09:30.943+0000] {processor.py:840} INFO - DAG(s) 'pipeline_ETL' retrieved from /opt/airflow/dags/ETL_pipeline.py
[2026-03-18T15:09:30.989+0000] {logging_mixin.py:188} INFO - [2026-03-18T15:09:30.988+0000] {dag.py:3036} INFO - Sync 1 DAGs
[2026-03-18T15:09:31.028+0000] {logging_mixin.py:188} INFO - [2026-03-18T15:09:31.027+0000] {dag.py:3823} INFO - Setting next_dagrun for pipeline_ETL to 2026-03-17 23:00:00+00:00, run_after=2026-03-18 23:00:00+00:00
[2026-03-18T15:09:31.085+0000] {processor.py:183} INFO - Processing /opt/airflow/dags/ETL_pipeline.py took 0.197 seconds
[2026-03-18T15:10:01.172+0000] {processor.py:161} INFO - Started process (PID=222) to work on /opt/airflow/dags/ETL_pipeline.py
[2026-03-18T15:10:01.174+0000] {processor.py:830} INFO - Processing file /opt/airflow/dags/ETL_pipeline.py for tasks to queue
[2026-03-18T15:10:01.175+0000] {logging_mixin.py:188} INFO - [2026-03-18T15:10:01.175+0000] {dagbag.py:538} INFO - Filling up the DagBag from /opt/airflow/dags/ETL_pipeline.py
[2026-03-18T15:10:01.214+0000] {processor.py:840} INFO - DAG(s) 'pipeline_ETL' retrieved from /opt/airflow/dags/ETL_pipeline.py
[2026-03-18T15:10:01.255+0000] {logging_mixin.py:188} INFO - [2026-03-18T15:10:01.254+0000] {dag.py:3036} INFO - Sync 1 DAGs
[2026-03-18T15:10:01.292+0000] {logging_mixin.py:188} INFO - [2026-03-18T15:10:01.292+0000] {dag.py:3823} INFO - Setting next_dagrun for pipeline_ETL to 2026-03-17 23:00:00+00:00, run_after=2026-03-18 23:00:00+00:00
[2026-03-18T15:10:01.348+0000] {processor.py:183} INFO - Processing /opt/airflow/dags/ETL_pipeline.py took 0.180 seconds
[2026-03-18T15:10:32.167+0000] {processor.py:161} INFO - Started process (PID=227) to work on /opt/airflow/dags/ETL_pipeline.py
[2026-03-18T15:10:32.193+0000] {processor.py:830} INFO - Processing file /opt/airflow/dags/ETL_pipeline.py for tasks to queue
[2026-03-18T15:10:32.220+0000] {logging_mixin.py:188} INFO - [2026-03-18T15:10:32.212+0000] {dagbag.py:538} INFO - Filling up the DagBag from /opt/airflow/dags/ETL_pipeline.py
[2026-03-18T15:10:32.686+0000] {processor.py:840} INFO - DAG(s) 'pipeline_ETL' retrieved from /opt/airflow/dags/ETL_pipeline.py
[2026-03-18T15:10:33.070+0000] {logging_mixin.py:188} INFO - [2026-03-18T15:10:33.069+0000] {dag.py:3036} INFO - Sync 1 DAGs
[2026-03-18T15:10:33.401+0000] {logging_mixin.py:188} INFO - [2026-03-18T15:10:33.400+0000] {dag.py:3823} INFO - Setting next_dagrun for pipeline_ETL to 2026-03-17 23:00:00+00:00, run_after=2026-03-18 23:00:00+00:00
[2026-03-18T15:10:34.899+0000] {processor.py:183} INFO - Processing /opt/airflow/dags/ETL_pipeline.py took 2.808 seconds
[2026-03-18T15:11:05.358+0000] {processor.py:161} INFO - Started process (PID=232) to work on /opt/airflow/dags/ETL_pipeline.py
[2026-03-18T15:11:05.360+0000] {processor.py:830} INFO - Processing file /opt/airflow/dags/ETL_pipeline.py for tasks to queue
[2026-03-18T15:11:05.362+0000] {logging_mixin.py:188} INFO - [2026-03-18T15:11:05.361+0000] {dagbag.py:538} INFO - Filling up the DagBag from /opt/airflow/dags/ETL_pipeline.py
[2026-03-18T15:11:05.406+0000] {processor.py:840} INFO - DAG(s) 'pipeline_ETL' retrieved from /opt/airflow/dags/ETL_pipeline.py
[2026-03-18T15:11:05.452+0000] {logging_mixin.py:188} INFO - [2026-03-18T15:11:05.451+0000] {dag.py:3036} INFO - Sync 1 DAGs
[2026-03-18T15:11:05.485+0000] {logging_mixin.py:188} INFO - [2026-03-18T15:11:05.484+0000] {dag.py:3823} INFO - Setting next_dagrun for pipeline_ETL to 2026-03-17 23:00:00+00:00, run_after=2026-03-18 23:00:00+00:00
[2026-03-18T15:11:05.533+0000] {processor.py:183} INFO - Processing /opt/airflow/dags/ETL_pipeline.py took 0.182 seconds
[2026-03-18T15:11:35.659+0000] {processor.py:161} INFO - Started process (PID=237) to work on /opt/airflow/dags/ETL_pipeline.py
[2026-03-18T15:11:35.661+0000] {processor.py:830} INFO - Processing file /opt/airflow/dags/ETL_pipeline.py for tasks to queue
[2026-03-18T15:11:35.662+0000] {logging_mixin.py:188} INFO - [2026-03-18T15:11:35.662+0000] {dagbag.py:538} INFO - Filling up the DagBag from /opt/airflow/dags/ETL_pipeline.py
[2026-03-18T15:11:35.701+0000] {processor.py:840} INFO - DAG(s) 'pipeline_ETL' retrieved from /opt/airflow/dags/ETL_pipeline.py
[2026-03-18T15:11:35.757+0000] {logging_mixin.py:188} INFO - [2026-03-18T15:11:35.756+0000] {dag.py:3036} INFO - Sync 1 DAGs
[2026-03-18T15:11:35.798+0000] {logging_mixin.py:188} INFO - [2026-03-18T15:11:35.798+0000] {dag.py:3823} INFO - Setting next_dagrun for pipeline_ETL to 2026-03-17 23:00:00+00:00, run_after=2026-03-18 23:00:00+00:00
[2026-03-18T15:11:35.849+0000] {processor.py:183} INFO - Processing /opt/airflow/dags/ETL_pipeline.py took 0.196 seconds
[2026-03-18T15:12:06.162+0000] {processor.py:161} INFO - Started process (PID=242) to work on /opt/airflow/dags/ETL_pipeline.py
[2026-03-18T15:12:06.166+0000] {processor.py:830} INFO - Processing file /opt/airflow/dags/ETL_pipeline.py for tasks to queue
[2026-03-18T15:12:06.169+0000] {logging_mixin.py:188} INFO - [2026-03-18T15:12:06.169+0000] {dagbag.py:538} INFO - Filling up the DagBag from /opt/airflow/dags/ETL_pipeline.py
[2026-03-18T15:12:06.268+0000] {processor.py:840} INFO - DAG(s) 'pipeline_ETL' retrieved from /opt/airflow/dags/ETL_pipeline.py
[2026-03-18T15:12:06.412+0000] {logging_mixin.py:188} INFO - [2026-03-18T15:12:06.411+0000] {dag.py:3036} INFO - Sync 1 DAGs
[2026-03-18T15:12:06.496+0000] {logging_mixin.py:188} INFO - [2026-03-18T15:12:06.495+0000] {dag.py:3823} INFO - Setting next_dagrun for pipeline_ETL to 2026-03-17 23:00:00+00:00, run_after=2026-03-18 23:00:00+00:00
[2026-03-18T15:12:06.665+0000] {processor.py:183} INFO - Processing /opt/airflow/dags/ETL_pipeline.py took 0.518 seconds
[2026-03-18T15:12:37.191+0000] {processor.py:161} INFO - Started process (PID=247) to work on /opt/airflow/dags/ETL_pipeline.py
[2026-03-18T15:12:37.196+0000] {processor.py:830} INFO - Processing file /opt/airflow/dags/ETL_pipeline.py for tasks to queue
[2026-03-18T15:12:37.198+0000] {logging_mixin.py:188} INFO - [2026-03-18T15:12:37.198+0000] {dagbag.py:538} INFO - Filling up the DagBag from /opt/airflow/dags/ETL_pipeline.py
[2026-03-18T15:12:37.258+0000] {processor.py:840} INFO - DAG(s) 'pipeline_ETL' retrieved from /opt/airflow/dags/ETL_pipeline.py
[2026-03-18T15:12:37.324+0000] {logging_mixin.py:188} INFO - [2026-03-18T15:12:37.324+0000] {dag.py:3036} INFO - Sync 1 DAGs
[2026-03-18T15:12:37.372+0000] {logging_mixin.py:188} INFO - [2026-03-18T15:12:37.372+0000] {dag.py:3823} INFO - Setting next_dagrun for pipeline_ETL to 2026-03-17 23:00:00+00:00, run_after=2026-03-18 23:00:00+00:00
[2026-03-18T15:12:37.473+0000] {processor.py:183} INFO - Processing /opt/airflow/dags/ETL_pipeline.py took 0.289 seconds
[2026-03-18T15:13:07.620+0000] {processor.py:161} INFO - Started process (PID=252) to work on /opt/airflow/dags/ETL_pipeline.py
[2026-03-18T15:13:07.622+0000] {processor.py:830} INFO - Processing file /opt/airflow/dags/ETL_pipeline.py for tasks to queue
[2026-03-18T15:13:07.624+0000] {logging_mixin.py:188} INFO - [2026-03-18T15:13:07.623+0000] {dagbag.py:538} INFO - Filling up the DagBag from /opt/airflow/dags/ETL_pipeline.py
[2026-03-18T15:13:07.659+0000] {processor.py:840} INFO - DAG(s) 'pipeline_ETL' retrieved from /opt/airflow/dags/ETL_pipeline.py
[2026-03-18T15:13:07.699+0000] {logging_mixin.py:188} INFO - [2026-03-18T15:13:07.699+0000] {dag.py:3036} INFO - Sync 1 DAGs
[2026-03-18T15:13:07.731+0000] {logging_mixin.py:188} INFO - [2026-03-18T15:13:07.730+0000] {dag.py:3823} INFO - Setting next_dagrun for pipeline_ETL to 2026-03-17 23:00:00+00:00, run_after=2026-03-18 23:00:00+00:00
[2026-03-18T15:13:07.780+0000] {processor.py:183} INFO - Processing /opt/airflow/dags/ETL_pipeline.py took 0.164 seconds
[2026-03-18T15:13:38.061+0000] {processor.py:161} INFO - Started process (PID=257) to work on /opt/airflow/dags/ETL_pipeline.py
[2026-03-18T15:13:38.062+0000] {processor.py:830} INFO - Processing file /opt/airflow/dags/ETL_pipeline.py for tasks to queue
[2026-03-18T15:13:38.064+0000] {logging_mixin.py:188} INFO - [2026-03-18T15:13:38.063+0000] {dagbag.py:538} INFO - Filling up the DagBag from /opt/airflow/dags/ETL_pipeline.py
[2026-03-18T15:13:38.101+0000] {processor.py:840} INFO - DAG(s) 'pipeline_ETL' retrieved from /opt/airflow/dags/ETL_pipeline.py
[2026-03-18T15:13:38.138+0000] {logging_mixin.py:188} INFO - [2026-03-18T15:13:38.138+0000] {dag.py:3036} INFO - Sync 1 DAGs
[2026-03-18T15:13:38.167+0000] {logging_mixin.py:188} INFO - [2026-03-18T15:13:38.167+0000] {dag.py:3823} INFO - Setting next_dagrun for pipeline_ETL to 2026-03-17 23:00:00+00:00, run_after=2026-03-18 23:00:00+00:00
[2026-03-18T15:13:38.219+0000] {processor.py:183} INFO - Processing /opt/airflow/dags/ETL_pipeline.py took 0.161 seconds
[2026-03-18T15:14:08.411+0000] {processor.py:161} INFO - Started process (PID=262) to work on /opt/airflow/dags/ETL_pipeline.py
[2026-03-18T15:14:08.413+0000] {processor.py:830} INFO - Processing file /opt/airflow/dags/ETL_pipeline.py for tasks to queue
[2026-03-18T15:14:08.415+0000] {logging_mixin.py:188} INFO - [2026-03-18T15:14:08.415+0000] {dagbag.py:538} INFO - Filling up the DagBag from /opt/airflow/dags/ETL_pipeline.py
[2026-03-18T15:14:08.469+0000] {processor.py:840} INFO - DAG(s) 'pipeline_ETL' retrieved from /opt/airflow/dags/ETL_pipeline.py
[2026-03-18T15:14:08.572+0000] {logging_mixin.py:188} INFO - [2026-03-18T15:14:08.572+0000] {dag.py:3036} INFO - Sync 1 DAGs
[2026-03-18T15:14:08.627+0000] {logging_mixin.py:188} INFO - [2026-03-18T15:14:08.626+0000] {dag.py:3823} INFO - Setting next_dagrun for pipeline_ETL to 2026-03-17 23:00:00+00:00, run_after=2026-03-18 23:00:00+00:00
[2026-03-18T15:14:08.699+0000] {processor.py:183} INFO - Processing /opt/airflow/dags/ETL_pipeline.py took 0.294 seconds
[2026-03-18T15:14:39.043+0000] {processor.py:161} INFO - Started process (PID=267) to work on /opt/airflow/dags/ETL_pipeline.py
[2026-03-18T15:14:39.045+0000] {processor.py:830} INFO - Processing file /opt/airflow/dags/ETL_pipeline.py for tasks to queue
[2026-03-18T15:14:39.047+0000] {logging_mixin.py:188} INFO - [2026-03-18T15:14:39.047+0000] {dagbag.py:538} INFO - Filling up the DagBag from /opt/airflow/dags/ETL_pipeline.py
[2026-03-18T15:14:39.094+0000] {processor.py:840} INFO - DAG(s) 'pipeline_ETL' retrieved from /opt/airflow/dags/ETL_pipeline.py
[2026-03-18T15:14:39.152+0000] {logging_mixin.py:188} INFO - [2026-03-18T15:14:39.151+0000] {dag.py:3036} INFO - Sync 1 DAGs
[2026-03-18T15:14:39.201+0000] {logging_mixin.py:188} INFO - [2026-03-18T15:14:39.201+0000] {dag.py:3823} INFO - Setting next_dagrun for pipeline_ETL to 2026-03-17 23:00:00+00:00, run_after=2026-03-18 23:00:00+00:00
[2026-03-18T15:14:39.264+0000] {processor.py:183} INFO - Processing /opt/airflow/dags/ETL_pipeline.py took 0.226 seconds
[2026-03-18T15:15:09.444+0000] {processor.py:161} INFO - Started process (PID=272) to work on /opt/airflow/dags/ETL_pipeline.py
[2026-03-18T15:15:09.447+0000] {processor.py:830} INFO - Processing file /opt/airflow/dags/ETL_pipeline.py for tasks to queue
[2026-03-18T15:15:09.450+0000] {logging_mixin.py:188} INFO - [2026-03-18T15:15:09.449+0000] {dagbag.py:538} INFO - Filling up the DagBag from /opt/airflow/dags/ETL_pipeline.py
[2026-03-18T15:15:09.507+0000] {processor.py:840} INFO - DAG(s) 'pipeline_ETL' retrieved from /opt/airflow/dags/ETL_pipeline.py
[2026-03-18T15:15:09.584+0000] {logging_mixin.py:188} INFO - [2026-03-18T15:15:09.584+0000] {dag.py:3036} INFO - Sync 1 DAGs
[2026-03-18T15:15:09.628+0000] {logging_mixin.py:188} INFO - [2026-03-18T15:15:09.628+0000] {dag.py:3823} INFO - Setting next_dagrun for pipeline_ETL to 2026-03-17 23:00:00+00:00, run_after=2026-03-18 23:00:00+00:00
[2026-03-18T15:15:09.687+0000] {processor.py:183} INFO - Processing /opt/airflow/dags/ETL_pipeline.py took 0.255 seconds
[2026-03-18T15:15:39.943+0000] {processor.py:161} INFO - Started process (PID=277) to work on /opt/airflow/dags/ETL_pipeline.py
[2026-03-18T15:15:39.945+0000] {processor.py:830} INFO - Processing file /opt/airflow/dags/ETL_pipeline.py for tasks to queue
[2026-03-18T15:15:39.946+0000] {logging_mixin.py:188} INFO - [2026-03-18T15:15:39.946+0000] {dagbag.py:538} INFO - Filling up the DagBag from /opt/airflow/dags/ETL_pipeline.py
[2026-03-18T15:15:39.981+0000] {processor.py:840} INFO - DAG(s) 'pipeline_ETL' retrieved from /opt/airflow/dags/ETL_pipeline.py
[2026-03-18T15:15:40.034+0000] {logging_mixin.py:188} INFO - [2026-03-18T15:15:40.034+0000] {dag.py:3036} INFO - Sync 1 DAGs
[2026-03-18T15:15:40.066+0000] {logging_mixin.py:188} INFO - [2026-03-18T15:15:40.066+0000] {dag.py:3823} INFO - Setting next_dagrun for pipeline_ETL to 2026-03-17 23:00:00+00:00, run_after=2026-03-18 23:00:00+00:00
[2026-03-18T15:15:40.114+0000] {processor.py:183} INFO - Processing /opt/airflow/dags/ETL_pipeline.py took 0.175 seconds
[2026-03-18T15:16:10.380+0000] {processor.py:161} INFO - Started process (PID=282) to work on /opt/airflow/dags/ETL_pipeline.py
[2026-03-18T15:16:10.383+0000] {processor.py:830} INFO - Processing file /opt/airflow/dags/ETL_pipeline.py for tasks to queue
[2026-03-18T15:16:10.385+0000] {logging_mixin.py:188} INFO - [2026-03-18T15:16:10.385+0000] {dagbag.py:538} INFO - Filling up the DagBag from /opt/airflow/dags/ETL_pipeline.py
[2026-03-18T15:16:10.435+0000] {processor.py:840} INFO - DAG(s) 'pipeline_ETL' retrieved from /opt/airflow/dags/ETL_pipeline.py
[2026-03-18T15:16:10.488+0000] {logging_mixin.py:188} INFO - [2026-03-18T15:16:10.487+0000] {dag.py:3036} INFO - Sync 1 DAGs
[2026-03-18T15:16:10.526+0000] {logging_mixin.py:188} INFO - [2026-03-18T15:16:10.525+0000] {dag.py:3823} INFO - Setting next_dagrun for pipeline_ETL to 2026-03-17 23:00:00+00:00, run_after=2026-03-18 23:00:00+00:00
[2026-03-18T15:16:10.609+0000] {processor.py:183} INFO - Processing /opt/airflow/dags/ETL_pipeline.py took 0.234 seconds
[2026-03-18T15:16:40.749+0000] {processor.py:161} INFO - Started process (PID=287) to work on /opt/airflow/dags/ETL_pipeline.py
[2026-03-18T15:16:40.750+0000] {processor.py:830} INFO - Processing file /opt/airflow/dags/ETL_pipeline.py for tasks to queue
[2026-03-18T15:16:40.751+0000] {logging_mixin.py:188} INFO - [2026-03-18T15:16:40.751+0000] {dagbag.py:538} INFO - Filling up the DagBag from /opt/airflow/dags/ETL_pipeline.py
[2026-03-18T15:16:40.789+0000] {processor.py:840} INFO - DAG(s) 'pipeline_ETL' retrieved from /opt/airflow/dags/ETL_pipeline.py
[2026-03-18T15:16:40.827+0000] {logging_mixin.py:188} INFO - [2026-03-18T15:16:40.827+0000] {dag.py:3036} INFO - Sync 1 DAGs
[2026-03-18T15:16:40.856+0000] {logging_mixin.py:188} INFO - [2026-03-18T15:16:40.856+0000] {dag.py:3823} INFO - Setting next_dagrun for pipeline_ETL to 2026-03-17 23:00:00+00:00, run_after=2026-03-18 23:00:00+00:00
[2026-03-18T15:16:40.908+0000] {processor.py:183} INFO - Processing /opt/airflow/dags/ETL_pipeline.py took 0.163 seconds
[2026-03-18T15:17:11.272+0000] {processor.py:161} INFO - Started process (PID=292) to work on /opt/airflow/dags/ETL_pipeline.py
[2026-03-18T15:17:11.283+0000] {processor.py:830} INFO - Processing file /opt/airflow/dags/ETL_pipeline.py for tasks to queue
[2026-03-18T15:17:11.285+0000] {logging_mixin.py:188} INFO - [2026-03-18T15:17:11.284+0000] {dagbag.py:538} INFO - Filling up the DagBag from /opt/airflow/dags/ETL_pipeline.py
[2026-03-18T15:17:11.336+0000] {processor.py:840} INFO - DAG(s) 'pipeline_ETL' retrieved from /opt/airflow/dags/ETL_pipeline.py
[2026-03-18T15:17:11.415+0000] {logging_mixin.py:188} INFO - [2026-03-18T15:17:11.415+0000] {dag.py:3036} INFO - Sync 1 DAGs
[2026-03-18T15:17:11.447+0000] {logging_mixin.py:188} INFO - [2026-03-18T15:17:11.446+0000] {dag.py:3823} INFO - Setting next_dagrun for pipeline_ETL to 2026-03-17 23:00:00+00:00, run_after=2026-03-18 23:00:00+00:00
[2026-03-18T15:17:11.493+0000] {processor.py:183} INFO - Processing /opt/airflow/dags/ETL_pipeline.py took 0.224 seconds
[2026-03-18T15:17:41.666+0000] {processor.py:161} INFO - Started process (PID=297) to work on /opt/airflow/dags/ETL_pipeline.py
[2026-03-18T15:17:41.669+0000] {processor.py:830} INFO - Processing file /opt/airflow/dags/ETL_pipeline.py for tasks to queue
[2026-03-18T15:17:41.672+0000] {logging_mixin.py:188} INFO - [2026-03-18T15:17:41.671+0000] {dagbag.py:538} INFO - Filling up the DagBag from /opt/airflow/dags/ETL_pipeline.py
[2026-03-18T15:17:41.733+0000] {processor.py:840} INFO - DAG(s) 'pipeline_ETL' retrieved from /opt/airflow/dags/ETL_pipeline.py
[2026-03-18T15:17:41.800+0000] {logging_mixin.py:188} INFO - [2026-03-18T15:17:41.799+0000] {dag.py:3036} INFO - Sync 1 DAGs
[2026-03-18T15:17:41.847+0000] {logging_mixin.py:188} INFO - [2026-03-18T15:17:41.847+0000] {dag.py:3823} INFO - Setting next_dagrun for pipeline_ETL to 2026-03-17 23:00:00+00:00, run_after=2026-03-18 23:00:00+00:00
[2026-03-18T15:17:41.914+0000] {processor.py:183} INFO - Processing /opt/airflow/dags/ETL_pipeline.py took 0.257 seconds
[2026-03-18T15:18:12.197+0000] {processor.py:161} INFO - Started process (PID=302) to work on /opt/airflow/dags/ETL_pipeline.py
[2026-03-18T15:18:12.198+0000] {processor.py:830} INFO - Processing file /opt/airflow/dags/ETL_pipeline.py for tasks to queue
[2026-03-18T15:18:12.200+0000] {logging_mixin.py:188} INFO - [2026-03-18T15:18:12.200+0000] {dagbag.py:538} INFO - Filling up the DagBag from /opt/airflow/dags/ETL_pipeline.py
[2026-03-18T15:18:12.236+0000] {processor.py:840} INFO - DAG(s) 'pipeline_ETL' retrieved from /opt/airflow/dags/ETL_pipeline.py
[2026-03-18T15:18:12.270+0000] {logging_mixin.py:188} INFO - [2026-03-18T15:18:12.269+0000] {dag.py:3036} INFO - Sync 1 DAGs
[2026-03-18T15:18:12.301+0000] {logging_mixin.py:188} INFO - [2026-03-18T15:18:12.301+0000] {dag.py:3823} INFO - Setting next_dagrun for pipeline_ETL to 2026-03-17 23:00:00+00:00, run_after=2026-03-18 23:00:00+00:00
[2026-03-18T15:18:12.350+0000] {processor.py:183} INFO - Processing /opt/airflow/dags/ETL_pipeline.py took 0.157 seconds
[2026-03-18T15:18:42.652+0000] {processor.py:161} INFO - Started process (PID=307) to work on /opt/airflow/dags/ETL_pipeline.py
[2026-03-18T15:18:42.654+0000] {processor.py:830} INFO - Processing file /opt/airflow/dags/ETL_pipeline.py for tasks to queue
[2026-03-18T15:18:42.655+0000] {logging_mixin.py:188} INFO - [2026-03-18T15:18:42.655+0000] {dagbag.py:538} INFO - Filling up the DagBag from /opt/airflow/dags/ETL_pipeline.py
[2026-03-18T15:18:42.694+0000] {processor.py:840} INFO - DAG(s) 'pipeline_ETL' retrieved from /opt/airflow/dags/ETL_pipeline.py
[2026-03-18T15:18:42.738+0000] {logging_mixin.py:188} INFO - [2026-03-18T15:18:42.737+0000] {dag.py:3036} INFO - Sync 1 DAGs
[2026-03-18T15:18:42.771+0000] {logging_mixin.py:188} INFO - [2026-03-18T15:18:42.770+0000] {dag.py:3823} INFO - Setting next_dagrun for pipeline_ETL to 2026-03-17 23:00:00+00:00, run_after=2026-03-18 23:00:00+00:00
[2026-03-18T15:18:42.818+0000] {processor.py:183} INFO - Processing /opt/airflow/dags/ETL_pipeline.py took 0.170 seconds
[2026-03-18T15:19:12.993+0000] {processor.py:161} INFO - Started process (PID=312) to work on /opt/airflow/dags/ETL_pipeline.py
[2026-03-18T15:19:12.994+0000] {processor.py:830} INFO - Processing file /opt/airflow/dags/ETL_pipeline.py for tasks to queue
[2026-03-18T15:19:12.996+0000] {logging_mixin.py:188} INFO - [2026-03-18T15:19:12.996+0000] {dagbag.py:538} INFO - Filling up the DagBag from /opt/airflow/dags/ETL_pipeline.py
[2026-03-18T15:19:13.063+0000] {processor.py:840} INFO - DAG(s) 'pipeline_ETL' retrieved from /opt/airflow/dags/ETL_pipeline.py
[2026-03-18T15:19:13.110+0000] {logging_mixin.py:188} INFO - [2026-03-18T15:19:13.110+0000] {dag.py:3036} INFO - Sync 1 DAGs
[2026-03-18T15:19:13.147+0000] {logging_mixin.py:188} INFO - [2026-03-18T15:19:13.146+0000] {dag.py:3823} INFO - Setting next_dagrun for pipeline_ETL to 2026-03-17 23:00:00+00:00, run_after=2026-03-18 23:00:00+00:00
[2026-03-18T15:19:13.199+0000] {processor.py:183} INFO - Processing /opt/airflow/dags/ETL_pipeline.py took 0.212 seconds
[2026-03-18T15:19:43.409+0000] {processor.py:161} INFO - Started process (PID=317) to work on /opt/airflow/dags/ETL_pipeline.py
[2026-03-18T15:19:43.410+0000] {processor.py:830} INFO - Processing file /opt/airflow/dags/ETL_pipeline.py for tasks to queue
[2026-03-18T15:19:43.412+0000] {logging_mixin.py:188} INFO - [2026-03-18T15:19:43.411+0000] {dagbag.py:538} INFO - Filling up the DagBag from /opt/airflow/dags/ETL_pipeline.py
[2026-03-18T15:19:43.451+0000] {processor.py:840} INFO - DAG(s) 'pipeline_ETL' retrieved from /opt/airflow/dags/ETL_pipeline.py
[2026-03-18T15:19:43.488+0000] {logging_mixin.py:188} INFO - [2026-03-18T15:19:43.487+0000] {dag.py:3036} INFO - Sync 1 DAGs
[2026-03-18T15:19:43.518+0000] {logging_mixin.py:188} INFO - [2026-03-18T15:19:43.517+0000] {dag.py:3823} INFO - Setting next_dagrun for pipeline_ETL to 2026-03-17 23:00:00+00:00, run_after=2026-03-18 23:00:00+00:00
[2026-03-18T15:19:43.561+0000] {processor.py:183} INFO - Processing /opt/airflow/dags/ETL_pipeline.py took 0.156 seconds
[2026-03-18T15:20:13.993+0000] {processor.py:161} INFO - Started process (PID=322) to work on /opt/airflow/dags/ETL_pipeline.py
[2026-03-18T15:20:14.023+0000] {processor.py:830} INFO - Processing file /opt/airflow/dags/ETL_pipeline.py for tasks to queue
[2026-03-18T15:20:14.032+0000] {logging_mixin.py:188} INFO - [2026-03-18T15:20:14.031+0000] {dagbag.py:538} INFO - Filling up the DagBag from /opt/airflow/dags/ETL_pipeline.py
[2026-03-18T15:20:14.168+0000] {processor.py:840} INFO - DAG(s) 'pipeline_ETL' retrieved from /opt/airflow/dags/ETL_pipeline.py
[2026-03-18T15:20:14.255+0000] {logging_mixin.py:188} INFO - [2026-03-18T15:20:14.255+0000] {dag.py:3036} INFO - Sync 1 DAGs
[2026-03-18T15:20:14.303+0000] {logging_mixin.py:188} INFO - [2026-03-18T15:20:14.303+0000] {dag.py:3823} INFO - Setting next_dagrun for pipeline_ETL to 2026-03-17 23:00:00+00:00, run_after=2026-03-18 23:00:00+00:00
[2026-03-18T15:20:14.368+0000] {processor.py:183} INFO - Processing /opt/airflow/dags/ETL_pipeline.py took 0.412 seconds
[2026-03-18T15:20:44.700+0000] {processor.py:161} INFO - Started process (PID=327) to work on /opt/airflow/dags/ETL_pipeline.py
[2026-03-18T15:20:44.701+0000] {processor.py:830} INFO - Processing file /opt/airflow/dags/ETL_pipeline.py for tasks to queue
[2026-03-18T15:20:44.703+0000] {logging_mixin.py:188} INFO - [2026-03-18T15:20:44.702+0000] {dagbag.py:538} INFO - Filling up the DagBag from /opt/airflow/dags/ETL_pipeline.py
[2026-03-18T15:20:44.742+0000] {processor.py:840} INFO - DAG(s) 'pipeline_ETL' retrieved from /opt/airflow/dags/ETL_pipeline.py
[2026-03-18T15:20:44.789+0000] {logging_mixin.py:188} INFO - [2026-03-18T15:20:44.789+0000] {dag.py:3036} INFO - Sync 1 DAGs
[2026-03-18T15:20:44.819+0000] {logging_mixin.py:188} INFO - [2026-03-18T15:20:44.819+0000] {dag.py:3823} INFO - Setting next_dagrun for pipeline_ETL to 2026-03-17 23:00:00+00:00, run_after=2026-03-18 23:00:00+00:00
[2026-03-18T15:20:44.865+0000] {processor.py:183} INFO - Processing /opt/airflow/dags/ETL_pipeline.py took 0.171 seconds
[2026-03-18T15:21:14.956+0000] {processor.py:161} INFO - Started process (PID=332) to work on /opt/airflow/dags/ETL_pipeline.py
[2026-03-18T15:21:14.958+0000] {processor.py:830} INFO - Processing file /opt/airflow/dags/ETL_pipeline.py for tasks to queue
[2026-03-18T15:21:14.960+0000] {logging_mixin.py:188} INFO - [2026-03-18T15:21:14.959+0000] {dagbag.py:538} INFO - Filling up the DagBag from /opt/airflow/dags/ETL_pipeline.py
[2026-03-18T15:21:14.999+0000] {processor.py:840} INFO - DAG(s) 'pipeline_ETL' retrieved from /opt/airflow/dags/ETL_pipeline.py
[2026-03-18T15:21:15.049+0000] {logging_mixin.py:188} INFO - [2026-03-18T15:21:15.049+0000] {dag.py:3036} INFO - Sync 1 DAGs
[2026-03-18T15:21:15.089+0000] {logging_mixin.py:188} INFO - [2026-03-18T15:21:15.089+0000] {dag.py:3823} INFO - Setting next_dagrun for pipeline_ETL to 2026-03-17 23:00:00+00:00, run_after=2026-03-18 23:00:00+00:00
[2026-03-18T15:21:15.150+0000] {processor.py:183} INFO - Processing /opt/airflow/dags/ETL_pipeline.py took 0.198 seconds
[2026-03-18T15:21:45.536+0000] {processor.py:161} INFO - Started process (PID=337) to work on /opt/airflow/dags/ETL_pipeline.py
[2026-03-18T15:21:45.539+0000] {processor.py:830} INFO - Processing file /opt/airflow/dags/ETL_pipeline.py for tasks to queue
[2026-03-18T15:21:45.542+0000] {logging_mixin.py:188} INFO - [2026-03-18T15:21:45.541+0000] {dagbag.py:538} INFO - Filling up the DagBag from /opt/airflow/dags/ETL_pipeline.py
[2026-03-18T15:21:45.617+0000] {processor.py:840} INFO - DAG(s) 'pipeline_ETL' retrieved from /opt/airflow/dags/ETL_pipeline.py
[2026-03-18T15:21:45.747+0000] {logging_mixin.py:188} INFO - [2026-03-18T15:21:45.746+0000] {dag.py:3036} INFO - Sync 1 DAGs
[2026-03-18T15:21:45.830+0000] {logging_mixin.py:188} INFO - [2026-03-18T15:21:45.830+0000] {dag.py:3823} INFO - Setting next_dagrun for pipeline_ETL to 2026-03-17 23:00:00+00:00, run_after=2026-03-18 23:00:00+00:00
[2026-03-18T15:21:45.897+0000] {processor.py:183} INFO - Processing /opt/airflow/dags/ETL_pipeline.py took 0.374 seconds
[2026-03-18T15:22:16.374+0000] {processor.py:161} INFO - Started process (PID=342) to work on /opt/airflow/dags/ETL_pipeline.py
[2026-03-18T15:22:16.385+0000] {processor.py:830} INFO - Processing file /opt/airflow/dags/ETL_pipeline.py for tasks to queue
[2026-03-18T15:22:16.389+0000] {logging_mixin.py:188} INFO - [2026-03-18T15:22:16.388+0000] {dagbag.py:538} INFO - Filling up the DagBag from /opt/airflow/dags/ETL_pipeline.py
[2026-03-18T15:22:16.511+0000] {processor.py:840} INFO - DAG(s) 'pipeline_ETL' retrieved from /opt/airflow/dags/ETL_pipeline.py
[2026-03-18T15:22:16.668+0000] {logging_mixin.py:188} INFO - [2026-03-18T15:22:16.667+0000] {dag.py:3036} INFO - Sync 1 DAGs
[2026-03-18T15:22:16.769+0000] {logging_mixin.py:188} INFO - [2026-03-18T15:22:16.769+0000] {dag.py:3823} INFO - Setting next_dagrun for pipeline_ETL to 2026-03-17 23:00:00+00:00, run_after=2026-03-18 23:00:00+00:00
[2026-03-18T15:22:16.848+0000] {processor.py:183} INFO - Processing /opt/airflow/dags/ETL_pipeline.py took 0.492 seconds
[2026-03-18T15:22:47.260+0000] {processor.py:161} INFO - Started process (PID=489) to work on /opt/airflow/dags/ETL_pipeline.py
[2026-03-18T15:22:47.279+0000] {processor.py:830} INFO - Processing file /opt/airflow/dags/ETL_pipeline.py for tasks to queue
[2026-03-18T15:22:47.283+0000] {logging_mixin.py:188} INFO - [2026-03-18T15:22:47.283+0000] {dagbag.py:538} INFO - Filling up the DagBag from /opt/airflow/dags/ETL_pipeline.py
[2026-03-18T15:22:47.482+0000] {processor.py:840} INFO - DAG(s) 'pipeline_ETL' retrieved from /opt/airflow/dags/ETL_pipeline.py
[2026-03-18T15:22:47.691+0000] {logging_mixin.py:188} INFO - [2026-03-18T15:22:47.690+0000] {dag.py:3036} INFO - Sync 1 DAGs
[2026-03-18T15:22:51.685+0000] {logging_mixin.py:188} INFO - [2026-03-18T15:22:51.685+0000] {dag.py:3823} INFO - Setting next_dagrun for pipeline_ETL to 2026-03-17 23:00:00+00:00, run_after=2026-03-18 23:00:00+00:00
[2026-03-18T15:22:51.806+0000] {processor.py:183} INFO - Processing /opt/airflow/dags/ETL_pipeline.py took 4.626 seconds
[2026-03-18T15:23:22.236+0000] {processor.py:161} INFO - Started process (PID=557) to work on /opt/airflow/dags/ETL_pipeline.py
[2026-03-18T15:23:22.259+0000] {processor.py:830} INFO - Processing file /opt/airflow/dags/ETL_pipeline.py for tasks to queue
[2026-03-18T15:23:22.271+0000] {logging_mixin.py:188} INFO - [2026-03-18T15:23:22.267+0000] {dagbag.py:538} INFO - Filling up the DagBag from /opt/airflow/dags/ETL_pipeline.py
[2026-03-18T15:23:22.568+0000] {processor.py:840} INFO - DAG(s) 'pipeline_ETL' retrieved from /opt/airflow/dags/ETL_pipeline.py
[2026-03-18T15:23:23.021+0000] {logging_mixin.py:188} INFO - [2026-03-18T15:23:23.021+0000] {dag.py:3036} INFO - Sync 1 DAGs
[2026-03-18T15:23:23.167+0000] {logging_mixin.py:188} INFO - [2026-03-18T15:23:23.167+0000] {dag.py:3823} INFO - Setting next_dagrun for pipeline_ETL to 2026-03-17 23:00:00+00:00, run_after=2026-03-18 23:00:00+00:00
[2026-03-18T15:23:23.344+0000] {processor.py:183} INFO - Processing /opt/airflow/dags/ETL_pipeline.py took 1.205 seconds
[2026-03-18T15:23:53.585+0000] {processor.py:161} INFO - Started process (PID=811) to work on /opt/airflow/dags/ETL_pipeline.py
[2026-03-18T15:23:53.591+0000] {processor.py:830} INFO - Processing file /opt/airflow/dags/ETL_pipeline.py for tasks to queue
[2026-03-18T15:23:53.596+0000] {logging_mixin.py:188} INFO - [2026-03-18T15:23:53.594+0000] {dagbag.py:538} INFO - Filling up the DagBag from /opt/airflow/dags/ETL_pipeline.py
[2026-03-18T15:23:53.709+0000] {processor.py:840} INFO - DAG(s) 'pipeline_ETL' retrieved from /opt/airflow/dags/ETL_pipeline.py
[2026-03-18T15:23:53.971+0000] {logging_mixin.py:188} INFO - [2026-03-18T15:23:53.969+0000] {dag.py:3036} INFO - Sync 1 DAGs
[2026-03-18T15:23:54.109+0000] {logging_mixin.py:188} INFO - [2026-03-18T15:23:54.107+0000] {dag.py:3823} INFO - Setting next_dagrun for pipeline_ETL to 2026-03-17 23:00:00+00:00, run_after=2026-03-18 23:00:00+00:00
[2026-03-18T15:23:54.242+0000] {processor.py:183} INFO - Processing /opt/airflow/dags/ETL_pipeline.py took 0.669 seconds
[2026-03-18T15:24:24.811+0000] {processor.py:161} INFO - Started process (PID=816) to work on /opt/airflow/dags/ETL_pipeline.py
[2026-03-18T15:24:24.815+0000] {processor.py:830} INFO - Processing file /opt/airflow/dags/ETL_pipeline.py for tasks to queue
[2026-03-18T15:24:24.817+0000] {logging_mixin.py:188} INFO - [2026-03-18T15:24:24.816+0000] {dagbag.py:538} INFO - Filling up the DagBag from /opt/airflow/dags/ETL_pipeline.py
[2026-03-18T15:24:24.918+0000] {processor.py:840} INFO - DAG(s) 'pipeline_ETL' retrieved from /opt/airflow/dags/ETL_pipeline.py
[2026-03-18T15:24:25.023+0000] {logging_mixin.py:188} INFO - [2026-03-18T15:24:25.022+0000] {dag.py:3036} INFO - Sync 1 DAGs
[2026-03-18T15:24:25.101+0000] {logging_mixin.py:188} INFO - [2026-03-18T15:24:25.101+0000] {dag.py:3823} INFO - Setting next_dagrun for pipeline_ETL to 2026-03-17 23:00:00+00:00, run_after=2026-03-18 23:00:00+00:00
[2026-03-18T15:24:25.190+0000] {processor.py:183} INFO - Processing /opt/airflow/dags/ETL_pipeline.py took 0.387 seconds
[2026-03-18T15:24:56.093+0000] {processor.py:161} INFO - Started process (PID=821) to work on /opt/airflow/dags/ETL_pipeline.py
[2026-03-18T15:24:56.111+0000] {processor.py:830} INFO - Processing file /opt/airflow/dags/ETL_pipeline.py for tasks to queue
[2026-03-18T15:24:58.423+0000] {logging_mixin.py:188} INFO - [2026-03-18T15:24:56.129+0000] {dagbag.py:538} INFO - Filling up the DagBag from /opt/airflow/dags/ETL_pipeline.py
[2026-03-18T15:24:59.497+0000] {processor.py:840} INFO - DAG(s) 'pipeline_ETL' retrieved from /opt/airflow/dags/ETL_pipeline.py
[2026-03-18T15:25:00.465+0000] {logging_mixin.py:188} INFO - [2026-03-18T15:25:00.464+0000] {dag.py:3036} INFO - Sync 1 DAGs
[2026-03-18T15:25:01.562+0000] {logging_mixin.py:188} INFO - [2026-03-18T15:25:01.559+0000] {dag.py:3823} INFO - Setting next_dagrun for pipeline_ETL to 2026-03-17 23:00:00+00:00, run_after=2026-03-18 23:00:00+00:00
[2026-03-18T15:25:01.899+0000] {processor.py:183} INFO - Processing /opt/airflow/dags/ETL_pipeline.py took 5.863 seconds
[2026-03-18T15:25:32.484+0000] {processor.py:161} INFO - Started process (PID=840) to work on /opt/airflow/dags/ETL_pipeline.py
[2026-03-18T15:25:32.487+0000] {processor.py:830} INFO - Processing file /opt/airflow/dags/ETL_pipeline.py for tasks to queue
[2026-03-18T15:25:32.490+0000] {logging_mixin.py:188} INFO - [2026-03-18T15:25:32.490+0000] {dagbag.py:538} INFO - Filling up the DagBag from /opt/airflow/dags/ETL_pipeline.py
[2026-03-18T15:25:32.587+0000] {processor.py:840} INFO - DAG(s) 'pipeline_ETL' retrieved from /opt/airflow/dags/ETL_pipeline.py
[2026-03-18T15:25:32.775+0000] {logging_mixin.py:188} INFO - [2026-03-18T15:25:32.774+0000] {dag.py:3036} INFO - Sync 1 DAGs
[2026-03-18T15:25:32.900+0000] {logging_mixin.py:188} INFO - [2026-03-18T15:25:32.899+0000] {dag.py:3823} INFO - Setting next_dagrun for pipeline_ETL to 2026-03-17 23:00:00+00:00, run_after=2026-03-18 23:00:00+00:00
[2026-03-18T15:25:32.993+0000] {processor.py:183} INFO - Processing /opt/airflow/dags/ETL_pipeline.py took 0.518 seconds
[2026-03-18T15:26:03.517+0000] {processor.py:161} INFO - Started process (PID=845) to work on /opt/airflow/dags/ETL_pipeline.py
[2026-03-18T15:26:03.523+0000] {processor.py:830} INFO - Processing file /opt/airflow/dags/ETL_pipeline.py for tasks to queue
[2026-03-18T15:26:03.533+0000] {logging_mixin.py:188} INFO - [2026-03-18T15:26:03.529+0000] {dagbag.py:538} INFO - Filling up the DagBag from /opt/airflow/dags/ETL_pipeline.py
[2026-03-18T15:26:03.796+0000] {processor.py:840} INFO - DAG(s) 'pipeline_ETL' retrieved from /opt/airflow/dags/ETL_pipeline.py
[2026-03-18T15:26:03.936+0000] {logging_mixin.py:188} INFO - [2026-03-18T15:26:03.935+0000] {dag.py:3036} INFO - Sync 1 DAGs
[2026-03-18T15:26:04.036+0000] {logging_mixin.py:188} INFO - [2026-03-18T15:26:04.035+0000] {dag.py:3823} INFO - Setting next_dagrun for pipeline_ETL to 2026-03-17 23:00:00+00:00, run_after=2026-03-18 23:00:00+00:00
[2026-03-18T15:26:04.145+0000] {processor.py:183} INFO - Processing /opt/airflow/dags/ETL_pipeline.py took 0.646 seconds
[2026-03-18T15:26:34.657+0000] {processor.py:161} INFO - Started process (PID=850) to work on /opt/airflow/dags/ETL_pipeline.py
[2026-03-18T15:26:34.668+0000] {processor.py:830} INFO - Processing file /opt/airflow/dags/ETL_pipeline.py for tasks to queue
[2026-03-18T15:26:34.676+0000] {logging_mixin.py:188} INFO - [2026-03-18T15:26:34.673+0000] {dagbag.py:538} INFO - Filling up the DagBag from /opt/airflow/dags/ETL_pipeline.py
[2026-03-18T15:26:34.876+0000] {processor.py:840} INFO - DAG(s) 'pipeline_ETL' retrieved from /opt/airflow/dags/ETL_pipeline.py
[2026-03-18T15:26:35.170+0000] {logging_mixin.py:188} INFO - [2026-03-18T15:26:35.169+0000] {dag.py:3036} INFO - Sync 1 DAGs
[2026-03-18T15:26:35.267+0000] {logging_mixin.py:188} INFO - [2026-03-18T15:26:35.266+0000] {dag.py:3823} INFO - Setting next_dagrun for pipeline_ETL to 2026-03-17 23:00:00+00:00, run_after=2026-03-18 23:00:00+00:00
[2026-03-18T15:26:35.346+0000] {processor.py:183} INFO - Processing /opt/airflow/dags/ETL_pipeline.py took 0.742 seconds
[2026-03-18T15:27:05.789+0000] {processor.py:161} INFO - Started process (PID=857) to work on /opt/airflow/dags/ETL_pipeline.py
[2026-03-18T15:27:05.792+0000] {processor.py:830} INFO - Processing file /opt/airflow/dags/ETL_pipeline.py for tasks to queue
[2026-03-18T15:27:05.795+0000] {logging_mixin.py:188} INFO - [2026-03-18T15:27:05.794+0000] {dagbag.py:538} INFO - Filling up the DagBag from /opt/airflow/dags/ETL_pipeline.py
[2026-03-18T15:27:05.856+0000] {processor.py:840} INFO - DAG(s) 'pipeline_ETL' retrieved from /opt/airflow/dags/ETL_pipeline.py
[2026-03-18T15:27:05.962+0000] {logging_mixin.py:188} INFO - [2026-03-18T15:27:05.961+0000] {dag.py:3036} INFO - Sync 1 DAGs
[2026-03-18T15:27:06.001+0000] {logging_mixin.py:188} INFO - [2026-03-18T15:27:06.001+0000] {dag.py:3823} INFO - Setting next_dagrun for pipeline_ETL to 2026-03-17 23:00:00+00:00, run_after=2026-03-18 23:00:00+00:00
[2026-03-18T15:27:06.129+0000] {processor.py:183} INFO - Processing /opt/airflow/dags/ETL_pipeline.py took 0.349 seconds
[2026-03-18T15:27:36.313+0000] {processor.py:161} INFO - Started process (PID=862) to work on /opt/airflow/dags/ETL_pipeline.py
[2026-03-18T15:27:36.315+0000] {processor.py:830} INFO - Processing file /opt/airflow/dags/ETL_pipeline.py for tasks to queue
[2026-03-18T15:27:36.317+0000] {logging_mixin.py:188} INFO - [2026-03-18T15:27:36.317+0000] {dagbag.py:538} INFO - Filling up the DagBag from /opt/airflow/dags/ETL_pipeline.py
[2026-03-18T15:27:36.361+0000] {processor.py:840} INFO - DAG(s) 'pipeline_ETL' retrieved from /opt/airflow/dags/ETL_pipeline.py
[2026-03-18T15:27:36.421+0000] {logging_mixin.py:188} INFO - [2026-03-18T15:27:36.421+0000] {dag.py:3036} INFO - Sync 1 DAGs
[2026-03-18T15:27:36.461+0000] {logging_mixin.py:188} INFO - [2026-03-18T15:27:36.460+0000] {dag.py:3823} INFO - Setting next_dagrun for pipeline_ETL to 2026-03-17 23:00:00+00:00, run_after=2026-03-18 23:00:00+00:00
[2026-03-18T15:27:36.524+0000] {processor.py:183} INFO - Processing /opt/airflow/dags/ETL_pipeline.py took 0.218 seconds
[2026-03-18T15:28:06.718+0000] {processor.py:161} INFO - Started process (PID=867) to work on /opt/airflow/dags/ETL_pipeline.py
[2026-03-18T15:28:06.720+0000] {processor.py:830} INFO - Processing file /opt/airflow/dags/ETL_pipeline.py for tasks to queue
[2026-03-18T15:28:06.721+0000] {logging_mixin.py:188} INFO - [2026-03-18T15:28:06.721+0000] {dagbag.py:538} INFO - Filling up the DagBag from /opt/airflow/dags/ETL_pipeline.py
[2026-03-18T15:28:06.768+0000] {processor.py:840} INFO - DAG(s) 'pipeline_ETL' retrieved from /opt/airflow/dags/ETL_pipeline.py
[2026-03-18T15:28:06.830+0000] {logging_mixin.py:188} INFO - [2026-03-18T15:28:06.829+0000] {dag.py:3036} INFO - Sync 1 DAGs
[2026-03-18T15:28:06.876+0000] {logging_mixin.py:188} INFO - [2026-03-18T15:28:06.876+0000] {dag.py:3823} INFO - Setting next_dagrun for pipeline_ETL to 2026-03-17 23:00:00+00:00, run_after=2026-03-18 23:00:00+00:00
[2026-03-18T15:28:06.919+0000] {processor.py:183} INFO - Processing /opt/airflow/dags/ETL_pipeline.py took 0.205 seconds
[2026-03-18T15:28:37.137+0000] {processor.py:161} INFO - Started process (PID=872) to work on /opt/airflow/dags/ETL_pipeline.py
[2026-03-18T15:28:37.139+0000] {processor.py:830} INFO - Processing file /opt/airflow/dags/ETL_pipeline.py for tasks to queue
[2026-03-18T15:28:37.141+0000] {logging_mixin.py:188} INFO - [2026-03-18T15:28:37.141+0000] {dagbag.py:538} INFO - Filling up the DagBag from /opt/airflow/dags/ETL_pipeline.py
[2026-03-18T15:28:37.181+0000] {processor.py:840} INFO - DAG(s) 'pipeline_ETL' retrieved from /opt/airflow/dags/ETL_pipeline.py
[2026-03-18T15:28:37.240+0000] {logging_mixin.py:188} INFO - [2026-03-18T15:28:37.240+0000] {dag.py:3036} INFO - Sync 1 DAGs
[2026-03-18T15:28:37.287+0000] {logging_mixin.py:188} INFO - [2026-03-18T15:28:37.287+0000] {dag.py:3823} INFO - Setting next_dagrun for pipeline_ETL to 2026-03-17 23:00:00+00:00, run_after=2026-03-18 23:00:00+00:00
[2026-03-18T15:28:37.338+0000] {processor.py:183} INFO - Processing /opt/airflow/dags/ETL_pipeline.py took 0.206 seconds
[2026-03-18T15:29:07.520+0000] {processor.py:161} INFO - Started process (PID=877) to work on /opt/airflow/dags/ETL_pipeline.py
[2026-03-18T15:29:07.522+0000] {processor.py:830} INFO - Processing file /opt/airflow/dags/ETL_pipeline.py for tasks to queue
[2026-03-18T15:29:07.524+0000] {logging_mixin.py:188} INFO - [2026-03-18T15:29:07.523+0000] {dagbag.py:538} INFO - Filling up the DagBag from /opt/airflow/dags/ETL_pipeline.py
[2026-03-18T15:29:07.574+0000] {processor.py:840} INFO - DAG(s) 'pipeline_ETL' retrieved from /opt/airflow/dags/ETL_pipeline.py
[2026-03-18T15:29:07.633+0000] {logging_mixin.py:188} INFO - [2026-03-18T15:29:07.633+0000] {dag.py:3036} INFO - Sync 1 DAGs
[2026-03-18T15:29:07.675+0000] {logging_mixin.py:188} INFO - [2026-03-18T15:29:07.675+0000] {dag.py:3823} INFO - Setting next_dagrun for pipeline_ETL to 2026-03-17 23:00:00+00:00, run_after=2026-03-18 23:00:00+00:00
[2026-03-18T15:29:07.727+0000] {processor.py:183} INFO - Processing /opt/airflow/dags/ETL_pipeline.py took 0.214 seconds
[2026-03-18T15:29:38.001+0000] {processor.py:161} INFO - Started process (PID=882) to work on /opt/airflow/dags/ETL_pipeline.py
[2026-03-18T15:29:38.006+0000] {processor.py:830} INFO - Processing file /opt/airflow/dags/ETL_pipeline.py for tasks to queue
[2026-03-18T15:29:38.008+0000] {logging_mixin.py:188} INFO - [2026-03-18T15:29:38.007+0000] {dagbag.py:538} INFO - Filling up the DagBag from /opt/airflow/dags/ETL_pipeline.py
[2026-03-18T15:29:38.065+0000] {processor.py:840} INFO - DAG(s) 'pipeline_ETL' retrieved from /opt/airflow/dags/ETL_pipeline.py
[2026-03-18T15:29:38.132+0000] {logging_mixin.py:188} INFO - [2026-03-18T15:29:38.132+0000] {dag.py:3036} INFO - Sync 1 DAGs
[2026-03-18T15:29:38.181+0000] {logging_mixin.py:188} INFO - [2026-03-18T15:29:38.181+0000] {dag.py:3823} INFO - Setting next_dagrun for pipeline_ETL to 2026-03-17 23:00:00+00:00, run_after=2026-03-18 23:00:00+00:00
[2026-03-18T15:29:38.252+0000] {processor.py:183} INFO - Processing /opt/airflow/dags/ETL_pipeline.py took 0.258 seconds
[2026-03-18T15:30:08.565+0000] {processor.py:161} INFO - Started process (PID=887) to work on /opt/airflow/dags/ETL_pipeline.py
[2026-03-18T15:30:08.574+0000] {processor.py:830} INFO - Processing file /opt/airflow/dags/ETL_pipeline.py for tasks to queue
[2026-03-18T15:30:08.581+0000] {logging_mixin.py:188} INFO - [2026-03-18T15:30:08.580+0000] {dagbag.py:538} INFO - Filling up the DagBag from /opt/airflow/dags/ETL_pipeline.py
[2026-03-18T15:30:08.697+0000] {processor.py:840} INFO - DAG(s) 'pipeline_ETL' retrieved from /opt/airflow/dags/ETL_pipeline.py
[2026-03-18T15:30:08.812+0000] {logging_mixin.py:188} INFO - [2026-03-18T15:30:08.812+0000] {dag.py:3036} INFO - Sync 1 DAGs
[2026-03-18T15:30:08.858+0000] {logging_mixin.py:188} INFO - [2026-03-18T15:30:08.858+0000] {dag.py:3823} INFO - Setting next_dagrun for pipeline_ETL to 2026-03-17 23:00:00+00:00, run_after=2026-03-18 23:00:00+00:00
[2026-03-18T15:30:08.924+0000] {processor.py:183} INFO - Processing /opt/airflow/dags/ETL_pipeline.py took 0.430 seconds
[2026-03-18T15:30:39.329+0000] {processor.py:161} INFO - Started process (PID=892) to work on /opt/airflow/dags/ETL_pipeline.py
[2026-03-18T15:30:39.341+0000] {processor.py:830} INFO - Processing file /opt/airflow/dags/ETL_pipeline.py for tasks to queue
[2026-03-18T15:30:39.342+0000] {logging_mixin.py:188} INFO - [2026-03-18T15:30:39.342+0000] {dagbag.py:538} INFO - Filling up the DagBag from /opt/airflow/dags/ETL_pipeline.py
[2026-03-18T15:30:39.410+0000] {processor.py:840} INFO - DAG(s) 'pipeline_ETL' retrieved from /opt/airflow/dags/ETL_pipeline.py
[2026-03-18T15:30:39.486+0000] {logging_mixin.py:188} INFO - [2026-03-18T15:30:39.486+0000] {dag.py:3036} INFO - Sync 1 DAGs
[2026-03-18T15:30:39.512+0000] {logging_mixin.py:188} INFO - [2026-03-18T15:30:39.512+0000] {dag.py:3823} INFO - Setting next_dagrun for pipeline_ETL to 2026-03-17 23:00:00+00:00, run_after=2026-03-18 23:00:00+00:00
[2026-03-18T15:30:39.575+0000] {processor.py:183} INFO - Processing /opt/airflow/dags/ETL_pipeline.py took 0.294 seconds
[2026-03-18T15:31:09.911+0000] {processor.py:161} INFO - Started process (PID=897) to work on /opt/airflow/dags/ETL_pipeline.py
[2026-03-18T15:31:09.915+0000] {processor.py:830} INFO - Processing file /opt/airflow/dags/ETL_pipeline.py for tasks to queue
[2026-03-18T15:31:09.919+0000] {logging_mixin.py:188} INFO - [2026-03-18T15:31:09.918+0000] {dagbag.py:538} INFO - Filling up the DagBag from /opt/airflow/dags/ETL_pipeline.py
[2026-03-18T15:31:09.995+0000] {processor.py:840} INFO - DAG(s) 'pipeline_ETL' retrieved from /opt/airflow/dags/ETL_pipeline.py
[2026-03-18T15:31:10.095+0000] {logging_mixin.py:188} INFO - [2026-03-18T15:31:10.094+0000] {dag.py:3036} INFO - Sync 1 DAGs
[2026-03-18T15:31:10.174+0000] {logging_mixin.py:188} INFO - [2026-03-18T15:31:10.174+0000] {dag.py:3823} INFO - Setting next_dagrun for pipeline_ETL to 2026-03-17 23:00:00+00:00, run_after=2026-03-18 23:00:00+00:00
[2026-03-18T15:31:10.241+0000] {processor.py:183} INFO - Processing /opt/airflow/dags/ETL_pipeline.py took 0.345 seconds
[2026-03-18T15:31:40.604+0000] {processor.py:161} INFO - Started process (PID=902) to work on /opt/airflow/dags/ETL_pipeline.py
[2026-03-18T15:31:40.608+0000] {processor.py:830} INFO - Processing file /opt/airflow/dags/ETL_pipeline.py for tasks to queue
[2026-03-18T15:31:40.611+0000] {logging_mixin.py:188} INFO - [2026-03-18T15:31:40.610+0000] {dagbag.py:538} INFO - Filling up the DagBag from /opt/airflow/dags/ETL_pipeline.py
[2026-03-18T15:31:40.680+0000] {processor.py:840} INFO - DAG(s) 'pipeline_ETL' retrieved from /opt/airflow/dags/ETL_pipeline.py
[2026-03-18T15:31:40.814+0000] {logging_mixin.py:188} INFO - [2026-03-18T15:31:40.813+0000] {dag.py:3036} INFO - Sync 1 DAGs
[2026-03-18T15:31:40.895+0000] {logging_mixin.py:188} INFO - [2026-03-18T15:31:40.894+0000] {dag.py:3823} INFO - Setting next_dagrun for pipeline_ETL to 2026-03-17 23:00:00+00:00, run_after=2026-03-18 23:00:00+00:00
[2026-03-18T15:31:40.974+0000] {processor.py:183} INFO - Processing /opt/airflow/dags/ETL_pipeline.py took 0.382 seconds
[2026-03-18T15:32:11.317+0000] {processor.py:161} INFO - Started process (PID=907) to work on /opt/airflow/dags/ETL_pipeline.py
[2026-03-18T15:32:11.319+0000] {processor.py:830} INFO - Processing file /opt/airflow/dags/ETL_pipeline.py for tasks to queue
[2026-03-18T15:32:11.321+0000] {logging_mixin.py:188} INFO - [2026-03-18T15:32:11.321+0000] {dagbag.py:538} INFO - Filling up the DagBag from /opt/airflow/dags/ETL_pipeline.py
[2026-03-18T15:32:11.373+0000] {processor.py:840} INFO - DAG(s) 'pipeline_ETL' retrieved from /opt/airflow/dags/ETL_pipeline.py
[2026-03-18T15:32:11.433+0000] {logging_mixin.py:188} INFO - [2026-03-18T15:32:11.432+0000] {dag.py:3036} INFO - Sync 1 DAGs
[2026-03-18T15:32:11.479+0000] {logging_mixin.py:188} INFO - [2026-03-18T15:32:11.479+0000] {dag.py:3823} INFO - Setting next_dagrun for pipeline_ETL to 2026-03-17 23:00:00+00:00, run_after=2026-03-18 23:00:00+00:00
[2026-03-18T15:32:11.559+0000] {processor.py:183} INFO - Processing /opt/airflow/dags/ETL_pipeline.py took 0.250 seconds
[2026-03-18T15:32:42.065+0000] {processor.py:161} INFO - Started process (PID=912) to work on /opt/airflow/dags/ETL_pipeline.py
[2026-03-18T15:32:42.073+0000] {processor.py:830} INFO - Processing file /opt/airflow/dags/ETL_pipeline.py for tasks to queue
[2026-03-18T15:32:42.079+0000] {logging_mixin.py:188} INFO - [2026-03-18T15:32:42.078+0000] {dagbag.py:538} INFO - Filling up the DagBag from /opt/airflow/dags/ETL_pipeline.py
[2026-03-18T15:32:42.220+0000] {processor.py:840} INFO - DAG(s) 'pipeline_ETL' retrieved from /opt/airflow/dags/ETL_pipeline.py
[2026-03-18T15:32:42.339+0000] {logging_mixin.py:188} INFO - [2026-03-18T15:32:42.338+0000] {dag.py:3036} INFO - Sync 1 DAGs
[2026-03-18T15:32:42.401+0000] {logging_mixin.py:188} INFO - [2026-03-18T15:32:42.401+0000] {dag.py:3823} INFO - Setting next_dagrun for pipeline_ETL to 2026-03-17 23:00:00+00:00, run_after=2026-03-18 23:00:00+00:00
[2026-03-18T15:32:42.483+0000] {processor.py:183} INFO - Processing /opt/airflow/dags/ETL_pipeline.py took 0.445 seconds
[2026-03-18T15:33:12.810+0000] {processor.py:161} INFO - Started process (PID=917) to work on /opt/airflow/dags/ETL_pipeline.py
[2026-03-18T15:33:12.812+0000] {processor.py:830} INFO - Processing file /opt/airflow/dags/ETL_pipeline.py for tasks to queue
[2026-03-18T15:33:12.814+0000] {logging_mixin.py:188} INFO - [2026-03-18T15:33:12.814+0000] {dagbag.py:538} INFO - Filling up the DagBag from /opt/airflow/dags/ETL_pipeline.py
[2026-03-18T15:33:12.863+0000] {processor.py:840} INFO - DAG(s) 'pipeline_ETL' retrieved from /opt/airflow/dags/ETL_pipeline.py
[2026-03-18T15:33:12.919+0000] {logging_mixin.py:188} INFO - [2026-03-18T15:33:12.919+0000] {dag.py:3036} INFO - Sync 1 DAGs
[2026-03-18T15:33:12.957+0000] {logging_mixin.py:188} INFO - [2026-03-18T15:33:12.957+0000] {dag.py:3823} INFO - Setting next_dagrun for pipeline_ETL to 2026-03-17 23:00:00+00:00, run_after=2026-03-18 23:00:00+00:00
[2026-03-18T15:33:13.013+0000] {processor.py:183} INFO - Processing /opt/airflow/dags/ETL_pipeline.py took 0.209 seconds
[2026-03-18T15:33:43.132+0000] {processor.py:161} INFO - Started process (PID=922) to work on /opt/airflow/dags/ETL_pipeline.py
[2026-03-18T15:33:43.134+0000] {processor.py:830} INFO - Processing file /opt/airflow/dags/ETL_pipeline.py for tasks to queue
[2026-03-18T15:33:43.137+0000] {logging_mixin.py:188} INFO - [2026-03-18T15:33:43.136+0000] {dagbag.py:538} INFO - Filling up the DagBag from /opt/airflow/dags/ETL_pipeline.py
[2026-03-18T15:33:43.243+0000] {processor.py:840} INFO - DAG(s) 'pipeline_ETL' retrieved from /opt/airflow/dags/ETL_pipeline.py
[2026-03-18T15:33:43.392+0000] {logging_mixin.py:188} INFO - [2026-03-18T15:33:43.391+0000] {dag.py:3036} INFO - Sync 1 DAGs
[2026-03-18T15:33:43.472+0000] {logging_mixin.py:188} INFO - [2026-03-18T15:33:43.472+0000] {dag.py:3823} INFO - Setting next_dagrun for pipeline_ETL to 2026-03-17 23:00:00+00:00, run_after=2026-03-18 23:00:00+00:00
[2026-03-18T15:33:43.538+0000] {processor.py:183} INFO - Processing /opt/airflow/dags/ETL_pipeline.py took 0.415 seconds
[2026-03-18T15:34:13.873+0000] {processor.py:161} INFO - Started process (PID=927) to work on /opt/airflow/dags/ETL_pipeline.py
[2026-03-18T15:34:13.876+0000] {processor.py:830} INFO - Processing file /opt/airflow/dags/ETL_pipeline.py for tasks to queue
[2026-03-18T15:34:13.878+0000] {logging_mixin.py:188} INFO - [2026-03-18T15:34:13.877+0000] {dagbag.py:538} INFO - Filling up the DagBag from /opt/airflow/dags/ETL_pipeline.py
[2026-03-18T15:34:13.966+0000] {processor.py:840} INFO - DAG(s) 'pipeline_ETL' retrieved from /opt/airflow/dags/ETL_pipeline.py
[2026-03-18T15:34:14.067+0000] {logging_mixin.py:188} INFO - [2026-03-18T15:34:14.066+0000] {dag.py:3036} INFO - Sync 1 DAGs
[2026-03-18T15:34:14.126+0000] {logging_mixin.py:188} INFO - [2026-03-18T15:34:14.125+0000] {dag.py:3823} INFO - Setting next_dagrun for pipeline_ETL to 2026-03-17 23:00:00+00:00, run_after=2026-03-18 23:00:00+00:00
[2026-03-18T15:34:14.193+0000] {processor.py:183} INFO - Processing /opt/airflow/dags/ETL_pipeline.py took 0.330 seconds
[2026-03-18T15:34:44.496+0000] {processor.py:161} INFO - Started process (PID=932) to work on /opt/airflow/dags/ETL_pipeline.py
[2026-03-18T15:34:44.498+0000] {processor.py:830} INFO - Processing file /opt/airflow/dags/ETL_pipeline.py for tasks to queue
[2026-03-18T15:34:44.500+0000] {logging_mixin.py:188} INFO - [2026-03-18T15:34:44.500+0000] {dagbag.py:538} INFO - Filling up the DagBag from /opt/airflow/dags/ETL_pipeline.py
[2026-03-18T15:34:44.558+0000] {processor.py:840} INFO - DAG(s) 'pipeline_ETL' retrieved from /opt/airflow/dags/ETL_pipeline.py
[2026-03-18T15:34:44.607+0000] {logging_mixin.py:188} INFO - [2026-03-18T15:34:44.607+0000] {dag.py:3036} INFO - Sync 1 DAGs
[2026-03-18T15:34:44.638+0000] {logging_mixin.py:188} INFO - [2026-03-18T15:34:44.638+0000] {dag.py:3823} INFO - Setting next_dagrun for pipeline_ETL to 2026-03-17 23:00:00+00:00, run_after=2026-03-18 23:00:00+00:00
[2026-03-18T15:34:44.690+0000] {processor.py:183} INFO - Processing /opt/airflow/dags/ETL_pipeline.py took 0.200 seconds
[2026-03-18T15:35:14.804+0000] {processor.py:161} INFO - Started process (PID=937) to work on /opt/airflow/dags/ETL_pipeline.py
[2026-03-18T15:35:14.806+0000] {processor.py:830} INFO - Processing file /opt/airflow/dags/ETL_pipeline.py for tasks to queue
[2026-03-18T15:35:14.809+0000] {logging_mixin.py:188} INFO - [2026-03-18T15:35:14.808+0000] {dagbag.py:538} INFO - Filling up the DagBag from /opt/airflow/dags/ETL_pipeline.py
[2026-03-18T15:35:14.876+0000] {processor.py:840} INFO - DAG(s) 'pipeline_ETL' retrieved from /opt/airflow/dags/ETL_pipeline.py
[2026-03-18T15:35:14.966+0000] {logging_mixin.py:188} INFO - [2026-03-18T15:35:14.965+0000] {dag.py:3036} INFO - Sync 1 DAGs
[2026-03-18T15:35:15.046+0000] {logging_mixin.py:188} INFO - [2026-03-18T15:35:15.046+0000] {dag.py:3823} INFO - Setting next_dagrun for pipeline_ETL to 2026-03-17 23:00:00+00:00, run_after=2026-03-18 23:00:00+00:00
[2026-03-18T15:35:15.127+0000] {processor.py:183} INFO - Processing /opt/airflow/dags/ETL_pipeline.py took 0.333 seconds
[2026-03-18T15:35:45.293+0000] {processor.py:161} INFO - Started process (PID=942) to work on /opt/airflow/dags/ETL_pipeline.py
[2026-03-18T15:35:45.295+0000] {processor.py:830} INFO - Processing file /opt/airflow/dags/ETL_pipeline.py for tasks to queue
[2026-03-18T15:35:45.297+0000] {logging_mixin.py:188} INFO - [2026-03-18T15:35:45.297+0000] {dagbag.py:538} INFO - Filling up the DagBag from /opt/airflow/dags/ETL_pipeline.py
[2026-03-18T15:35:45.345+0000] {processor.py:840} INFO - DAG(s) 'pipeline_ETL' retrieved from /opt/airflow/dags/ETL_pipeline.py
[2026-03-18T15:35:45.395+0000] {logging_mixin.py:188} INFO - [2026-03-18T15:35:45.395+0000] {dag.py:3036} INFO - Sync 1 DAGs
[2026-03-18T15:35:45.432+0000] {logging_mixin.py:188} INFO - [2026-03-18T15:35:45.432+0000] {dag.py:3823} INFO - Setting next_dagrun for pipeline_ETL to 2026-03-17 23:00:00+00:00, run_after=2026-03-18 23:00:00+00:00
[2026-03-18T15:35:45.487+0000] {processor.py:183} INFO - Processing /opt/airflow/dags/ETL_pipeline.py took 0.199 seconds
[2026-03-18T15:36:15.652+0000] {processor.py:161} INFO - Started process (PID=947) to work on /opt/airflow/dags/ETL_pipeline.py
[2026-03-18T15:36:15.653+0000] {processor.py:830} INFO - Processing file /opt/airflow/dags/ETL_pipeline.py for tasks to queue
[2026-03-18T15:36:15.655+0000] {logging_mixin.py:188} INFO - [2026-03-18T15:36:15.655+0000] {dagbag.py:538} INFO - Filling up the DagBag from /opt/airflow/dags/ETL_pipeline.py
[2026-03-18T15:36:15.702+0000] {processor.py:840} INFO - DAG(s) 'pipeline_ETL' retrieved from /opt/airflow/dags/ETL_pipeline.py
[2026-03-18T15:36:15.785+0000] {logging_mixin.py:188} INFO - [2026-03-18T15:36:15.784+0000] {dag.py:3036} INFO - Sync 1 DAGs
[2026-03-18T15:36:15.817+0000] {logging_mixin.py:188} INFO - [2026-03-18T15:36:15.817+0000] {dag.py:3823} INFO - Setting next_dagrun for pipeline_ETL to 2026-03-17 23:00:00+00:00, run_after=2026-03-18 23:00:00+00:00
[2026-03-18T15:36:15.868+0000] {processor.py:183} INFO - Processing /opt/airflow/dags/ETL_pipeline.py took 0.226 seconds
[2026-03-18T15:36:45.994+0000] {processor.py:161} INFO - Started process (PID=952) to work on /opt/airflow/dags/ETL_pipeline.py
[2026-03-18T15:36:45.996+0000] {processor.py:830} INFO - Processing file /opt/airflow/dags/ETL_pipeline.py for tasks to queue
[2026-03-18T15:36:45.997+0000] {logging_mixin.py:188} INFO - [2026-03-18T15:36:45.997+0000] {dagbag.py:538} INFO - Filling up the DagBag from /opt/airflow/dags/ETL_pipeline.py
[2026-03-18T15:36:46.040+0000] {processor.py:840} INFO - DAG(s) 'pipeline_ETL' retrieved from /opt/airflow/dags/ETL_pipeline.py
[2026-03-18T15:36:46.085+0000] {logging_mixin.py:188} INFO - [2026-03-18T15:36:46.085+0000] {dag.py:3036} INFO - Sync 1 DAGs
[2026-03-18T15:36:46.120+0000] {logging_mixin.py:188} INFO - [2026-03-18T15:36:46.120+0000] {dag.py:3823} INFO - Setting next_dagrun for pipeline_ETL to 2026-03-17 23:00:00+00:00, run_after=2026-03-18 23:00:00+00:00
[2026-03-18T15:36:46.171+0000] {processor.py:183} INFO - Processing /opt/airflow/dags/ETL_pipeline.py took 0.182 seconds
[2026-03-18T15:37:16.421+0000] {processor.py:161} INFO - Started process (PID=957) to work on /opt/airflow/dags/ETL_pipeline.py
[2026-03-18T15:37:16.423+0000] {processor.py:830} INFO - Processing file /opt/airflow/dags/ETL_pipeline.py for tasks to queue
[2026-03-18T15:37:16.425+0000] {logging_mixin.py:188} INFO - [2026-03-18T15:37:16.424+0000] {dagbag.py:538} INFO - Filling up the DagBag from /opt/airflow/dags/ETL_pipeline.py
[2026-03-18T15:37:16.477+0000] {processor.py:840} INFO - DAG(s) 'pipeline_ETL' retrieved from /opt/airflow/dags/ETL_pipeline.py
[2026-03-18T15:37:16.539+0000] {logging_mixin.py:188} INFO - [2026-03-18T15:37:16.538+0000] {dag.py:3036} INFO - Sync 1 DAGs
[2026-03-18T15:37:16.596+0000] {logging_mixin.py:188} INFO - [2026-03-18T15:37:16.596+0000] {dag.py:3823} INFO - Setting next_dagrun for pipeline_ETL to 2026-03-17 23:00:00+00:00, run_after=2026-03-18 23:00:00+00:00
[2026-03-18T15:37:16.666+0000] {processor.py:183} INFO - Processing /opt/airflow/dags/ETL_pipeline.py took 0.250 seconds
[2026-03-18T15:37:46.987+0000] {processor.py:161} INFO - Started process (PID=962) to work on /opt/airflow/dags/ETL_pipeline.py
[2026-03-18T15:37:46.989+0000] {processor.py:830} INFO - Processing file /opt/airflow/dags/ETL_pipeline.py for tasks to queue
[2026-03-18T15:37:46.991+0000] {logging_mixin.py:188} INFO - [2026-03-18T15:37:46.990+0000] {dagbag.py:538} INFO - Filling up the DagBag from /opt/airflow/dags/ETL_pipeline.py
[2026-03-18T15:37:47.035+0000] {processor.py:840} INFO - DAG(s) 'pipeline_ETL' retrieved from /opt/airflow/dags/ETL_pipeline.py
[2026-03-18T15:37:47.089+0000] {logging_mixin.py:188} INFO - [2026-03-18T15:37:47.088+0000] {dag.py:3036} INFO - Sync 1 DAGs
[2026-03-18T15:37:47.131+0000] {logging_mixin.py:188} INFO - [2026-03-18T15:37:47.130+0000] {dag.py:3823} INFO - Setting next_dagrun for pipeline_ETL to 2026-03-17 23:00:00+00:00, run_after=2026-03-18 23:00:00+00:00
[2026-03-18T15:37:47.189+0000] {processor.py:183} INFO - Processing /opt/airflow/dags/ETL_pipeline.py took 0.207 seconds
[2026-03-18T15:38:17.302+0000] {processor.py:161} INFO - Started process (PID=967) to work on /opt/airflow/dags/ETL_pipeline.py
[2026-03-18T15:38:17.304+0000] {processor.py:830} INFO - Processing file /opt/airflow/dags/ETL_pipeline.py for tasks to queue
[2026-03-18T15:38:17.307+0000] {logging_mixin.py:188} INFO - [2026-03-18T15:38:17.306+0000] {dagbag.py:538} INFO - Filling up the DagBag from /opt/airflow/dags/ETL_pipeline.py
[2026-03-18T15:38:17.379+0000] {processor.py:840} INFO - DAG(s) 'pipeline_ETL' retrieved from /opt/airflow/dags/ETL_pipeline.py
[2026-03-18T15:38:17.440+0000] {logging_mixin.py:188} INFO - [2026-03-18T15:38:17.439+0000] {dag.py:3036} INFO - Sync 1 DAGs
[2026-03-18T15:38:17.482+0000] {logging_mixin.py:188} INFO - [2026-03-18T15:38:17.481+0000] {dag.py:3823} INFO - Setting next_dagrun for pipeline_ETL to 2026-03-17 23:00:00+00:00, run_after=2026-03-18 23:00:00+00:00
[2026-03-18T15:38:17.541+0000] {processor.py:183} INFO - Processing /opt/airflow/dags/ETL_pipeline.py took 0.247 seconds
[2026-03-18T15:38:47.833+0000] {processor.py:161} INFO - Started process (PID=972) to work on /opt/airflow/dags/ETL_pipeline.py
[2026-03-18T15:38:47.835+0000] {processor.py:830} INFO - Processing file /opt/airflow/dags/ETL_pipeline.py for tasks to queue
[2026-03-18T15:38:47.837+0000] {logging_mixin.py:188} INFO - [2026-03-18T15:38:47.837+0000] {dagbag.py:538} INFO - Filling up the DagBag from /opt/airflow/dags/ETL_pipeline.py
[2026-03-18T15:38:47.894+0000] {processor.py:840} INFO - DAG(s) 'pipeline_ETL' retrieved from /opt/airflow/dags/ETL_pipeline.py
[2026-03-18T15:38:47.962+0000] {logging_mixin.py:188} INFO - [2026-03-18T15:38:47.961+0000] {dag.py:3036} INFO - Sync 1 DAGs
[2026-03-18T15:38:48.022+0000] {logging_mixin.py:188} INFO - [2026-03-18T15:38:48.022+0000] {dag.py:3823} INFO - Setting next_dagrun for pipeline_ETL to 2026-03-17 23:00:00+00:00, run_after=2026-03-18 23:00:00+00:00
[2026-03-18T15:38:48.088+0000] {processor.py:183} INFO - Processing /opt/airflow/dags/ETL_pipeline.py took 0.262 seconds
[2026-03-18T15:39:18.450+0000] {processor.py:161} INFO - Started process (PID=977) to work on /opt/airflow/dags/ETL_pipeline.py
[2026-03-18T15:39:18.453+0000] {processor.py:830} INFO - Processing file /opt/airflow/dags/ETL_pipeline.py for tasks to queue
[2026-03-18T15:39:18.455+0000] {logging_mixin.py:188} INFO - [2026-03-18T15:39:18.454+0000] {dagbag.py:538} INFO - Filling up the DagBag from /opt/airflow/dags/ETL_pipeline.py
[2026-03-18T15:39:18.520+0000] {processor.py:840} INFO - DAG(s) 'pipeline_ETL' retrieved from /opt/airflow/dags/ETL_pipeline.py
[2026-03-18T15:39:18.584+0000] {logging_mixin.py:188} INFO - [2026-03-18T15:39:18.584+0000] {dag.py:3036} INFO - Sync 1 DAGs
[2026-03-18T15:39:18.633+0000] {logging_mixin.py:188} INFO - [2026-03-18T15:39:18.633+0000] {dag.py:3823} INFO - Setting next_dagrun for pipeline_ETL to 2026-03-17 23:00:00+00:00, run_after=2026-03-18 23:00:00+00:00
[2026-03-18T15:39:18.691+0000] {processor.py:183} INFO - Processing /opt/airflow/dags/ETL_pipeline.py took 0.249 seconds
[2026-03-18T15:39:48.936+0000] {processor.py:161} INFO - Started process (PID=982) to work on /opt/airflow/dags/ETL_pipeline.py
[2026-03-18T15:39:48.938+0000] {processor.py:830} INFO - Processing file /opt/airflow/dags/ETL_pipeline.py for tasks to queue
[2026-03-18T15:39:48.940+0000] {logging_mixin.py:188} INFO - [2026-03-18T15:39:48.940+0000] {dagbag.py:538} INFO - Filling up the DagBag from /opt/airflow/dags/ETL_pipeline.py
[2026-03-18T15:39:49.002+0000] {processor.py:840} INFO - DAG(s) 'pipeline_ETL' retrieved from /opt/airflow/dags/ETL_pipeline.py
[2026-03-18T15:39:49.070+0000] {logging_mixin.py:188} INFO - [2026-03-18T15:39:49.069+0000] {dag.py:3036} INFO - Sync 1 DAGs
[2026-03-18T15:39:49.125+0000] {logging_mixin.py:188} INFO - [2026-03-18T15:39:49.124+0000] {dag.py:3823} INFO - Setting next_dagrun for pipeline_ETL to 2026-03-17 23:00:00+00:00, run_after=2026-03-18 23:00:00+00:00
[2026-03-18T15:39:49.194+0000] {processor.py:183} INFO - Processing /opt/airflow/dags/ETL_pipeline.py took 0.266 seconds
[2026-03-18T15:40:19.335+0000] {processor.py:161} INFO - Started process (PID=987) to work on /opt/airflow/dags/ETL_pipeline.py
[2026-03-18T15:40:19.338+0000] {processor.py:830} INFO - Processing file /opt/airflow/dags/ETL_pipeline.py for tasks to queue
[2026-03-18T15:40:19.341+0000] {logging_mixin.py:188} INFO - [2026-03-18T15:40:19.340+0000] {dagbag.py:538} INFO - Filling up the DagBag from /opt/airflow/dags/ETL_pipeline.py
[2026-03-18T15:40:19.399+0000] {processor.py:840} INFO - DAG(s) 'pipeline_ETL' retrieved from /opt/airflow/dags/ETL_pipeline.py
[2026-03-18T15:40:19.461+0000] {logging_mixin.py:188} INFO - [2026-03-18T15:40:19.461+0000] {dag.py:3036} INFO - Sync 1 DAGs
[2026-03-18T15:40:19.601+0000] {logging_mixin.py:188} INFO - [2026-03-18T15:40:19.600+0000] {dag.py:3823} INFO - Setting next_dagrun for pipeline_ETL to 2026-03-17 23:00:00+00:00, run_after=2026-03-18 23:00:00+00:00
[2026-03-18T15:40:19.717+0000] {processor.py:183} INFO - Processing /opt/airflow/dags/ETL_pipeline.py took 0.390 seconds
[2026-03-18T15:40:49.844+0000] {processor.py:161} INFO - Started process (PID=1031) to work on /opt/airflow/dags/ETL_pipeline.py
[2026-03-18T15:40:49.849+0000] {processor.py:830} INFO - Processing file /opt/airflow/dags/ETL_pipeline.py for tasks to queue
[2026-03-18T15:40:49.852+0000] {logging_mixin.py:188} INFO - [2026-03-18T15:40:49.851+0000] {dagbag.py:538} INFO - Filling up the DagBag from /opt/airflow/dags/ETL_pipeline.py
[2026-03-18T15:40:49.944+0000] {processor.py:840} INFO - DAG(s) 'pipeline_ETL' retrieved from /opt/airflow/dags/ETL_pipeline.py
[2026-03-18T15:40:50.068+0000] {logging_mixin.py:188} INFO - [2026-03-18T15:40:50.067+0000] {dag.py:3036} INFO - Sync 1 DAGs
[2026-03-18T15:40:50.169+0000] {logging_mixin.py:188} INFO - [2026-03-18T15:40:50.168+0000] {dag.py:3823} INFO - Setting next_dagrun for pipeline_ETL to 2026-03-17 23:00:00+00:00, run_after=2026-03-18 23:00:00+00:00
[2026-03-18T15:40:50.253+0000] {processor.py:183} INFO - Processing /opt/airflow/dags/ETL_pipeline.py took 0.420 seconds
[2026-03-18T15:41:20.888+0000] {processor.py:161} INFO - Started process (PID=1137) to work on /opt/airflow/dags/ETL_pipeline.py
[2026-03-18T15:41:20.919+0000] {processor.py:830} INFO - Processing file /opt/airflow/dags/ETL_pipeline.py for tasks to queue
[2026-03-18T15:41:20.947+0000] {logging_mixin.py:188} INFO - [2026-03-18T15:41:20.938+0000] {dagbag.py:538} INFO - Filling up the DagBag from /opt/airflow/dags/ETL_pipeline.py
[2026-03-18T15:41:21.524+0000] {processor.py:840} INFO - DAG(s) 'pipeline_ETL' retrieved from /opt/airflow/dags/ETL_pipeline.py
[2026-03-18T15:41:22.639+0000] {logging_mixin.py:188} INFO - [2026-03-18T15:41:22.638+0000] {dag.py:3036} INFO - Sync 1 DAGs
[2026-03-18T15:41:22.974+0000] {logging_mixin.py:188} INFO - [2026-03-18T15:41:22.972+0000] {dag.py:3823} INFO - Setting next_dagrun for pipeline_ETL to 2026-03-17 23:00:00+00:00, run_after=2026-03-18 23:00:00+00:00
[2026-03-18T15:41:23.171+0000] {processor.py:183} INFO - Processing /opt/airflow/dags/ETL_pipeline.py took 2.418 seconds
[2026-03-18T15:41:53.549+0000] {processor.py:161} INFO - Started process (PID=1204) to work on /opt/airflow/dags/ETL_pipeline.py
[2026-03-18T15:41:53.598+0000] {processor.py:830} INFO - Processing file /opt/airflow/dags/ETL_pipeline.py for tasks to queue
[2026-03-18T15:41:53.623+0000] {logging_mixin.py:188} INFO - [2026-03-18T15:41:53.615+0000] {dagbag.py:538} INFO - Filling up the DagBag from /opt/airflow/dags/ETL_pipeline.py
[2026-03-18T15:41:54.044+0000] {processor.py:840} INFO - DAG(s) 'pipeline_ETL' retrieved from /opt/airflow/dags/ETL_pipeline.py
[2026-03-18T15:41:54.706+0000] {logging_mixin.py:188} INFO - [2026-03-18T15:41:54.705+0000] {dag.py:3036} INFO - Sync 1 DAGs
[2026-03-18T15:41:55.181+0000] {logging_mixin.py:188} INFO - [2026-03-18T15:41:55.179+0000] {dag.py:3823} INFO - Setting next_dagrun for pipeline_ETL to 2026-03-17 23:00:00+00:00, run_after=2026-03-18 23:00:00+00:00
[2026-03-18T15:41:55.398+0000] {processor.py:183} INFO - Processing /opt/airflow/dags/ETL_pipeline.py took 2.033 seconds
[2026-03-18T15:42:25.797+0000] {processor.py:161} INFO - Started process (PID=1463) to work on /opt/airflow/dags/ETL_pipeline.py
[2026-03-18T15:42:25.801+0000] {processor.py:830} INFO - Processing file /opt/airflow/dags/ETL_pipeline.py for tasks to queue
[2026-03-18T15:42:25.805+0000] {logging_mixin.py:188} INFO - [2026-03-18T15:42:25.803+0000] {dagbag.py:538} INFO - Filling up the DagBag from /opt/airflow/dags/ETL_pipeline.py
[2026-03-18T15:42:25.897+0000] {processor.py:840} INFO - DAG(s) 'pipeline_ETL' retrieved from /opt/airflow/dags/ETL_pipeline.py
[2026-03-18T15:42:26.006+0000] {logging_mixin.py:188} INFO - [2026-03-18T15:42:26.005+0000] {dag.py:3036} INFO - Sync 1 DAGs
[2026-03-18T15:42:26.149+0000] {logging_mixin.py:188} INFO - [2026-03-18T15:42:26.148+0000] {dag.py:3823} INFO - Setting next_dagrun for pipeline_ETL to 2026-03-17 23:00:00+00:00, run_after=2026-03-18 23:00:00+00:00
[2026-03-18T15:42:26.308+0000] {processor.py:183} INFO - Processing /opt/airflow/dags/ETL_pipeline.py took 0.526 seconds
[2026-03-18T15:42:56.852+0000] {processor.py:161} INFO - Started process (PID=1468) to work on /opt/airflow/dags/ETL_pipeline.py
[2026-03-18T15:42:56.859+0000] {processor.py:830} INFO - Processing file /opt/airflow/dags/ETL_pipeline.py for tasks to queue
[2026-03-18T15:42:56.864+0000] {logging_mixin.py:188} INFO - [2026-03-18T15:42:56.862+0000] {dagbag.py:538} INFO - Filling up the DagBag from /opt/airflow/dags/ETL_pipeline.py
[2026-03-18T15:42:56.938+0000] {processor.py:840} INFO - DAG(s) 'pipeline_ETL' retrieved from /opt/airflow/dags/ETL_pipeline.py
[2026-03-18T15:42:57.073+0000] {logging_mixin.py:188} INFO - [2026-03-18T15:42:57.072+0000] {dag.py:3036} INFO - Sync 1 DAGs
[2026-03-18T15:42:57.161+0000] {logging_mixin.py:188} INFO - [2026-03-18T15:42:57.160+0000] {dag.py:3823} INFO - Setting next_dagrun for pipeline_ETL to 2026-03-17 23:00:00+00:00, run_after=2026-03-18 23:00:00+00:00
[2026-03-18T15:42:57.266+0000] {processor.py:183} INFO - Processing /opt/airflow/dags/ETL_pipeline.py took 0.437 seconds
[2026-03-18T15:43:27.808+0000] {processor.py:161} INFO - Started process (PID=1473) to work on /opt/airflow/dags/ETL_pipeline.py
[2026-03-18T15:43:27.819+0000] {processor.py:830} INFO - Processing file /opt/airflow/dags/ETL_pipeline.py for tasks to queue
[2026-03-18T15:43:27.832+0000] {logging_mixin.py:188} INFO - [2026-03-18T15:43:27.822+0000] {dagbag.py:538} INFO - Filling up the DagBag from /opt/airflow/dags/ETL_pipeline.py
[2026-03-18T15:43:28.510+0000] {processor.py:840} INFO - DAG(s) 'pipeline_ETL' retrieved from /opt/airflow/dags/ETL_pipeline.py
[2026-03-18T15:43:29.259+0000] {logging_mixin.py:188} INFO - [2026-03-18T15:43:29.258+0000] {dag.py:3036} INFO - Sync 1 DAGs
[2026-03-18T15:43:29.565+0000] {logging_mixin.py:188} INFO - [2026-03-18T15:43:29.564+0000] {dag.py:3823} INFO - Setting next_dagrun for pipeline_ETL to 2026-03-17 23:00:00+00:00, run_after=2026-03-18 23:00:00+00:00
[2026-03-18T15:43:29.757+0000] {processor.py:183} INFO - Processing /opt/airflow/dags/ETL_pipeline.py took 1.994 seconds
[2026-03-18T15:44:00.729+0000] {processor.py:161} INFO - Started process (PID=1478) to work on /opt/airflow/dags/ETL_pipeline.py
[2026-03-18T15:44:00.739+0000] {processor.py:830} INFO - Processing file /opt/airflow/dags/ETL_pipeline.py for tasks to queue
[2026-03-18T15:44:01.043+0000] {logging_mixin.py:188} INFO - [2026-03-18T15:44:01.033+0000] {dagbag.py:538} INFO - Filling up the DagBag from /opt/airflow/dags/ETL_pipeline.py
[2026-03-18T15:44:01.733+0000] {processor.py:840} INFO - DAG(s) 'pipeline_ETL' retrieved from /opt/airflow/dags/ETL_pipeline.py
[2026-03-18T15:44:04.338+0000] {logging_mixin.py:188} INFO - [2026-03-18T15:44:04.337+0000] {dag.py:3036} INFO - Sync 1 DAGs
[2026-03-18T15:44:04.569+0000] {logging_mixin.py:188} INFO - [2026-03-18T15:44:04.569+0000] {dag.py:3823} INFO - Setting next_dagrun for pipeline_ETL to 2026-03-17 23:00:00+00:00, run_after=2026-03-18 23:00:00+00:00
[2026-03-18T15:44:04.731+0000] {processor.py:183} INFO - Processing /opt/airflow/dags/ETL_pipeline.py took 4.046 seconds
[2026-03-18T15:44:35.285+0000] {processor.py:161} INFO - Started process (PID=1496) to work on /opt/airflow/dags/ETL_pipeline.py
[2026-03-18T15:44:35.290+0000] {processor.py:830} INFO - Processing file /opt/airflow/dags/ETL_pipeline.py for tasks to queue
[2026-03-18T15:44:35.294+0000] {logging_mixin.py:188} INFO - [2026-03-18T15:44:35.293+0000] {dagbag.py:538} INFO - Filling up the DagBag from /opt/airflow/dags/ETL_pipeline.py
[2026-03-18T15:44:35.368+0000] {processor.py:840} INFO - DAG(s) 'pipeline_ETL' retrieved from /opt/airflow/dags/ETL_pipeline.py
[2026-03-18T15:44:35.460+0000] {logging_mixin.py:188} INFO - [2026-03-18T15:44:35.459+0000] {dag.py:3036} INFO - Sync 1 DAGs
[2026-03-18T15:44:35.525+0000] {logging_mixin.py:188} INFO - [2026-03-18T15:44:35.524+0000] {dag.py:3823} INFO - Setting next_dagrun for pipeline_ETL to 2026-03-17 23:00:00+00:00, run_after=2026-03-18 23:00:00+00:00
[2026-03-18T15:44:35.598+0000] {processor.py:183} INFO - Processing /opt/airflow/dags/ETL_pipeline.py took 0.327 seconds
[2026-03-18T15:45:06.116+0000] {processor.py:161} INFO - Started process (PID=1501) to work on /opt/airflow/dags/ETL_pipeline.py
[2026-03-18T15:45:06.121+0000] {processor.py:830} INFO - Processing file /opt/airflow/dags/ETL_pipeline.py for tasks to queue
[2026-03-18T15:45:06.125+0000] {logging_mixin.py:188} INFO - [2026-03-18T15:45:06.124+0000] {dagbag.py:538} INFO - Filling up the DagBag from /opt/airflow/dags/ETL_pipeline.py
[2026-03-18T15:45:06.300+0000] {processor.py:840} INFO - DAG(s) 'pipeline_ETL' retrieved from /opt/airflow/dags/ETL_pipeline.py
[2026-03-18T15:45:06.519+0000] {logging_mixin.py:188} INFO - [2026-03-18T15:45:06.517+0000] {dag.py:3036} INFO - Sync 1 DAGs
[2026-03-18T15:45:06.680+0000] {logging_mixin.py:188} INFO - [2026-03-18T15:45:06.680+0000] {dag.py:3823} INFO - Setting next_dagrun for pipeline_ETL to 2026-03-17 23:00:00+00:00, run_after=2026-03-18 23:00:00+00:00
[2026-03-18T15:45:06.805+0000] {processor.py:183} INFO - Processing /opt/airflow/dags/ETL_pipeline.py took 0.701 seconds
[2026-03-18T15:45:37.147+0000] {processor.py:161} INFO - Started process (PID=1508) to work on /opt/airflow/dags/ETL_pipeline.py
[2026-03-18T15:45:37.154+0000] {processor.py:830} INFO - Processing file /opt/airflow/dags/ETL_pipeline.py for tasks to queue
[2026-03-18T15:45:37.159+0000] {logging_mixin.py:188} INFO - [2026-03-18T15:45:37.157+0000] {dagbag.py:538} INFO - Filling up the DagBag from /opt/airflow/dags/ETL_pipeline.py
[2026-03-18T15:45:37.259+0000] {processor.py:840} INFO - DAG(s) 'pipeline_ETL' retrieved from /opt/airflow/dags/ETL_pipeline.py
[2026-03-18T15:45:37.390+0000] {logging_mixin.py:188} INFO - [2026-03-18T15:45:37.389+0000] {dag.py:3036} INFO - Sync 1 DAGs
[2026-03-18T15:45:37.454+0000] {logging_mixin.py:188} INFO - [2026-03-18T15:45:37.454+0000] {dag.py:3823} INFO - Setting next_dagrun for pipeline_ETL to 2026-03-17 23:00:00+00:00, run_after=2026-03-18 23:00:00+00:00
[2026-03-18T15:45:37.522+0000] {processor.py:183} INFO - Processing /opt/airflow/dags/ETL_pipeline.py took 0.393 seconds
[2026-03-18T15:46:07.674+0000] {processor.py:161} INFO - Started process (PID=1513) to work on /opt/airflow/dags/ETL_pipeline.py
[2026-03-18T15:46:07.677+0000] {processor.py:830} INFO - Processing file /opt/airflow/dags/ETL_pipeline.py for tasks to queue
[2026-03-18T15:46:07.679+0000] {logging_mixin.py:188} INFO - [2026-03-18T15:46:07.678+0000] {dagbag.py:538} INFO - Filling up the DagBag from /opt/airflow/dags/ETL_pipeline.py
[2026-03-18T15:46:07.730+0000] {processor.py:840} INFO - DAG(s) 'pipeline_ETL' retrieved from /opt/airflow/dags/ETL_pipeline.py
[2026-03-18T15:46:07.795+0000] {logging_mixin.py:188} INFO - [2026-03-18T15:46:07.795+0000] {dag.py:3036} INFO - Sync 1 DAGs
[2026-03-18T15:46:07.842+0000] {logging_mixin.py:188} INFO - [2026-03-18T15:46:07.842+0000] {dag.py:3823} INFO - Setting next_dagrun for pipeline_ETL to 2026-03-17 23:00:00+00:00, run_after=2026-03-18 23:00:00+00:00
[2026-03-18T15:46:07.901+0000] {processor.py:183} INFO - Processing /opt/airflow/dags/ETL_pipeline.py took 0.234 seconds
[2026-03-18T15:46:38.164+0000] {processor.py:161} INFO - Started process (PID=1518) to work on /opt/airflow/dags/ETL_pipeline.py
[2026-03-18T15:46:38.168+0000] {processor.py:830} INFO - Processing file /opt/airflow/dags/ETL_pipeline.py for tasks to queue
[2026-03-18T15:46:38.172+0000] {logging_mixin.py:188} INFO - [2026-03-18T15:46:38.171+0000] {dagbag.py:538} INFO - Filling up the DagBag from /opt/airflow/dags/ETL_pipeline.py
[2026-03-18T15:46:38.231+0000] {processor.py:840} INFO - DAG(s) 'pipeline_ETL' retrieved from /opt/airflow/dags/ETL_pipeline.py
[2026-03-18T15:46:38.292+0000] {logging_mixin.py:188} INFO - [2026-03-18T15:46:38.292+0000] {dag.py:3036} INFO - Sync 1 DAGs
[2026-03-18T15:46:38.340+0000] {logging_mixin.py:188} INFO - [2026-03-18T15:46:38.339+0000] {dag.py:3823} INFO - Setting next_dagrun for pipeline_ETL to 2026-03-17 23:00:00+00:00, run_after=2026-03-18 23:00:00+00:00
[2026-03-18T15:46:38.396+0000] {processor.py:183} INFO - Processing /opt/airflow/dags/ETL_pipeline.py took 0.247 seconds
[2026-03-18T15:47:08.683+0000] {processor.py:161} INFO - Started process (PID=1523) to work on /opt/airflow/dags/ETL_pipeline.py
[2026-03-18T15:47:08.686+0000] {processor.py:830} INFO - Processing file /opt/airflow/dags/ETL_pipeline.py for tasks to queue
[2026-03-18T15:47:08.688+0000] {logging_mixin.py:188} INFO - [2026-03-18T15:47:08.687+0000] {dagbag.py:538} INFO - Filling up the DagBag from /opt/airflow/dags/ETL_pipeline.py
[2026-03-18T15:47:08.736+0000] {processor.py:840} INFO - DAG(s) 'pipeline_ETL' retrieved from /opt/airflow/dags/ETL_pipeline.py
[2026-03-18T15:47:08.801+0000] {logging_mixin.py:188} INFO - [2026-03-18T15:47:08.800+0000] {dag.py:3036} INFO - Sync 1 DAGs
[2026-03-18T15:47:08.845+0000] {logging_mixin.py:188} INFO - [2026-03-18T15:47:08.844+0000] {dag.py:3823} INFO - Setting next_dagrun for pipeline_ETL to 2026-03-17 23:00:00+00:00, run_after=2026-03-18 23:00:00+00:00
[2026-03-18T15:47:08.903+0000] {processor.py:183} INFO - Processing /opt/airflow/dags/ETL_pipeline.py took 0.226 seconds
[2026-03-18T15:47:39.198+0000] {processor.py:161} INFO - Started process (PID=1528) to work on /opt/airflow/dags/ETL_pipeline.py
[2026-03-18T15:47:39.200+0000] {processor.py:830} INFO - Processing file /opt/airflow/dags/ETL_pipeline.py for tasks to queue
[2026-03-18T15:47:39.202+0000] {logging_mixin.py:188} INFO - [2026-03-18T15:47:39.202+0000] {dagbag.py:538} INFO - Filling up the DagBag from /opt/airflow/dags/ETL_pipeline.py
[2026-03-18T15:47:39.245+0000] {processor.py:840} INFO - DAG(s) 'pipeline_ETL' retrieved from /opt/airflow/dags/ETL_pipeline.py
[2026-03-18T15:47:39.299+0000] {logging_mixin.py:188} INFO - [2026-03-18T15:47:39.299+0000] {dag.py:3036} INFO - Sync 1 DAGs
[2026-03-18T15:47:39.339+0000] {logging_mixin.py:188} INFO - [2026-03-18T15:47:39.339+0000] {dag.py:3823} INFO - Setting next_dagrun for pipeline_ETL to 2026-03-17 23:00:00+00:00, run_after=2026-03-18 23:00:00+00:00
[2026-03-18T15:47:39.399+0000] {processor.py:183} INFO - Processing /opt/airflow/dags/ETL_pipeline.py took 0.206 seconds
[2026-03-18T15:48:09.678+0000] {processor.py:161} INFO - Started process (PID=1533) to work on /opt/airflow/dags/ETL_pipeline.py
[2026-03-18T15:48:09.680+0000] {processor.py:830} INFO - Processing file /opt/airflow/dags/ETL_pipeline.py for tasks to queue
[2026-03-18T15:48:09.682+0000] {logging_mixin.py:188} INFO - [2026-03-18T15:48:09.682+0000] {dagbag.py:538} INFO - Filling up the DagBag from /opt/airflow/dags/ETL_pipeline.py
[2026-03-18T15:48:09.731+0000] {processor.py:840} INFO - DAG(s) 'pipeline_ETL' retrieved from /opt/airflow/dags/ETL_pipeline.py
[2026-03-18T15:48:09.783+0000] {logging_mixin.py:188} INFO - [2026-03-18T15:48:09.782+0000] {dag.py:3036} INFO - Sync 1 DAGs
[2026-03-18T15:48:09.820+0000] {logging_mixin.py:188} INFO - [2026-03-18T15:48:09.820+0000] {dag.py:3823} INFO - Setting next_dagrun for pipeline_ETL to 2026-03-17 23:00:00+00:00, run_after=2026-03-18 23:00:00+00:00
[2026-03-18T15:48:09.873+0000] {processor.py:183} INFO - Processing /opt/airflow/dags/ETL_pipeline.py took 0.203 seconds
[2026-03-18T15:48:39.972+0000] {processor.py:161} INFO - Started process (PID=1577) to work on /opt/airflow/dags/ETL_pipeline.py
[2026-03-18T15:48:39.976+0000] {processor.py:830} INFO - Processing file /opt/airflow/dags/ETL_pipeline.py for tasks to queue
[2026-03-18T15:48:39.979+0000] {logging_mixin.py:188} INFO - [2026-03-18T15:48:39.978+0000] {dagbag.py:538} INFO - Filling up the DagBag from /opt/airflow/dags/ETL_pipeline.py
[2026-03-18T15:48:40.066+0000] {processor.py:840} INFO - DAG(s) 'pipeline_ETL' retrieved from /opt/airflow/dags/ETL_pipeline.py
[2026-03-18T15:48:40.180+0000] {logging_mixin.py:188} INFO - [2026-03-18T15:48:40.180+0000] {dag.py:3036} INFO - Sync 1 DAGs
[2026-03-18T15:48:40.248+0000] {logging_mixin.py:188} INFO - [2026-03-18T15:48:40.248+0000] {dag.py:3823} INFO - Setting next_dagrun for pipeline_ETL to 2026-03-17 23:00:00+00:00, run_after=2026-03-18 23:00:00+00:00
[2026-03-18T15:48:40.331+0000] {processor.py:183} INFO - Processing /opt/airflow/dags/ETL_pipeline.py took 0.373 seconds
[2026-03-18T15:49:10.619+0000] {processor.py:161} INFO - Started process (PID=1698) to work on /opt/airflow/dags/ETL_pipeline.py
[2026-03-18T15:49:10.624+0000] {processor.py:830} INFO - Processing file /opt/airflow/dags/ETL_pipeline.py for tasks to queue
[2026-03-18T15:49:10.628+0000] {logging_mixin.py:188} INFO - [2026-03-18T15:49:10.627+0000] {dagbag.py:538} INFO - Filling up the DagBag from /opt/airflow/dags/ETL_pipeline.py
[2026-03-18T15:49:10.707+0000] {processor.py:840} INFO - DAG(s) 'pipeline_ETL' retrieved from /opt/airflow/dags/ETL_pipeline.py
[2026-03-18T15:49:10.811+0000] {logging_mixin.py:188} INFO - [2026-03-18T15:49:10.811+0000] {dag.py:3036} INFO - Sync 1 DAGs
[2026-03-18T15:49:10.902+0000] {logging_mixin.py:188} INFO - [2026-03-18T15:49:10.902+0000] {dag.py:3823} INFO - Setting next_dagrun for pipeline_ETL to 2026-03-17 23:00:00+00:00, run_after=2026-03-18 23:00:00+00:00
[2026-03-18T15:49:11.009+0000] {processor.py:183} INFO - Processing /opt/airflow/dags/ETL_pipeline.py took 0.401 seconds
[2026-03-18T15:49:41.229+0000] {processor.py:161} INFO - Started process (PID=1986) to work on /opt/airflow/dags/ETL_pipeline.py
[2026-03-18T15:49:41.233+0000] {processor.py:830} INFO - Processing file /opt/airflow/dags/ETL_pipeline.py for tasks to queue
[2026-03-18T15:49:41.240+0000] {logging_mixin.py:188} INFO - [2026-03-18T15:49:41.238+0000] {dagbag.py:538} INFO - Filling up the DagBag from /opt/airflow/dags/ETL_pipeline.py
[2026-03-18T15:49:41.333+0000] {processor.py:840} INFO - DAG(s) 'pipeline_ETL' retrieved from /opt/airflow/dags/ETL_pipeline.py
[2026-03-18T15:49:41.480+0000] {logging_mixin.py:188} INFO - [2026-03-18T15:49:41.479+0000] {dag.py:3036} INFO - Sync 1 DAGs
[2026-03-18T15:49:41.593+0000] {logging_mixin.py:188} INFO - [2026-03-18T15:49:41.592+0000] {dag.py:3823} INFO - Setting next_dagrun for pipeline_ETL to 2026-03-17 23:00:00+00:00, run_after=2026-03-18 23:00:00+00:00
[2026-03-18T15:49:41.764+0000] {processor.py:183} INFO - Processing /opt/airflow/dags/ETL_pipeline.py took 0.556 seconds
[2026-03-18T15:50:12.086+0000] {processor.py:161} INFO - Started process (PID=1991) to work on /opt/airflow/dags/ETL_pipeline.py
[2026-03-18T15:50:12.096+0000] {processor.py:830} INFO - Processing file /opt/airflow/dags/ETL_pipeline.py for tasks to queue
[2026-03-18T15:50:12.102+0000] {logging_mixin.py:188} INFO - [2026-03-18T15:50:12.100+0000] {dagbag.py:538} INFO - Filling up the DagBag from /opt/airflow/dags/ETL_pipeline.py
[2026-03-18T15:50:12.400+0000] {processor.py:840} INFO - DAG(s) 'pipeline_ETL' retrieved from /opt/airflow/dags/ETL_pipeline.py
[2026-03-18T15:50:12.659+0000] {logging_mixin.py:188} INFO - [2026-03-18T15:50:12.658+0000] {dag.py:3036} INFO - Sync 1 DAGs
[2026-03-18T15:50:12.739+0000] {logging_mixin.py:188} INFO - [2026-03-18T15:50:12.738+0000] {dag.py:3823} INFO - Setting next_dagrun for pipeline_ETL to 2026-03-17 23:00:00+00:00, run_after=2026-03-18 23:00:00+00:00
[2026-03-18T15:50:12.812+0000] {processor.py:183} INFO - Processing /opt/airflow/dags/ETL_pipeline.py took 0.772 seconds
[2026-03-18T15:50:43.813+0000] {processor.py:161} INFO - Started process (PID=1996) to work on /opt/airflow/dags/ETL_pipeline.py
[2026-03-18T15:50:43.844+0000] {processor.py:830} INFO - Processing file /opt/airflow/dags/ETL_pipeline.py for tasks to queue
[2026-03-18T15:50:43.856+0000] {logging_mixin.py:188} INFO - [2026-03-18T15:50:43.851+0000] {dagbag.py:538} INFO - Filling up the DagBag from /opt/airflow/dags/ETL_pipeline.py
[2026-03-18T15:50:44.096+0000] {processor.py:840} INFO - DAG(s) 'pipeline_ETL' retrieved from /opt/airflow/dags/ETL_pipeline.py
[2026-03-18T15:50:44.407+0000] {logging_mixin.py:188} INFO - [2026-03-18T15:50:44.406+0000] {dag.py:3036} INFO - Sync 1 DAGs
[2026-03-18T15:50:44.568+0000] {logging_mixin.py:188} INFO - [2026-03-18T15:50:44.567+0000] {dag.py:3823} INFO - Setting next_dagrun for pipeline_ETL to 2026-03-17 23:00:00+00:00, run_after=2026-03-18 23:00:00+00:00
[2026-03-18T15:50:44.746+0000] {processor.py:183} INFO - Processing /opt/airflow/dags/ETL_pipeline.py took 1.030 seconds
[2026-03-18T15:51:15.786+0000] {processor.py:161} INFO - Started process (PID=2014) to work on /opt/airflow/dags/ETL_pipeline.py
[2026-03-18T15:51:15.791+0000] {processor.py:830} INFO - Processing file /opt/airflow/dags/ETL_pipeline.py for tasks to queue
[2026-03-18T15:51:15.796+0000] {logging_mixin.py:188} INFO - [2026-03-18T15:51:15.794+0000] {dagbag.py:538} INFO - Filling up the DagBag from /opt/airflow/dags/ETL_pipeline.py
[2026-03-18T15:51:15.953+0000] {processor.py:840} INFO - DAG(s) 'pipeline_ETL' retrieved from /opt/airflow/dags/ETL_pipeline.py
[2026-03-18T15:51:16.165+0000] {logging_mixin.py:188} INFO - [2026-03-18T15:51:16.164+0000] {dag.py:3036} INFO - Sync 1 DAGs
[2026-03-18T15:51:16.295+0000] {logging_mixin.py:188} INFO - [2026-03-18T15:51:16.294+0000] {dag.py:3823} INFO - Setting next_dagrun for pipeline_ETL to 2026-03-17 23:00:00+00:00, run_after=2026-03-18 23:00:00+00:00
[2026-03-18T15:51:16.428+0000] {processor.py:183} INFO - Processing /opt/airflow/dags/ETL_pipeline.py took 0.796 seconds
[2026-03-18T15:51:47.175+0000] {processor.py:161} INFO - Started process (PID=2019) to work on /opt/airflow/dags/ETL_pipeline.py
[2026-03-18T15:51:47.183+0000] {processor.py:830} INFO - Processing file /opt/airflow/dags/ETL_pipeline.py for tasks to queue
[2026-03-18T15:51:47.188+0000] {logging_mixin.py:188} INFO - [2026-03-18T15:51:47.186+0000] {dagbag.py:538} INFO - Filling up the DagBag from /opt/airflow/dags/ETL_pipeline.py
[2026-03-18T15:51:47.349+0000] {processor.py:840} INFO - DAG(s) 'pipeline_ETL' retrieved from /opt/airflow/dags/ETL_pipeline.py
[2026-03-18T15:51:47.485+0000] {logging_mixin.py:188} INFO - [2026-03-18T15:51:47.484+0000] {dag.py:3036} INFO - Sync 1 DAGs
[2026-03-18T15:51:47.606+0000] {logging_mixin.py:188} INFO - [2026-03-18T15:51:47.605+0000] {dag.py:3823} INFO - Setting next_dagrun for pipeline_ETL to 2026-03-17 23:00:00+00:00, run_after=2026-03-18 23:00:00+00:00
[2026-03-18T15:51:47.722+0000] {processor.py:183} INFO - Processing /opt/airflow/dags/ETL_pipeline.py took 0.563 seconds
[2026-03-18T15:52:19.227+0000] {processor.py:161} INFO - Started process (PID=2024) to work on /opt/airflow/dags/ETL_pipeline.py
[2026-03-18T15:52:19.254+0000] {processor.py:830} INFO - Processing file /opt/airflow/dags/ETL_pipeline.py for tasks to queue
[2026-03-18T15:52:19.285+0000] {logging_mixin.py:188} INFO - [2026-03-18T15:52:19.278+0000] {dagbag.py:538} INFO - Filling up the DagBag from /opt/airflow/dags/ETL_pipeline.py
[2026-03-18T15:52:19.643+0000] {processor.py:840} INFO - DAG(s) 'pipeline_ETL' retrieved from /opt/airflow/dags/ETL_pipeline.py
[2026-03-18T15:52:20.030+0000] {logging_mixin.py:188} INFO - [2026-03-18T15:52:20.017+0000] {dag.py:3036} INFO - Sync 1 DAGs
[2026-03-18T15:52:20.438+0000] {logging_mixin.py:188} INFO - [2026-03-18T15:52:20.436+0000] {dag.py:3823} INFO - Setting next_dagrun for pipeline_ETL to 2026-03-17 23:00:00+00:00, run_after=2026-03-18 23:00:00+00:00
[2026-03-18T15:52:20.657+0000] {processor.py:183} INFO - Processing /opt/airflow/dags/ETL_pipeline.py took 1.550 seconds
[2026-03-18T15:52:50.970+0000] {processor.py:161} INFO - Started process (PID=2029) to work on /opt/airflow/dags/ETL_pipeline.py
[2026-03-18T15:52:50.977+0000] {processor.py:830} INFO - Processing file /opt/airflow/dags/ETL_pipeline.py for tasks to queue
[2026-03-18T15:52:50.982+0000] {logging_mixin.py:188} INFO - [2026-03-18T15:52:50.980+0000] {dagbag.py:538} INFO - Filling up the DagBag from /opt/airflow/dags/ETL_pipeline.py
[2026-03-18T15:52:51.161+0000] {processor.py:840} INFO - DAG(s) 'pipeline_ETL' retrieved from /opt/airflow/dags/ETL_pipeline.py
[2026-03-18T15:52:51.321+0000] {logging_mixin.py:188} INFO - [2026-03-18T15:52:51.320+0000] {dag.py:3036} INFO - Sync 1 DAGs
[2026-03-18T15:52:51.636+0000] {logging_mixin.py:188} INFO - [2026-03-18T15:52:51.635+0000] {dag.py:3823} INFO - Setting next_dagrun for pipeline_ETL to 2026-03-17 23:00:00+00:00, run_after=2026-03-18 23:00:00+00:00
[2026-03-18T15:52:51.857+0000] {processor.py:183} INFO - Processing /opt/airflow/dags/ETL_pipeline.py took 0.932 seconds
[2026-03-18T15:53:22.948+0000] {processor.py:161} INFO - Started process (PID=2036) to work on /opt/airflow/dags/ETL_pipeline.py
[2026-03-18T15:53:22.957+0000] {processor.py:830} INFO - Processing file /opt/airflow/dags/ETL_pipeline.py for tasks to queue
[2026-03-18T15:53:22.972+0000] {logging_mixin.py:188} INFO - [2026-03-18T15:53:22.970+0000] {dagbag.py:538} INFO - Filling up the DagBag from /opt/airflow/dags/ETL_pipeline.py
[2026-03-18T15:53:23.206+0000] {processor.py:840} INFO - DAG(s) 'pipeline_ETL' retrieved from /opt/airflow/dags/ETL_pipeline.py
[2026-03-18T15:53:23.468+0000] {logging_mixin.py:188} INFO - [2026-03-18T15:53:23.467+0000] {dag.py:3036} INFO - Sync 1 DAGs
[2026-03-18T15:53:23.630+0000] {logging_mixin.py:188} INFO - [2026-03-18T15:53:23.628+0000] {dag.py:3823} INFO - Setting next_dagrun for pipeline_ETL to 2026-03-17 23:00:00+00:00, run_after=2026-03-18 23:00:00+00:00
[2026-03-18T15:53:23.783+0000] {processor.py:183} INFO - Processing /opt/airflow/dags/ETL_pipeline.py took 0.879 seconds
